model,split,observation_iteration,puzzle_index,cell_index,final_loss,first_crossing_lead,current_margin,recent_margin_slope,current_margin_risk,ordered_history_risk,residual_pca_risk
collapsed_plain,final,128,8,0,1,844,75.01515197753906,0.23999500274658203,-75.01515197753906,0.6900776401948295,0.790628165490999
collapsed_plain,final,128,8,2,0,-1,123.88772583007812,0.7893009185791016,-123.88772583007812,0.2497643512182099,0.2745923900981198
collapsed_plain,final,128,8,3,0,-1,127.48274230957031,0.6642513275146484,-127.48274230957031,0.29092276604931055,0.28105135004668536
collapsed_plain,final,128,8,5,0,-1,87.60416412353516,0.37390995025634766,-87.60416412353516,0.5816910538667202,0.43249472756733276
collapsed_plain,final,128,8,6,0,-1,125.15281677246094,0.6754093170166016,-125.15281677246094,0.29206914046650867,0.07770367981765214
collapsed_plain,final,128,8,7,0,-1,79.32791900634766,0.25287437438964844,-79.32791900634766,0.6696757917760934,0.5098903400811174
collapsed_plain,final,128,8,8,1,895,69.60066986083984,0.2425861358642578,-69.60066986083984,0.7152265197207363,0.7235823642058163
collapsed_plain,final,128,8,9,1,789,48.57568359375,-0.030782222747802734,-48.57568359375,0.9356074724113113,0.9295401952890132
collapsed_plain,final,128,8,12,1,795,62.25069046020508,0.10932397842407227,-62.25069046020508,0.8080562421604852,0.9612467610389892
collapsed_plain,final,128,8,13,0,-1,108.77274322509766,0.6509313583374023,-108.77274322509766,0.37927060601015716,0.38276711705489963
collapsed_plain,final,128,8,15,0,-1,126.7531509399414,0.5752143859863281,-126.7531509399414,0.32433147952438235,0.40110082086416077
collapsed_plain,final,128,8,16,0,-1,147.09548950195312,0.6994895935058594,-147.09548950195312,0.1835899342371603,0.28589454063342684
collapsed_plain,final,128,8,17,1,780,60.65189743041992,0.17699527740478516,-60.65189743041992,0.7846373163148951,0.6575228821694613
collapsed_plain,final,128,8,18,0,-1,99.45018005371094,0.5119228363037109,-99.45018005371094,0.47030555491305115,0.395091355090733
collapsed_plain,final,128,8,22,1,823,54.99857711791992,0.058452606201171875,-54.99857711791992,0.8524548963124436,0.647445214334723
collapsed_plain,final,128,8,23,0,-1,134.81997680664062,0.7905368804931641,-134.81997680664062,0.19770980488479212,0.25163319677058915
collapsed_plain,final,128,8,25,0,-1,117.0362548828125,0.8084049224853516,-117.0362548828125,0.2746904855278176,0.416285638835329
collapsed_plain,final,128,8,26,1,757,72.86390686035156,0.1867818832397461,-72.86390686035156,0.7263919942178254,0.8071446018211587
collapsed_plain,final,128,8,27,0,-1,74.74269104003906,0.213836669921875,-74.74269104003906,0.7060864966862597,0.4958550772338421
collapsed_plain,final,128,8,28,0,-1,72.79374694824219,0.23905181884765625,-72.79374694824219,0.705323425743347,0.6954623507514441
collapsed_plain,final,128,8,30,0,-1,112.01725006103516,0.4986410140991211,-112.01725006103516,0.4219415293120661,0.1713115117309662
collapsed_plain,final,128,8,31,1,768,64.5139389038086,0.1538386344909668,-64.5139389038086,0.7718230570127549,0.9507395767979119
collapsed_plain,final,128,8,33,0,-1,122.67300415039062,0.7059822082519531,-122.67300415039062,0.286066995489063,0.3321580128778008
collapsed_plain,final,128,8,35,0,-1,171.9563751220703,0.9929523468017578,-171.9563751220703,-0.054483115521130165,-0.02272592548159258
collapsed_plain,final,128,8,36,0,-1,124.78601837158203,0.7183904647827148,-124.78601837158203,0.2805400338377867,0.4796844381504587
collapsed_plain,final,128,8,38,0,-1,162.03668212890625,0.8701114654541016,-162.03668212890625,0.04928811205855266,0.17471582663004337
collapsed_plain,final,128,8,39,0,-1,82.59754943847656,0.14087486267089844,-82.59754943847656,0.6993904227552717,0.5590591688654172
collapsed_plain,final,128,8,41,1,800,85.56083679199219,0.31472110748291016,-85.56083679199219,0.6115439884734615,0.7638019317343976
collapsed_plain,final,128,8,42,1,776,72.18359375,0.2269439697265625,-72.18359375,0.7078831845876206,0.521596497899703
collapsed_plain,final,128,8,43,1,761,69.7918472290039,0.21024227142333984,-69.7918472290039,0.7256767459187252,0.7455821386451866
collapsed_plain,final,128,8,44,0,-1,80.33734130859375,0.2737283706665039,-80.33734130859375,0.6381297950676355,0.791924325848073
collapsed_plain,final,128,8,45,0,-1,82.6886978149414,0.31621646881103516,-82.6886978149414,0.6242975574912711,0.6499804613540276
collapsed_plain,final,128,8,46,1,706,70.74895477294922,0.09479904174804688,-70.74895477294922,0.7753686127588676,0.9792717286098858
collapsed_plain,final,128,8,47,0,-1,111.55522155761719,0.5588207244873047,-111.55522155761719,0.3981102024393432,0.363408048737318
collapsed_plain,final,128,8,49,0,-1,75.06132507324219,0.3733339309692383,-75.06132507324219,0.6392543988702553,0.4510941384596755
collapsed_plain,final,128,8,50,0,-1,114.57156372070312,0.6545448303222656,-114.57156372070312,0.3479307054644492,0.46895755363303915
collapsed_plain,final,128,8,52,0,-1,97.78154754638672,0.4972848892211914,-97.78154754638672,0.48297120519862907,0.2919365869972568
collapsed_plain,final,128,8,53,1,850,54.25636291503906,0.026874065399169922,-54.25636291503906,0.8676551655339979,0.6399012110270413
collapsed_plain,final,128,8,54,0,-1,80.51731872558594,0.2266559600830078,-80.51731872558594,0.6755493089154028,0.524546945680016
collapsed_plain,final,128,8,55,0,-1,156.61703491210938,0.9341697692871094,-156.61703491210938,0.041287703418842026,0.09167336073831628
collapsed_plain,final,128,8,57,0,-1,114.16232299804688,0.7122087478637695,-114.16232299804688,0.32662351229337205,0.3544018861882666
collapsed_plain,final,128,8,58,0,-1,145.29931640625,0.8355674743652344,-145.29931640625,0.139544788361591,0.14128161596965438
collapsed_plain,final,128,8,60,0,-1,75.59608459472656,0.22298145294189453,-75.59608459472656,0.6966737198402196,0.7255235267538902
collapsed_plain,final,128,8,62,0,-1,120.48420715332031,0.6926517486572266,-120.48420715332031,0.301250510837649,0.15471769189922535
collapsed_plain,final,128,8,63,0,-1,122.78809356689453,0.6992559432983398,-122.78809356689453,0.2888605039847414,0.24017936620706748
collapsed_plain,final,128,8,64,0,-1,105.26693725585938,0.38757896423339844,-105.26693725585938,0.4967476905306323,0.44952827046154786
collapsed_plain,final,128,8,65,1,896,88.14131164550781,0.22412586212158203,-88.14131164550781,0.6359839084759369,0.8818253047200586
collapsed_plain,final,128,8,66,1,804,62.498348236083984,0.1266331672668457,-62.498348236083984,0.797495036166835,0.9151441091960911
collapsed_plain,final,128,8,71,0,-1,123.57733917236328,0.8320655822753906,-123.57733917236328,0.2368634420824658,0.41425207750857884
collapsed_plain,final,128,8,72,0,-1,148.52899169921875,0.7689399719238281,-148.52899169921875,0.14719076825275235,0.25526173664436935
collapsed_plain,final,128,8,76,0,-1,94.75628662109375,0.4038848876953125,-94.75628662109375,0.5395592353502975,0.26355018455906815
collapsed_plain,final,128,8,77,1,592,68.02494812011719,0.07448387145996094,-68.02494812011719,0.791521468189717,1.00563180676096
collapsed_plain,final,128,8,78,0,-1,80.39663696289062,0.17488384246826172,-80.39663696289062,0.6859327109345621,0.458751664427083
collapsed_plain,final,128,8,79,1,779,61.96742248535156,0.1976795196533203,-61.96742248535156,0.7640428640578701,0.717366437860258
collapsed_plain,final,128,8,80,0,-1,150.89340209960938,0.8780193328857422,-150.89340209960938,0.09926219528152325,0.12044241763368196
collapsed_plain,final,128,9,0,0,-1,144.52352905273438,0.8673038482666016,-144.52352905273438,0.12282434803050857,0.09461559713831547
collapsed_plain,final,128,9,1,0,-1,85.36112976074219,0.38227272033691406,-85.36112976074219,0.5907302842841644,0.38444263448555815
collapsed_plain,final,128,9,2,0,-1,100.48342895507812,0.3216896057128906,-100.48342895507812,0.5491740428666798,0.44919891323285943
collapsed_plain,final,128,9,5,0,-1,89.66812896728516,0.3911571502685547,-89.66812896728516,0.5599261660912063,0.5229533906176038
collapsed_plain,final,128,9,8,0,-1,93.34001159667969,0.3829183578491211,-93.34001159667969,0.5557306883895236,0.7148747451712305
collapsed_plain,final,128,9,10,1,517,79.81151580810547,0.2238941192626953,-79.81151580810547,0.6775046319356591,0.8500867162556345
collapsed_plain,final,128,9,12,0,637,78.17687225341797,0.2512664794921875,-78.17687225341797,0.6694418490553095,0.5609923591677873
collapsed_plain,final,128,9,13,0,-1,113.0147705078125,0.44759654998779297,-113.0147705078125,0.4504233271129204,0.337994671399663
collapsed_plain,final,128,9,14,0,-1,131.4929962158203,0.5474319458007812,-131.4929962158203,0.31017203122849896,0.4146142468694981
collapsed_plain,final,128,9,15,0,-1,75.0743408203125,0.2194366455078125,-75.0743408203125,0.7217165290016089,0.7821552509825384
collapsed_plain,final,128,9,17,0,-1,146.87661743164062,0.72894287109375,-146.87661743164062,0.18919632534732866,0.2633422750056878
collapsed_plain,final,128,9,18,1,749,53.53134536743164,0.13168764114379883,-53.53134536743164,0.8294576084057662,0.7975519977964027
collapsed_plain,final,128,9,19,0,-1,120.28606414794922,0.7028789520263672,-120.28606414794922,0.3016918167870539,0.0970112074558695
collapsed_plain,final,128,9,21,0,-1,67.5315170288086,0.131256103515625,-67.5315170288086,0.7675717170623155,0.5995392552826858
collapsed_plain,final,128,9,23,1,708,78.45116424560547,0.2753744125366211,-78.45116424560547,0.6572853363673931,0.87605824275055
collapsed_plain,final,128,9,24,0,-1,90.48091125488281,0.2955598831176758,-90.48091125488281,0.6032527281123019,0.6565825493457638
collapsed_plain,final,128,9,26,0,-1,120.21653747558594,0.6789102554321289,-120.21653747558594,0.3099696922987525,0.4177637556919747
collapsed_plain,final,128,9,27,1,749,93.2550277709961,0.334625244140625,-93.2550277709961,0.5714310967069335,0.7442283765373312
collapsed_plain,final,128,9,28,1,664,59.06452178955078,0.25391721725463867,-59.06452178955078,0.7510952965703439,0.7641806102141413
collapsed_plain,final,128,9,29,0,-1,143.25469970703125,0.8575363159179688,-143.25469970703125,0.13973406686990147,0.17553534084829409
collapsed_plain,final,128,9,30,0,-1,97.12194061279297,0.5037879943847656,-97.12194061279297,0.48552701168307427,0.28689792375545786
collapsed_plain,final,128,9,32,0,-1,127.25825500488281,0.7344045639038086,-127.25825500488281,0.2515940073538363,0.439769341928005
collapsed_plain,final,128,9,33,0,-1,79.13829040527344,0.10139083862304688,-79.13829040527344,0.7369202672279914,0.589989250776716
collapsed_plain,final,128,9,36,1,718,83.97039031982422,0.41111087799072266,-83.97039031982422,0.5796768677248237,0.6591255822454525
collapsed_plain,final,128,9,37,1,803,93.91461944580078,0.19545459747314453,-93.91461944580078,0.6448649179812695,0.5267086938137867
collapsed_plain,final,128,9,38,0,-1,113.24028778076172,0.6600399017333984,-113.24028778076172,0.3565940189787038,0.29939171342836834
collapsed_plain,final,128,9,39,0,-1,133.12123107910156,0.7135391235351562,-133.12123107910156,0.2406688760785295,0.31917156912978195
collapsed_plain,final,128,9,42,0,-1,129.29489135742188,0.7962112426757812,-129.29489135742188,0.22279330322343538,0.41240556017697394
collapsed_plain,final,128,9,43,0,-1,167.7948760986328,0.9406661987304688,-167.7948760986328,-0.0032710671160670612,0.09807407573254928
collapsed_plain,final,128,9,44,1,660,72.72325897216797,0.18988037109375,-72.72325897216797,0.7225172101306794,0.8035230225730836
collapsed_plain,final,128,9,45,0,-1,110.3755874633789,0.6242856979370117,-110.3755874633789,0.3986305076596519,0.3549164497761522
collapsed_plain,final,128,9,47,0,-1,81.06792449951172,0.3919944763183594,-81.06792449951172,0.6023943899181243,0.4086464983571553
collapsed_plain,final,128,9,48,0,-1,100.8012924194336,0.48979854583740234,-100.8012924194336,0.47140450390113786,0.5104405656075497
collapsed_plain,final,128,9,49,0,-1,64.26126861572266,0.23903274536132812,-64.26126861572266,0.7345035407218499,0.7496105354103372
collapsed_plain,final,128,9,50,0,-1,74.8975830078125,0.10234451293945312,-74.8975830078125,0.7463234165330839,0.5914379914389911
collapsed_plain,final,128,9,51,0,-1,106.5395736694336,0.5505104064941406,-106.5395736694336,0.42490106284305396,0.1888095221567152
collapsed_plain,final,128,9,52,1,708,87.22468566894531,0.2638092041015625,-87.22468566894531,0.6309856379831413,0.8464608414113386
collapsed_plain,final,128,9,54,0,-1,85.66616821289062,0.37764644622802734,-85.66616821289062,0.590431045640545,0.47749346461925646
collapsed_plain,final,128,9,56,0,-1,76.10574340820312,0.38199901580810547,-76.10574340820312,0.6300470251360617,0.6185643095766201
collapsed_plain,final,128,9,57,0,-1,89.90519714355469,0.3581523895263672,-89.90519714355469,0.5778915216173905,0.5769282257553098
collapsed_plain,final,128,9,58,1,822,96.39539337158203,0.2769355773925781,-96.39539337158203,0.5832149074987866,0.42040475506378217
collapsed_plain,final,128,9,59,0,-1,123.13390350341797,0.6897573471069336,-123.13390350341797,0.28729749212457534,0.0817377382374258
collapsed_plain,final,128,9,64,1,508,93.84811401367188,0.42500877380371094,-93.84811401367188,0.5345205306719932,0.7449625653092985
collapsed_plain,final,128,9,65,1,882,86.16605377197266,0.2840089797973633,-86.16605377197266,0.6318605237037328,0.8495801943330907
collapsed_plain,final,128,9,66,0,-1,130.34034729003906,0.8093042373657227,-130.34034729003906,0.20722910840296332,0.3134149480829125
collapsed_plain,final,128,9,67,0,-1,159.80349731445312,1.0231361389160156,-159.80349731445312,-0.012288503677955531,0.15425278860521563
collapsed_plain,final,128,9,69,0,-1,88.93154907226562,0.27135372161865234,-88.93154907226562,0.6201098907838145,0.44242197233054176
collapsed_plain,final,128,9,70,1,805,67.44175720214844,0.17945003509521484,-67.44175720214844,0.7562201067085096,0.7972659373450993
collapsed_plain,final,128,9,71,0,-1,125.54345703125,0.7392158508300781,-125.54345703125,0.26600679993092113,0.3549579188269506
collapsed_plain,final,128,9,72,0,-1,106.24840545654297,0.47367095947265625,-106.24840545654297,0.46026108334286614,0.2654944175212279
collapsed_plain,final,128,9,73,0,-1,133.04747009277344,0.7061557769775391,-133.04747009277344,0.24485322214112587,0.31061661412908925
collapsed_plain,final,128,9,75,1,644,62.71654510498047,0.009293079376220703,-62.71654510498047,0.844016724919014,0.9591072466185615
collapsed_plain,final,128,9,78,0,-1,132.25445556640625,0.6869802474975586,-132.25445556640625,0.2629028959378463,0.2599945528975155
collapsed_plain,final,128,9,79,0,-1,77.97821807861328,0.2710752487182617,-77.97821807861328,0.668396570692438,0.7404993991348041
collapsed_plain,final,128,10,1,0,-1,120.79757690429688,0.6287174224853516,-120.79757690429688,0.32644704520200357,0.33110337249142024
collapsed_plain,final,128,10,2,0,-1,97.20297241210938,0.36597251892089844,-97.20297241210938,0.5391528673859832,0.535416390414382
collapsed_plain,final,128,10,3,0,-1,80.56207275390625,0.30380821228027344,-80.56207275390625,0.6438986313644159,0.6620755155347706
collapsed_plain,final,128,10,4,0,-1,137.076904296875,0.7956409454345703,-137.076904296875,0.19554171115819097,0.05100954391675483
collapsed_plain,final,128,10,6,0,-1,151.7159423828125,0.82025146484375,-151.7159423828125,0.11340543599152886,0.1198170916122907
collapsed_plain,final,128,10,7,0,-1,165.85897827148438,0.9941654205322266,-165.85897827148438,-0.023115182196546957,0.10699461838955948
collapsed_plain,final,128,10,8,0,-1,102.7813949584961,0.3815746307373047,-102.7813949584961,0.5113944057538671,0.44583006635707856
collapsed_plain,final,128,10,10,0,-1,94.8525390625,0.40581512451171875,-94.8525390625,0.532548995420512,0.2915106940847454
collapsed_plain,final,128,10,11,0,-1,124.8551025390625,0.5707254409790039,-124.8551025390625,0.3414923307020658,0.2692937983196943
collapsed_plain,final,128,10,12,0,-1,154.82522583007812,0.9907722473144531,-154.82522583007812,0.035058207128591146,0.15531928965777653
collapsed_plain,final,128,10,13,0,-1,87.69673156738281,0.18833637237548828,-87.69673156738281,0.653329421599628,0.5825383833043278
collapsed_plain,final,128,10,16,0,-1,75.99817657470703,0.21187496185302734,-75.99817657470703,0.7104191744554845,0.7920095565347914
collapsed_plain,final,128,10,17,0,-1,88.02487182617188,0.41979122161865234,-88.02487182617188,0.5472971743028008,0.7641522585792924
collapsed_plain,final,128,10,18,0,-1,43.839942932128906,0.0597991943359375,-43.839942932128906,0.9028014129626523,0.8318204079002249
collapsed_plain,final,128,10,20,0,-1,68.9705581665039,0.12793636322021484,-68.9705581665039,0.7641975145275463,0.5913604229200442
collapsed_plain,final,128,10,21,0,-1,125.23945617675781,0.7561912536621094,-125.23945617675781,0.2553398767218352,0.30090556221337406
collapsed_plain,final,128,10,22,0,-1,80.93016052246094,0.3719911575317383,-80.93016052246094,0.6161676409857118,0.8656558981512983
collapsed_plain,final,128,10,27,0,-1,122.90554809570312,0.6827058792114258,-122.90554809570312,0.2992103857718612,0.0687929260776372
collapsed_plain,final,128,10,28,0,-1,92.77992248535156,0.3726482391357422,-92.77992248535156,0.5601806026914222,0.445510890849691
collapsed_plain,final,128,10,29,1,739,62.71788024902344,0.1966705322265625,-62.71788024902344,0.7639512670047256,0.8538319099511984
collapsed_plain,final,128,10,30,0,-1,72.49764251708984,0.25513458251953125,-72.49764251708984,0.6987996660834437,0.6635848842793682
collapsed_plain,final,128,10,33,0,-1,152.82040405273438,0.9117774963378906,-152.82040405273438,0.06767703274658787,0.11908841585299201
collapsed_plain,final,128,10,34,0,-1,87.43777465820312,0.3657951354980469,-87.43777465820312,0.5880892712547791,0.4488778679420541
collapsed_plain,final,128,10,36,0,-1,74.12201690673828,0.20849227905273438,-74.12201690673828,0.7042366163181044,0.7860751825658678
collapsed_plain,final,128,10,40,0,-1,113.09828186035156,0.7502765655517578,-113.09828186035156,0.3186120646804328,0.4783793822556682
collapsed_plain,final,128,10,41,0,-1,101.84982299804688,0.2263174057006836,-101.84982299804688,0.5831972000305241,0.5338774750904483
collapsed_plain,final,128,10,42,0,-1,70.94132232666016,0.11872196197509766,-70.94132232666016,0.760960466687191,0.9673728065430086
collapsed_plain,final,128,10,43,0,-1,131.97349548339844,0.6048851013183594,-131.97349548339844,0.2881607474190957,0.32270757333874167
collapsed_plain,final,128,10,44,0,-1,62.856964111328125,0.13799619674682617,-62.856964111328125,0.7762021461012866,0.8450158903346221
collapsed_plain,final,128,10,45,0,-1,111.43365478515625,0.7578964233398438,-111.43365478515625,0.31955000309233433,0.3983347312945075
collapsed_plain,final,128,10,46,0,-1,74.83851623535156,0.2433013916015625,-74.83851623535156,0.6896215717856119,0.736089476186265
collapsed_plain,final,128,10,47,0,-1,138.23541259765625,0.8138675689697266,-138.23541259765625,0.1742190963756689,0.16306882142841073
collapsed_plain,final,128,10,48,1,558,50.54680633544922,0.05119609832763672,-50.54680633544922,0.8809145750369564,0.9778895207785312
collapsed_plain,final,128,10,49,0,-1,93.59387969970703,0.3930797576904297,-93.59387969970703,0.5508417550802772,0.28765708683864377
collapsed_plain,final,128,10,50,0,-1,129.3625946044922,0.5759744644165039,-129.3625946044922,0.3060140898015894,0.361485487208093
collapsed_plain,final,128,10,51,0,-1,68.59051513671875,0.10660076141357422,-68.59051513671875,0.7721012697730157,0.5907546765903419
collapsed_plain,final,128,10,52,0,-1,79.29308319091797,0.26522159576416016,-79.29308319091797,0.6614690224550511,0.7594616879848262
collapsed_plain,final,128,10,53,0,-1,120.68663024902344,0.5590858459472656,-120.68663024902344,0.341620745008512,0.25548813541992016
collapsed_plain,final,128,10,54,0,-1,90.19345092773438,0.3328380584716797,-90.19345092773438,0.5868304427529296,0.42290405296485545
collapsed_plain,final,128,10,55,0,-1,84.23957824707031,0.2956876754760742,-84.23957824707031,0.6265024953967655,0.6874251842746428
collapsed_plain,final,128,10,57,0,-1,93.92601776123047,0.3245859146118164,-93.92601776123047,0.5663263793523489,0.45117546075724924
collapsed_plain,final,128,10,58,0,-1,158.2411346435547,0.9862346649169922,-158.2411346435547,0.017296103107561023,0.11029986471487085
collapsed_plain,final,128,10,59,0,-1,115.96455383300781,0.6948709487915039,-115.96455383300781,0.3236594851349564,0.15440412599825293
collapsed_plain,final,128,10,61,0,-1,104.65728759765625,0.48972415924072266,-104.65728759765625,0.45561546294861643,0.7070078455687119
collapsed_plain,final,128,10,63,0,-1,134.0182342529297,0.4874839782714844,-134.0182342529297,0.33757849195466605,0.45768899932939544
collapsed_plain,final,128,10,65,0,-1,66.82675170898438,0.14995288848876953,-66.82675170898438,0.7550339380557194,0.8771748031483148
collapsed_plain,final,128,10,66,0,-1,130.8000030517578,0.8415737152099609,-130.8000030517578,0.19637113906376424,0.31742860412942053
collapsed_plain,final,128,10,67,0,-1,88.53414916992188,0.45221710205078125,-88.53414916992188,0.5444270517200762,0.6497504962104296
collapsed_plain,final,128,10,68,0,-1,92.24512481689453,0.3501749038696289,-92.24512481689453,0.5679536111350512,0.7658811516004502
collapsed_plain,final,128,10,69,0,-1,95.68013763427734,0.4415712356567383,-95.68013763427734,0.5120937658809593,0.31661932104326324
collapsed_plain,final,128,10,72,0,-1,90.75062561035156,0.3326387405395508,-90.75062561035156,0.5818068056886202,0.4430784780781132
collapsed_plain,final,128,10,74,0,-1,145.2938232421875,0.7014846801757812,-145.2938232421875,0.1881361816920819,0.24548533889656343
collapsed_plain,final,128,10,76,0,-1,66.04727172851562,0.27382326126098633,-66.04727172851562,0.7186990451021058,0.7763972639212186
collapsed_plain,final,128,10,78,0,-1,139.62103271484375,0.7318954467773438,-139.62103271484375,0.20410641409906216,0.35957785975737316
collapsed_plain,final,128,10,79,0,-1,128.9796905517578,0.6615228652954102,-128.9796905517578,0.2862699131373425,0.14112961090925513
collapsed_plain,final,128,11,0,0,-1,144.815185546875,0.7334136962890625,-144.815185546875,0.17871769963092532,0.20957982213360477
collapsed_plain,final,128,11,2,1,788,72.95301055908203,0.2721214294433594,-72.95301055908203,0.6898445810205219,0.7862884737409369
collapsed_plain,final,128,11,3,0,-1,110.48393249511719,0.6710357666015625,-110.48393249511719,0.3567057731655423,0.304672216349652
collapsed_plain,final,128,11,4,0,-1,143.5067138671875,0.7900371551513672,-143.5067138671875,0.1657961668146774,0.15337554078493254
collapsed_plain,final,128,11,5,0,-1,75.08519744873047,0.2735319137573242,-75.08519744873047,0.6794793723451057,0.5351248147298009
collapsed_plain,final,128,11,7,1,400,54.94190979003906,0.02559947967529297,-54.94190979003906,0.8597451904790228,1.0223334932710935
collapsed_plain,final,128,11,8,0,-1,119.54916381835938,0.6259708404541016,-119.54916381835938,0.33835705143084294,0.22405491238841185
collapsed_plain,final,128,11,9,0,-1,69.91861724853516,0.26413536071777344,-69.91861724853516,0.7067076104479918,0.5644372038968848
collapsed_plain,final,128,11,10,0,-1,115.7330551147461,0.6199197769165039,-115.7330551147461,0.35508969516072764,0.260937736265913
collapsed_plain,final,128,11,12,0,-1,47.538963317871094,-0.09830236434936523,-47.538963317871094,0.9594293694787386,0.9087577291717891
collapsed_plain,final,128,11,13,0,-1,78.67313385009766,0.3601188659667969,-78.67313385009766,0.6337673500805301,0.7517924294921715
collapsed_plain,final,128,11,14,0,-1,84.8776626586914,0.1666250228881836,-84.8776626586914,0.6638786485332194,0.5485627234333998
collapsed_plain,final,128,11,15,0,-1,116.74940490722656,0.617640495300293,-116.74940490722656,0.34460648840205294,0.45484763244967924
collapsed_plain,final,128,11,17,0,-1,133.5570068359375,0.6439418792724609,-133.5570068359375,0.27094671962880157,0.4136206801865769
collapsed_plain,final,128,11,20,0,-1,103.01976013183594,0.5641241073608398,-103.01976013183594,0.43567442421482433,0.4022506813349488
collapsed_plain,final,128,11,21,0,-1,118.57377624511719,0.5016202926635742,-118.57377624511719,0.3867478480157601,0.37290076333857824
collapsed_plain,final,128,11,23,1,554,43.88127517700195,-0.07698392868041992,-43.88127517700195,0.9573669901833501,1.1139557130867421
collapsed_plain,final,128,11,24,0,-1,63.2488899230957,0.16125965118408203,-63.2488899230957,0.7727175532941603,0.928989064159927
collapsed_plain,final,128,11,26,0,-1,70.67523956298828,0.3648567199707031,-70.67523956298828,0.6605646389875343,0.5059875858275783
collapsed_plain,final,128,11,27,0,-1,67.24956512451172,0.19183063507080078,-67.24956512451172,0.7471526158023668,0.7185987837864561
collapsed_plain,final,128,11,29,0,-1,129.01243591308594,0.728795051574707,-129.01243591308594,0.2498914362181931,0.36342991437724903
collapsed_plain,final,128,11,31,0,-1,66.64822387695312,0.18615341186523438,-66.64822387695312,0.7567181718054963,0.6449484012523665
collapsed_plain,final,128,11,33,0,-1,72.24039459228516,0.02762603759765625,-72.24039459228516,0.7976699594327342,0.5740552822534767
collapsed_plain,final,128,11,34,0,-1,74.1025390625,0.3311738967895508,-74.1025390625,0.6567906292593122,0.767391338695536
collapsed_plain,final,128,11,35,0,-1,144.07858276367188,0.69683837890625,-144.07858276367188,0.19816734361450028,0.19896156669635168
collapsed_plain,final,128,11,36,0,-1,96.25684356689453,0.21723556518554688,-96.25684356689453,0.6071111832039617,0.5202556978239311
collapsed_plain,final,128,11,37,0,-1,149.32644653320312,0.63818359375,-149.32644653320312,0.22618129174088697,0.3893044094809589
collapsed_plain,final,128,11,39,1,718,52.542537689208984,-0.06044292449951172,-52.542537689208984,0.9169886431592406,1.0395971479111092
collapsed_plain,final,128,11,40,0,-1,86.09437561035156,0.2458209991455078,-86.09437561035156,0.6440388874656763,0.6975564773392011
collapsed_plain,final,128,11,41,0,-1,114.63069915771484,0.6893749237060547,-114.63069915771484,0.3310822285326707,0.4349565131055225
collapsed_plain,final,128,11,42,0,-1,111.21125030517578,0.57080078125,-111.21125030517578,0.39745136396397074,0.2788846072394975
collapsed_plain,final,128,11,43,0,-1,61.91697692871094,0.18297863006591797,-61.91697692871094,0.773389775021807,0.6032058795399069
collapsed_plain,final,128,11,46,0,-1,65.00524139404297,0.09554290771484375,-65.00524139404297,0.7953723061515923,1.0308138066549737
collapsed_plain,final,128,11,49,0,-1,67.21437072753906,0.2701873779296875,-67.21437072753906,0.7088493277268495,0.709682362579973
collapsed_plain,final,128,11,51,0,-1,128.63162231445312,0.6500749588012695,-128.63162231445312,0.28280580364021224,0.27857462588436477
collapsed_plain,final,128,11,53,0,-1,84.52357482910156,0.2500791549682617,-84.52357482910156,0.6466421425938774,0.7007274728737272
collapsed_plain,final,128,11,54,0,-1,120.6023178100586,0.7297124862670898,-120.6023178100586,0.29199709696135556,0.23557910343225674
collapsed_plain,final,128,11,55,0,-1,102.9364242553711,0.5980081558227539,-102.9364242553711,0.4248046020421348,0.41435747174868937
collapsed_plain,final,128,11,56,0,-1,96.59292602539062,0.25443363189697266,-96.59292602539062,0.5923040601831292,0.5017526385437405
collapsed_plain,final,128,11,57,0,-1,66.41973114013672,0.18615150451660156,-66.41973114013672,0.755505819994517,0.6420605527900101
collapsed_plain,final,128,11,58,0,-1,159.97103881835938,0.9199905395507812,-159.97103881835938,0.036299886746271603,0.09862391857761604
collapsed_plain,final,128,11,59,0,-1,74.94507598876953,0.21896934509277344,-74.94507598876953,0.7056148188177673,0.7131759965779392
collapsed_plain,final,128,11,60,0,-1,85.37506866455078,0.2473583221435547,-85.37506866455078,0.6463881813764227,0.6348764268457678
collapsed_plain,final,128,11,63,0,-1,65.26945495605469,0.21083545684814453,-65.26945495605469,0.7505483953785266,0.797915308200401
collapsed_plain,final,128,11,64,0,-1,72.64445495605469,0.23688793182373047,-72.64445495605469,0.706972703376772,0.5308730614226361
collapsed_plain,final,128,11,65,0,-1,120.91708374023438,0.6656970977783203,-120.91708374023438,0.3190788507122563,0.3244228915240821
collapsed_plain,final,128,11,66,0,-1,156.48887634277344,0.9103794097900391,-156.48887634277344,0.059030510332853114,0.2038227153136229
collapsed_plain,final,128,11,68,0,-1,87.6319580078125,0.3698873519897461,-87.6319580078125,0.5857496317295505,0.8373890652202377
collapsed_plain,final,128,11,69,0,-1,158.14923095703125,0.74176025390625,-158.14923095703125,0.12292438728825966,0.23686684583092632
collapsed_plain,final,128,11,70,0,-1,69.7099609375,0.10295867919921875,-69.7099609375,0.7737103086236413,0.8297160424379272
collapsed_plain,final,128,11,72,1,714,41.94415283203125,-0.031697750091552734,-41.94415283203125,0.9512632031377798,0.9529380545418853
collapsed_plain,final,128,11,74,0,-1,64.11067199707031,0.21280908584594727,-64.11067199707031,0.7550250916676157,0.7598653460240828
collapsed_plain,final,128,11,76,0,-1,125.49423217773438,0.8093900680541992,-125.49423217773438,0.23622404570756783,0.4647072936461492
collapsed_plain,final,128,11,77,0,-1,116.74048614501953,0.5969257354736328,-116.74048614501953,0.36570132107965814,0.22711199840965324
collapsed_plain,final,128,11,78,0,-1,69.3553466796875,0.1364898681640625,-69.3553466796875,0.7666481879491541,0.5503051172631308
collapsed_plain,final,128,11,80,0,-1,103.5985107421875,0.235137939453125,-103.5985107421875,0.5658242758068754,0.4271018833905469
collapsed_plain,final,128,20,0,0,-1,157.5262908935547,0.7847690582275391,-157.5262908935547,0.10440857968562017,0.09362079127495665
collapsed_plain,final,128,20,2,0,-1,76.75548553466797,0.3331594467163086,-76.75548553466797,0.6489691259750167,0.4757058221662324
collapsed_plain,final,128,20,3,0,-1,80.61409759521484,0.2917766571044922,-80.61409759521484,0.6444939304537677,0.782848942970653
collapsed_plain,final,128,20,4,0,-1,84.8855972290039,0.28781604766845703,-84.8855972290039,0.6303352542035373,0.4177992066270878
collapsed_plain,final,128,20,7,1,542,50.326847076416016,0.06091022491455078,-50.326847076416016,0.8726013914891115,1.0421552520645483
collapsed_plain,final,128,20,8,0,-1,139.049072265625,0.8229446411132812,-139.049072265625,0.16021147418238246,0.2877336198716933
collapsed_plain,final,128,20,10,0,-1,76.86040496826172,0.09195232391357422,-76.86040496826172,0.7464505847459821,0.6095417948537752
collapsed_plain,final,128,20,11,0,-1,128.90476989746094,0.8137521743774414,-128.90476989746094,0.21857289631555354,0.39039811089834353
collapsed_plain,final,128,20,12,0,-1,112.93685913085938,0.4623680114746094,-112.93685913085938,0.4428530066823821,0.2530887148588742
collapsed_plain,final,128,20,13,0,-1,129.68955993652344,0.6089200973510742,-129.68955993652344,0.3022923749551182,0.349533612109088
collapsed_plain,final,128,20,14,1,506,54.583065032958984,0.02633523941040039,-54.583065032958984,0.828039397160634,0.982376728913856
collapsed_plain,final,128,20,15,0,-1,63.095272064208984,0.15621519088745117,-63.095272064208984,0.7740446102347267,0.638934908936277
collapsed_plain,final,128,20,16,0,649,65.47879028320312,0.17913818359375,-65.47879028320312,0.7433841949536026,0.8513234993706787
collapsed_plain,final,128,20,18,0,-1,114.50275421142578,0.5228404998779297,-114.50275421142578,0.4075575693415773,0.1672664738859524
collapsed_plain,final,128,20,19,1,491,77.54475402832031,0.13797283172607422,-77.54475402832031,0.7292775251005944,0.8337653007394636
collapsed_plain,final,128,20,21,0,-1,75.69397735595703,0.3111238479614258,-75.69397735595703,0.659093845940891,0.4670129657437898
collapsed_plain,final,128,20,22,0,-1,109.8302993774414,0.764012336730957,-109.8302993774414,0.3179230861765489,0.4154753518427704
collapsed_plain,final,128,20,24,1,662,48.651710510253906,0.15868425369262695,-48.651710510253906,0.8361850847524622,0.8942107112647472
collapsed_plain,final,128,20,25,0,-1,59.782413482666016,0.1094818115234375,-59.782413482666016,0.8072600002708107,0.6199244024287612
collapsed_plain,final,128,20,28,1,483,66.78812408447266,0.18513107299804688,-66.78812408447266,0.7489920203036775,0.8032917571513754
collapsed_plain,final,128,20,29,0,-1,149.6392364501953,0.8261947631835938,-149.6392364501953,0.12194022077112165,0.2630896302045761
collapsed_plain,final,128,20,30,0,-1,159.35621643066406,0.87957763671875,-159.35621643066406,0.05130803581165577,0.17223575623196963
collapsed_plain,final,128,20,31,1,500,69.36563110351562,0.1853790283203125,-69.36563110351562,0.7393539944487092,0.8358814856970962
collapsed_plain,final,128,20,32,0,-1,84.77627563476562,0.35637474060058594,-84.77627563476562,0.6001837565078904,0.46575079489870164
collapsed_plain,final,128,20,33,0,-1,95.6928939819336,0.5102291107177734,-95.6928939819336,0.4818293815816279,0.7133638664037592
collapsed_plain,final,128,20,34,0,-1,106.74515533447266,0.6251764297485352,-106.74515533447266,0.3853658948411113,0.19203272088025203
collapsed_plain,final,128,20,35,0,-1,91.25892639160156,0.18914127349853516,-91.25892639160156,0.6358827231675046,0.5743796017409377
collapsed_plain,final,128,20,36,0,-1,67.44236755371094,0.1663990020751953,-67.44236755371094,0.7574914352561186,0.6143547600385433
collapsed_plain,final,128,20,38,1,512,68.51114654541016,0.11968135833740234,-68.51114654541016,0.7695072826165484,0.8869977937481797
collapsed_plain,final,128,20,39,0,-1,83.6723403930664,0.15831279754638672,-83.6723403930664,0.6953642215206972,0.5272318219151858
collapsed_plain,final,128,20,42,0,-1,139.68594360351562,0.9246063232421875,-139.68594360351562,0.11717453294629071,0.22812738300250834
collapsed_plain,final,128,20,43,0,-1,169.51966857910156,1.1181278228759766,-169.51966857910156,-0.09562981550275484,0.019135791425199944
collapsed_plain,final,128,20,45,0,-1,67.26136779785156,0.1607990264892578,-67.26136779785156,0.7568557515573091,0.5418769532497176
collapsed_plain,final,128,20,47,0,-1,125.8844223022461,0.6003541946411133,-125.8844223022461,0.32088582476983774,0.4150694566228191
collapsed_plain,final,128,20,48,1,558,52.68525314331055,0.11537408828735352,-52.68525314331055,0.8443357943206798,0.8025510461115277
collapsed_plain,final,128,20,50,0,-1,122.82522583007812,0.7219886779785156,-122.82522583007812,0.2793106686774623,0.3619737720173318
collapsed_plain,final,128,20,51,0,-1,139.9892578125,0.6147575378417969,-139.9892578125,0.2440355373042677,0.19532135445430276
collapsed_plain,final,128,20,54,0,-1,135.14666748046875,0.7153911590576172,-135.14666748046875,0.22700080936055228,0.1695654395816687
collapsed_plain,final,128,20,55,0,-1,81.05643463134766,0.3413505554199219,-81.05643463134766,0.6294445059737763,0.4271684050057003
collapsed_plain,final,128,20,56,0,-1,91.36369323730469,0.23344993591308594,-91.36369323730469,0.6237504509891627,0.49067055298557555
collapsed_plain,final,128,20,58,0,-1,153.10052490234375,0.8153152465820312,-153.10052490234375,0.1092507281952293,0.15005035344704898
collapsed_plain,final,128,20,59,0,-1,116.33605194091797,0.6628170013427734,-116.33605194091797,0.3414096087091273,0.1844299362812356
collapsed_plain,final,128,20,60,0,627,79.53618621826172,0.32193851470947266,-79.53618621826172,0.6367166131408151,0.6229715980027318
collapsed_plain,final,128,20,61,0,-1,89.21397399902344,0.3704872131347656,-89.21397399902344,0.5762063247629023,0.5902959313403275
collapsed_plain,final,128,20,62,1,762,75.96644592285156,0.28502845764160156,-75.96644592285156,0.6691219052925209,0.8549728645920571
collapsed_plain,final,128,20,64,0,-1,116.12525177001953,0.7700815200805664,-116.12525177001953,0.2926931407690016,0.37108600659643654
collapsed_plain,final,128,20,65,1,550,66.37445831298828,0.1477499008178711,-66.37445831298828,0.7781687316193113,0.8221305272653677
collapsed_plain,final,128,20,66,1,501,64.43729400634766,0.19840288162231445,-64.43729400634766,0.751268912725714,0.891036558241029
collapsed_plain,final,128,20,68,0,-1,58.7068977355957,0.013443946838378906,-58.7068977355957,0.8548133058509384,0.7070860085475237
collapsed_plain,final,128,20,70,0,-1,155.16664123535156,0.8418140411376953,-155.16664123535156,0.09313710152514015,0.26950887360101217
collapsed_plain,final,128,20,71,0,-1,148.46983337402344,0.7748088836669922,-148.46983337402344,0.15966404672110895,0.27691999353976887
collapsed_plain,final,128,20,74,0,-1,108.5018310546875,0.5130987167358398,-108.5018310546875,0.43545068324535136,0.256035590850868
collapsed_plain,final,128,20,75,0,-1,120.95391845703125,0.6865205764770508,-120.95391845703125,0.3039378380967715,0.27781032026384533
collapsed_plain,final,128,20,76,1,545,52.191532135009766,0.13019466400146484,-52.191532135009766,0.8375361029812473,0.873117717279277
collapsed_plain,final,128,20,77,1,846,69.3535385131836,0.20263671875,-69.3535385131836,0.7339787620949283,0.9531801374227344
collapsed_plain,final,128,20,80,0,-1,79.81510925292969,0.3201284408569336,-79.81510925292969,0.6381303794309023,0.41601730329595854
collapsed_plain,final,128,21,0,0,-1,96.17489624023438,0.4144001007080078,-96.17489624023438,0.5257373674354463,0.2952538291125735
collapsed_plain,final,128,21,1,0,-1,130.3151397705078,0.8013343811035156,-130.3151397705078,0.21941810300144815,0.26055840651748413
collapsed_plain,final,128,21,3,1,599,64.47630310058594,0.1875314712524414,-64.47630310058594,0.7621567927227286,0.7361077988356802
collapsed_plain,final,128,21,6,0,-1,157.7712860107422,0.9195880889892578,-157.7712860107422,0.05110784204384522,0.031097037502831992
collapsed_plain,final,128,21,7,0,-1,114.55485534667969,0.794651985168457,-114.55485534667969,0.28874492329407875,0.40287748769781145
collapsed_plain,final,128,21,8,0,805,76.08853149414062,0.3259754180908203,-76.08853149414062,0.6543801814064161,0.82207088056334
collapsed_plain,final,128,21,9,1,768,72.03111267089844,0.2568693161010742,-72.03111267089844,0.6988287770675108,0.503908074498274
collapsed_plain,final,128,21,10,0,-1,107.19453430175781,0.5857906341552734,-107.19453430175781,0.4157865395364442,0.6381772117548346
collapsed_plain,final,128,21,11,1,790,74.3576431274414,0.08920574188232422,-74.3576431274414,0.7614613199474858,0.9822181929115963
collapsed_plain,final,128,21,12,0,-1,147.5984649658203,0.7265682220458984,-147.5984649658203,0.18271658325994966,0.31900729097546315
collapsed_plain,final,128,21,13,1,367,58.13788986206055,0.08347129821777344,-58.13788986206055,0.8353880361136531,0.9608220402290346
collapsed_plain,final,128,21,14,0,-1,148.44882202148438,0.8910026550292969,-148.44882202148438,0.10779042138663308,0.26984296157002163
collapsed_plain,final,128,21,15,0,-1,109.45439147949219,0.6198692321777344,-109.45439147949219,0.3893092065601574,0.2827823138702491
collapsed_plain,final,128,21,16,0,762,72.19986724853516,0.14015865325927734,-72.19986724853516,0.7448243233191076,0.6256709210713463
collapsed_plain,final,128,21,17,1,581,72.07337951660156,0.2782135009765625,-72.07337951660156,0.6920614111103054,0.7628569610159016
collapsed_plain,final,128,21,19,1,567,48.80839920043945,0.1490950584411621,-48.80839920043945,0.8441134046433494,0.8538736243843565
collapsed_plain,final,128,21,21,0,-1,89.95027923583984,0.4376382827758789,-89.95027923583984,0.5496238455894495,0.3067583223472014
collapsed_plain,final,128,21,22,1,467,62.3068962097168,0.11236286163330078,-62.3068962097168,0.8047484520926476,1.0183000412210867
collapsed_plain,final,128,21,23,0,-1,114.9312515258789,0.7516212463378906,-114.9312515258789,0.31118386907460294,0.42629286062060745
collapsed_plain,final,128,21,24,1,659,76.93721008300781,0.22432518005371094,-76.93721008300781,0.6866038436354781,0.7279574566802143
collapsed_plain,final,128,21,31,0,-1,141.3412628173828,0.7308311462402344,-141.3412628173828,0.1979307996420765,0.2900166935527838
collapsed_plain,final,128,21,32,0,-1,163.75991821289062,0.9052639007568359,-163.75991821289062,0.02925616858851343,0.05300542479052389
collapsed_plain,final,128,21,34,0,-1,112.60735321044922,0.5137929916381836,-112.60735321044922,0.4161409890494051,0.1698630613588027
collapsed_plain,final,128,21,35,1,707,75.74259948730469,0.2036571502685547,-75.74259948730469,0.7039211915365762,0.5619098444213891
collapsed_plain,final,128,21,36,1,399,57.97063064575195,0.06262683868408203,-57.97063064575195,0.8450612954613783,0.9721635772772949
collapsed_plain,final,128,21,38,1,704,68.09153747558594,0.23432254791259766,-68.09153747558594,0.7311965215234357,0.6630697305938021
collapsed_plain,final,128,21,40,1,617,63.60585403442383,-0.000701904296875,-63.60585403442383,0.8380600788548093,0.922914331518444
collapsed_plain,final,128,21,41,0,-1,89.01048278808594,0.32713985443115234,-89.01048278808594,0.5946680004697534,0.7193390784430207
collapsed_plain,final,128,21,42,1,881,111.49847412109375,0.2317943572998047,-111.49847412109375,0.5598531345121334,0.4827147056629343
collapsed_plain,final,128,21,43,0,-1,124.33064270019531,0.6374053955078125,-124.33064270019531,0.3234847096785734,0.35249438658220655
collapsed_plain,final,128,21,45,0,-1,109.76004028320312,0.6786069869995117,-109.76004028320312,0.3587677687157001,0.34427941064548273
collapsed_plain,final,128,21,47,0,-1,122.03851318359375,0.7123641967773438,-122.03851318359375,0.28350027677074197,0.4548975168886095
collapsed_plain,final,128,21,48,0,-1,87.13505554199219,0.06398296356201172,-87.13505554199219,0.7074262774890887,0.537415090269912
collapsed_plain,final,128,21,49,0,-1,75.40225219726562,0.23199462890625,-75.40225219726562,0.6996580243650377,0.5068949180996454
collapsed_plain,final,128,21,51,1,335,34.086448669433594,-0.15940380096435547,-34.086448669433594,1.0203941836913701,1.0396888242229572
collapsed_plain,final,128,21,53,1,369,56.08460998535156,-0.03879261016845703,-56.08460998535156,0.8846006185670988,0.9441432920963041
collapsed_plain,final,128,21,54,1,802,80.01081848144531,0.28839778900146484,-80.01081848144531,0.6481213531640434,0.6424531338627634
collapsed_plain,final,128,21,58,0,-1,130.4609375,0.6106977462768555,-130.4609375,0.3037915407382384,0.30117328469234955
collapsed_plain,final,128,21,59,0,-1,81.84981536865234,0.0984640121459961,-81.84981536865234,0.7230907837010854,0.6261875817926132
collapsed_plain,final,128,21,60,1,859,77.49434661865234,0.16217899322509766,-77.49434661865234,0.7168932144953567,0.5776088828642669
collapsed_plain,final,128,21,61,0,-1,160.6512451171875,0.9075164794921875,-160.6512451171875,0.03516799172117879,0.12707860817984235
collapsed_plain,final,128,21,62,0,-1,127.09039306640625,0.6345901489257812,-127.09039306640625,0.3064473387746428,0.3434570904571397
collapsed_plain,final,128,21,65,0,-1,136.42579650878906,0.8929595947265625,-136.42579650878906,0.15107620771621827,0.26935917015365635
collapsed_plain,final,128,21,66,1,760,68.735107421875,0.23865413665771484,-68.735107421875,0.727224552567498,0.5629403988333247
collapsed_plain,final,128,21,67,0,-1,115.49991607666016,0.6612815856933594,-115.49991607666016,0.3441056676273833,0.27975811947001283
collapsed_plain,final,128,21,68,1,326,78.85733795166016,0.2320852279663086,-78.85733795166016,0.6841206364893022,0.863107291894483
collapsed_plain,final,128,21,69,1,324,62.549896240234375,-0.09022378921508789,-62.549896240234375,0.8849588978697618,0.9704781480139988
collapsed_plain,final,128,21,70,0,338,62.95829391479492,-0.0538487434387207,-62.95829391479492,0.8721351060108609,1.0353757760928772
collapsed_plain,final,128,21,72,1,452,48.91557312011719,0.02957916259765625,-48.91557312011719,0.8918299242289064,0.9435028542168256
collapsed_plain,final,128,21,73,0,-1,69.58306121826172,0.3786029815673828,-69.58306121826172,0.6564203775795983,0.3947810567787394
collapsed_plain,final,128,21,74,0,-1,139.6512451171875,0.6309623718261719,-139.6512451171875,0.22678742923012468,0.19392644164509099
collapsed_plain,final,128,21,75,0,-1,106.59857940673828,0.6076478958129883,-106.59857940673828,0.4040359756367474,0.31561869298367784
collapsed_plain,final,128,21,76,1,774,118.84794616699219,0.7054910659790039,-118.84794616699219,0.3076567193642473,0.4342121509929831
collapsed_plain,final,128,21,78,1,677,62.29444122314453,0.0957040786743164,-62.29444122314453,0.8079349471801313,0.6145923462349736
collapsed_plain,final,128,21,79,1,319,41.417259216308594,-0.18195056915283203,-41.417259216308594,0.9739666170587299,1.1236999685960944
collapsed_plain,final,128,22,0,0,-1,128.53216552734375,0.6720399856567383,-128.53216552734375,0.27997695196228645,0.08899822170760086
collapsed_plain,final,128,22,1,1,856,81.0327377319336,0.2377910614013672,-81.0327377319336,0.6628679874785878,0.7643790979313683
collapsed_plain,final,128,22,2,0,-1,145.97509765625,0.7281074523925781,-145.97509765625,0.17128946895244157,0.24622034845695745
collapsed_plain,final,128,22,3,0,-1,62.62622833251953,0.13054466247558594,-62.62622833251953,0.7893494336829994,0.7646391269142222
collapsed_plain,final,128,22,4,0,-1,158.8107147216797,0.8062286376953125,-158.8107147216797,0.08824335972081737,0.09919617671558578
collapsed_plain,final,128,22,5,0,-1,69.5201187133789,0.25106143951416016,-69.5201187133789,0.7131437854916551,0.5541118360516762
collapsed_plain,final,128,22,6,0,-1,86.33605194091797,0.2480754852294922,-86.33605194091797,0.6377517119082377,0.4917123666329373
collapsed_plain,final,128,22,9,0,-1,100.4424819946289,0.37103271484375,-100.4424819946289,0.5342051634637245,0.4127858600081183
collapsed_plain,final,128,22,10,0,811,81.00005340576172,0.21311569213867188,-81.00005340576172,0.6895643712100747,0.9343324314683731
collapsed_plain,final,128,22,12,0,-1,106.51829528808594,0.4703521728515625,-106.51829528808594,0.45186083342449757,0.5681013133116778
collapsed_plain,final,128,22,13,1,868,82.92757415771484,0.19221019744873047,-82.92757415771484,0.6627251317590568,0.7453924774941241
collapsed_plain,final,128,22,15,0,-1,147.58450317382812,0.7918853759765625,-147.58450317382812,0.14564102682293256,0.23280427935422887
collapsed_plain,final,128,22,16,1,811,68.49836730957031,0.2111034393310547,-68.49836730957031,0.7323709291569583,0.8319752191585503
collapsed_plain,final,128,22,17,0,-1,157.36558532714844,0.7739448547363281,-157.36558532714844,0.11208905975235223,0.1916763236983402
collapsed_plain,final,128,22,18,0,-1,45.408817291259766,0.10906362533569336,-45.408817291259766,0.8744205009332637,0.8496080786594247
collapsed_plain,final,128,22,19,0,-1,157.84869384765625,0.8255195617675781,-157.84869384765625,0.08240949998271402,0.14756190334308666
collapsed_plain,final,128,22,20,0,-1,124.85302734375,0.7833976745605469,-124.85302734375,0.24289797503922295,0.3870824109406456
collapsed_plain,final,128,22,21,0,-1,102.77168273925781,0.4475688934326172,-102.77168273925781,0.48333838385830197,0.4529338470359674
collapsed_plain,final,128,22,22,0,-1,59.66360092163086,0.0644521713256836,-59.66360092163086,0.8281614546088613,0.6304330864054833
collapsed_plain,final,128,22,23,0,-1,87.67078399658203,0.38059329986572266,-87.67078399658203,0.5731382921132249,0.8217632669387631
collapsed_plain,final,128,22,24,0,-1,70.90218353271484,0.27529048919677734,-70.90218353271484,0.6962925268374294,0.5275437104602618
collapsed_plain,final,128,22,26,0,-1,125.09345245361328,0.6634016036987305,-125.09345245361328,0.2991385877559245,0.13486766429498132
collapsed_plain,final,128,22,27,0,-1,70.28607177734375,0.20041370391845703,-70.28607177734375,0.7283951627364718,0.5650433543775207
collapsed_plain,final,128,22,28,1,868,66.00358581542969,0.20705127716064453,-66.00358581542969,0.750548848092417,0.7754403562032317
collapsed_plain,final,128,22,29,1,804,81.26142883300781,0.2644786834716797,-81.26142883300781,0.6529978811643657,0.6459303625452147
collapsed_plain,final,128,22,30,0,-1,103.57437896728516,0.5746564865112305,-103.57437896728516,0.42381042540433006,0.20458725178215953
collapsed_plain,final,128,22,32,0,-1,152.21234130859375,0.8928794860839844,-152.21234130859375,0.07064736647463665,0.08241928139681681
collapsed_plain,final,128,22,33,0,-1,137.79977416992188,0.8860359191894531,-137.79977416992188,0.14493585351106436,0.1655344158811397
collapsed_plain,final,128,22,34,0,-1,69.0484619140625,0.1381244659423828,-69.0484619140625,0.7632591752239681,0.6171185629066289
collapsed_plain,final,128,22,36,0,-1,130.62098693847656,0.7547626495361328,-130.62098693847656,0.24181136742273296,0.4189286949279565
collapsed_plain,final,128,22,37,0,-1,82.19540405273438,0.1305999755859375,-82.19540405273438,0.7023835449184412,0.5970990324232363
collapsed_plain,final,128,22,39,0,-1,63.275081634521484,0.14817476272583008,-63.275081634521484,0.7843863280038694,0.6399758731660893
collapsed_plain,final,128,22,40,1,868,58.63288497924805,0.1546921730041504,-58.63288497924805,0.7981157590771908,0.8201528872321688
collapsed_plain,final,128,22,41,0,-1,148.4752197265625,0.7131671905517578,-148.4752197265625,0.18062723307396622,0.2830031544091925
collapsed_plain,final,128,22,43,1,855,86.0208740234375,0.29369354248046875,-86.0208740234375,0.6157752559330817,0.8297174446938005
collapsed_plain,final,128,22,44,0,-1,95.8543701171875,0.2943840026855469,-95.8543701171875,0.5942341631538005,0.6421144391438034
collapsed_plain,final,128,22,45,0,-1,116.2748794555664,0.5744171142578125,-116.2748794555664,0.36993625510973543,0.37418498839037595
collapsed_plain,final,128,22,46,0,-1,103.60134887695312,0.5311136245727539,-103.60134887695312,0.44983725408820424,0.2830081263528141
collapsed_plain,final,128,22,47,1,861,84.9159164428711,0.25406837463378906,-84.9159164428711,0.6420871498869639,0.8661695446698306
collapsed_plain,final,128,22,50,0,-1,64.52942657470703,0.10050296783447266,-64.52942657470703,0.8020245213053001,0.5568082641123653
collapsed_plain,final,128,22,51,0,-1,165.94500732421875,0.9634971618652344,-165.94500732421875,-0.010607587818029174,0.09563134828992703
collapsed_plain,final,128,22,52,0,-1,89.98973846435547,0.4123878479003906,-89.98973846435547,0.5562463194892314,0.33298545402808594
collapsed_plain,final,128,22,53,0,-1,80.70459747314453,0.3250617980957031,-80.70459747314453,0.6277080724847812,0.698277133504891
collapsed_plain,final,128,22,55,0,-1,89.43226623535156,0.313629150390625,-89.43226623535156,0.59709998123184,0.4322792260514641
collapsed_plain,final,128,22,56,0,-1,129.9520721435547,0.6721878051757812,-129.9520721435547,0.2695372310872213,0.10074289179196488
collapsed_plain,final,128,22,57,1,805,86.20091247558594,0.3318662643432617,-86.20091247558594,0.603156841251275,0.8574812985400138
collapsed_plain,final,128,22,58,0,-1,147.96864318847656,0.8407421112060547,-147.96864318847656,0.12260694236650105,0.16650040626978507
collapsed_plain,final,128,22,59,0,-1,129.12185668945312,0.7716131210327148,-129.12185668945312,0.2330960210881673,0.35242497577931187
collapsed_plain,final,128,22,62,0,-1,96.5111083984375,0.3399076461791992,-96.5111083984375,0.5554378695629145,0.46390817395222544
collapsed_plain,final,128,22,63,0,-1,142.5824432373047,0.6552734375,-142.5824432373047,0.22962907819300915,0.29369874289028625
collapsed_plain,final,128,22,65,1,866,73.05652618408203,0.13714599609375,-73.05652618408203,0.7539750366190956,0.8352948725891102
collapsed_plain,final,128,22,66,0,-1,85.69960021972656,0.20331954956054688,-85.69960021972656,0.6624683063408975,0.5860187608092413
collapsed_plain,final,128,22,67,0,-1,93.4250717163086,0.4613208770751953,-93.4250717163086,0.5256888960118491,0.3763487886746875
collapsed_plain,final,128,22,68,0,-1,86.52216339111328,0.3708982467651367,-86.52216339111328,0.5877574094782843,0.6891450317827983
collapsed_plain,final,128,22,69,1,830,97.53132629394531,0.36791515350341797,-97.53132629394531,0.5415387663182608,0.8015740233805045
collapsed_plain,final,128,22,70,0,-1,122.11680603027344,0.7312450408935547,-122.11680603027344,0.2789801949205802,0.2508219703036212
collapsed_plain,final,128,22,71,0,-1,131.11187744140625,0.8812589645385742,-131.11187744140625,0.17996857542444067,0.4108961368764317
collapsed_plain,final,128,22,74,0,-1,78.6822509765625,0.1840810775756836,-78.6822509765625,0.7011663355239283,0.5377601381332161
collapsed_plain,final,128,22,75,0,-1,147.2422332763672,0.8129711151123047,-147.2422332763672,0.143353357680836,0.23378701081859377
collapsed_plain,final,128,22,76,0,-1,118.12738800048828,0.7143392562866211,-118.12738800048828,0.3111897789464166,0.1678969847643209
collapsed_plain,final,128,22,77,1,854,60.69105911254883,0.1728987693786621,-60.69105911254883,0.7864186888383428,0.8163707139814276
collapsed_plain,final,128,22,78,0,-1,90.75018310546875,0.33837413787841797,-90.75018310546875,0.5836509174860801,0.6527931033617075
collapsed_plain,final,128,22,79,0,-1,157.5868377685547,0.95953369140625,-157.5868377685547,0.030621165669743544,0.07988665523298699
collapsed_plain,final,128,22,80,0,-1,99.16988372802734,0.46694278717041016,-99.16988372802734,0.4897849872323833,0.3165577794033264
collapsed_plain,final,128,23,0,0,-1,118.55555725097656,0.5689477920532227,-118.55555725097656,0.3612112017381688,0.06264586035844416
collapsed_plain,final,128,23,1,0,-1,76.39817810058594,0.26830387115478516,-76.39817810058594,0.6721798296787964,0.8411880516684868
collapsed_plain,final,128,23,5,0,-1,89.97319793701172,0.3999137878417969,-89.97319793701172,0.5618528616956701,0.5500375638299239
collapsed_plain,final,128,23,6,0,-1,87.42436981201172,0.31391429901123047,-87.42436981201172,0.6061402756857441,0.4774273933908318
collapsed_plain,final,128,23,7,0,-1,85.45619201660156,0.3797264099121094,-85.45619201660156,0.592190182013048,0.4416573840628185
collapsed_plain,final,128,23,9,0,-1,142.6074981689453,0.7863330841064453,-142.6074981689453,0.1770247097145191,0.22833277002503521
collapsed_plain,final,128,23,10,0,-1,68.32164001464844,0.19533920288085938,-68.32164001464844,0.751919228543684,0.7945163055700865
collapsed_plain,final,128,23,11,0,-1,90.47199249267578,0.16428279876708984,-90.47199249267578,0.6611585299339853,0.5556232418566082
collapsed_plain,final,128,23,13,0,-1,84.00773620605469,0.4410123825073242,-84.00773620605469,0.5707146464267114,0.3971360974307382
collapsed_plain,final,128,23,15,1,779,75.17589569091797,0.2460460662841797,-75.17589569091797,0.6898850824875378,0.8655364307361398
collapsed_plain,final,128,23,19,0,-1,78.02018737792969,0.2951536178588867,-78.02018737792969,0.6573993517164648,0.46731514056045664
collapsed_plain,final,128,23,21,0,-1,149.56251525878906,0.8582324981689453,-149.56251525878906,0.1107122702033494,0.17189777777953608
collapsed_plain,final,128,23,23,0,-1,81.27534484863281,0.3893280029296875,-81.27534484863281,0.6047433396951264,0.832694649445797
collapsed_plain,final,128,23,24,0,-1,107.89541625976562,0.5510501861572266,-107.89541625976562,0.4186755671193432,0.17259270141101513
collapsed_plain,final,128,23,25,0,-1,122.92865753173828,0.8512439727783203,-122.92865753173828,0.22860962593733802,0.4375941416200055
collapsed_plain,final,128,23,26,0,-1,63.346832275390625,0.14128732681274414,-63.346832275390625,0.7821364431929565,0.7810604600572616
collapsed_plain,final,128,23,28,0,-1,91.76884460449219,0.29065513610839844,-91.76884460449219,0.6000978738545371,0.4820282700145572
collapsed_plain,final,128,23,29,0,-1,144.54710388183594,0.8264751434326172,-144.54710388183594,0.14642797854404088,0.15574680357529164
collapsed_plain,final,128,23,30,0,-1,83.92892456054688,0.34483814239501953,-83.92892456054688,0.6110831316849867,0.7536453770280074
collapsed_plain,final,128,23,31,0,-1,118.70681762695312,0.6459999084472656,-118.70681762695312,0.33767907120586216,0.3521111701810168
collapsed_plain,final,128,23,32,0,-1,74.3996810913086,0.2517356872558594,-74.3996810913086,0.6916399883810092,0.6983760235326678
collapsed_plain,final,128,23,33,0,-1,142.79335021972656,0.9022541046142578,-142.79335021972656,0.11949520430431804,0.1958021991203726
collapsed_plain,final,128,23,35,0,-1,98.7435073852539,0.4565563201904297,-98.7435073852539,0.4977093560875302,0.38978010653299355
collapsed_plain,final,128,23,36,0,-1,129.08262634277344,0.7474727630615234,-129.08262634277344,0.24599288301746697,0.29918832589119454
collapsed_plain,final,128,23,37,0,-1,94.71893310546875,0.42654895782470703,-94.71893310546875,0.517264633814865,0.5545341008957339
collapsed_plain,final,128,23,39,0,-1,77.43499755859375,0.25295066833496094,-77.43499755859375,0.6840471345454056,0.4924100801622172
collapsed_plain,final,128,23,41,0,-1,128.32928466796875,0.6138839721679688,-128.32928466796875,0.30516732002654645,0.387771696305134
collapsed_plain,final,128,23,42,0,-1,73.4441909790039,0.18311405181884766,-73.4441909790039,0.7347244343087014,0.8392385273202542
collapsed_plain,final,128,23,43,0,-1,147.7245330810547,0.8149986267089844,-147.7245330810547,0.15149216257799392,0.19518843182967682
collapsed_plain,final,128,23,45,0,-1,131.37791442871094,0.8175849914550781,-131.37791442871094,0.20475619263680406,0.2601809112690195
collapsed_plain,final,128,23,46,0,-1,107.20514678955078,0.5728054046630859,-107.20514678955078,0.4117677294353872,0.24179903012706222
collapsed_plain,final,128,23,47,0,-1,91.13976287841797,0.4401731491088867,-91.13976287841797,0.5381653450899861,0.35150123698264746
collapsed_plain,final,128,23,49,0,-1,109.0265121459961,0.5163087844848633,-109.0265121459961,0.43429002459252014,0.4155793210524038
collapsed_plain,final,128,23,50,0,-1,79.04898071289062,0.16812896728515625,-79.04898071289062,0.7046142934771678,0.5336166260871422
collapsed_plain,final,128,23,51,0,-1,86.1727066040039,0.2810201644897461,-86.1727066040039,0.6236351698562429,0.6678365467942097
collapsed_plain,final,128,23,52,0,-1,79.6493911743164,0.26997947692871094,-79.6493911743164,0.6616275846744317,0.8658738175710902
collapsed_plain,final,128,23,55,0,-1,128.27334594726562,0.7930116653442383,-128.27334594726562,0.23296188691346836,0.3204610805247736
collapsed_plain,final,128,23,56,0,-1,120.19892883300781,0.6501474380493164,-120.19892883300781,0.32240234604433105,0.13590535871119674
collapsed_plain,final,128,23,57,0,-1,108.8414077758789,0.4118013381958008,-108.8414077758789,0.4679638428814046,0.39436352428259047
collapsed_plain,final,128,23,58,0,-1,150.60079956054688,1.0325698852539062,-150.60079956054688,0.03464696248987953,0.15468376711014398
collapsed_plain,final,128,23,62,0,-1,108.81427764892578,0.5143909454345703,-108.81427764892578,0.42899837410963854,0.4613092338123172
collapsed_plain,final,128,23,63,0,-1,90.8138656616211,0.29048633575439453,-90.8138656616211,0.6091181577863796,0.43469762379408894
collapsed_plain,final,128,23,64,0,-1,138.15296936035156,0.8523616790771484,-138.15296936035156,0.1619817265682718,0.26433245183684195
collapsed_plain,final,128,23,67,0,-1,88.83318328857422,0.34278297424316406,-88.83318328857422,0.5948042492815678,0.8949830415351393
collapsed_plain,final,128,23,68,0,-1,155.4774169921875,0.9240398406982422,-155.4774169921875,0.06015962611176373,0.17360740452629742
collapsed_plain,final,128,23,69,0,-1,128.64707946777344,0.8160457611083984,-128.64707946777344,0.2193933680166567,0.3456994717603883
collapsed_plain,final,128,23,71,0,-1,134.1897735595703,0.7702674865722656,-134.1897735595703,0.21646429215695795,0.2138339288985519
collapsed_plain,final,128,23,73,0,-1,134.64239501953125,0.7336082458496094,-134.64239501953125,0.22947535195739194,0.2755231675960089
collapsed_plain,final,128,23,74,0,-1,82.52217864990234,0.29090404510498047,-82.52217864990234,0.6413043709568155,0.7820493489459002
collapsed_plain,final,128,23,75,0,-1,127.64879608154297,0.6532173156738281,-127.64879608154297,0.2892124789131562,0.13192271108759923
collapsed_plain,final,128,23,76,0,-1,74.7303237915039,0.2701578140258789,-74.7303237915039,0.6865533886760009,0.7519650788928074
collapsed_plain,final,128,23,77,0,-1,127.87696075439453,0.8493747711181641,-127.87696075439453,0.21032321753778005,0.38581975929523493
collapsed_plain,final,128,23,79,0,-1,153.03823852539062,1.0007247924804688,-153.03823852539062,0.0319178058687144,0.109612718409132
collapsed_plain,final,128,23,80,0,-1,99.68616485595703,0.4506244659423828,-99.68616485595703,0.5023637887552238,0.7393102177797701
collapsed_plain,final,128,32,1,0,722,75.27635955810547,0.4043445587158203,-75.27635955810547,0.6257807227212558,0.6827018468406936
collapsed_plain,final,128,32,2,0,-1,119.27290344238281,0.6049213409423828,-119.27290344238281,0.34527075322166756,0.16664192692554697
collapsed_plain,final,128,32,3,1,683,55.7791633605957,0.1261272430419922,-55.7791633605957,0.8228399775315547,0.8954348244942096
collapsed_plain,final,128,32,5,0,-1,103.86161041259766,0.40498924255371094,-103.86161041259766,0.49393773243579425,0.48500032106787383
collapsed_plain,final,128,32,6,0,-1,93.4195785522461,0.35067081451416016,-93.4195785522461,0.5627267267869261,0.45156346531564723
collapsed_plain,final,128,32,7,0,-1,156.5126190185547,0.9099998474121094,-156.5126190185547,0.04751551934797721,0.17188338808919934
collapsed_plain,final,128,32,8,0,-1,161.52938842773438,0.8256053924560547,-161.52938842773438,0.059145575364741576,0.09126457702954366
collapsed_plain,final,128,32,11,0,-1,74.6301040649414,0.28169918060302734,-74.6301040649414,0.6830996452960857,0.752755079371586
collapsed_plain,final,128,32,14,0,-1,117.25952911376953,0.6770181655883789,-117.25952911376953,0.3166313690333883,0.2594762807158829
collapsed_plain,final,128,32,15,0,-1,125.17786407470703,0.6324167251586914,-125.17786407470703,0.2974469511996827,0.3868516741387212
collapsed_plain,final,128,32,17,1,706,50.066314697265625,0.010693073272705078,-50.066314697265625,0.8943366469266096,0.859831998642617
collapsed_plain,final,128,32,18,0,-1,77.40599822998047,0.27841854095458984,-77.40599822998047,0.6626059905848459,0.4677294703095107
collapsed_plain,final,128,32,19,0,-1,138.1210479736328,0.7047824859619141,-138.1210479736328,0.2140345805964206,0.2164689656289821
collapsed_plain,final,128,32,20,0,-1,115.67901611328125,0.6922769546508789,-115.67901611328125,0.3187406971255933,0.42907679308477986
collapsed_plain,final,128,32,22,0,-1,85.41545867919922,0.2923250198364258,-85.41545867919922,0.6253016186379053,0.8313521446769598
collapsed_plain,final,128,32,23,0,-1,64.06434631347656,0.21979236602783203,-64.06434631347656,0.7502642953769001,0.7949984969762888
collapsed_plain,final,128,32,24,0,345,64.03782653808594,0.01463937759399414,-64.03782653808594,0.8215563952068375,0.592932534639389
collapsed_plain,final,128,32,25,1,441,73.58118438720703,0.1693706512451172,-73.58118438720703,0.725578691871738,0.8199734801302864
collapsed_plain,final,128,32,27,1,615,65.80158996582031,0.19849300384521484,-65.80158996582031,0.7517035825517175,0.7345075910170704
collapsed_plain,final,128,32,28,0,-1,128.3810577392578,0.7551307678222656,-128.3810577392578,0.24519983408082624,0.04117915590286059
collapsed_plain,final,128,32,31,1,605,72.47190856933594,0.1963043212890625,-72.47190856933594,0.7237107884123302,0.8146960904639634
collapsed_plain,final,128,32,33,0,-1,132.35035705566406,0.7914772033691406,-132.35035705566406,0.2116808684319838,0.20808397930172118
collapsed_plain,final,128,32,34,0,-1,161.75669860839844,0.9246673583984375,-161.75669860839844,0.014147037112216543,-0.0002846224968100497
collapsed_plain,final,128,32,36,0,-1,108.05685424804688,0.42022132873535156,-108.05685424804688,0.48183198087482226,0.5559756271111252
collapsed_plain,final,128,32,37,1,589,74.76947784423828,0.3025503158569336,-74.76947784423828,0.65154185509772,0.7045910959337566
collapsed_plain,final,128,32,39,1,529,56.324954986572266,0.043607234954833984,-56.324954986572266,0.8503262430988499,0.9431861622788649
collapsed_plain,final,128,32,41,0,-1,124.32608032226562,0.5688419342041016,-124.32608032226562,0.3769594000086584,0.3818754066499823
collapsed_plain,final,128,32,42,0,-1,91.38252258300781,0.3410520553588867,-91.38252258300781,0.5916441309198028,0.7688441207745522
collapsed_plain,final,128,32,43,0,-1,105.65483856201172,0.5338649749755859,-105.65483856201172,0.4448537010707028,0.250401904129549
collapsed_plain,final,128,32,44,0,-1,59.49985122680664,0.12320661544799805,-59.49985122680664,0.7957538984531086,0.6369361870657643
collapsed_plain,final,128,32,45,1,856,67.35958862304688,0.18975543975830078,-67.35958862304688,0.74513917281749,0.5605165581255117
collapsed_plain,final,128,32,46,0,-1,82.34368896484375,0.28772449493408203,-82.34368896484375,0.638937668927268,0.9103692874799851
collapsed_plain,final,128,32,47,0,-1,143.6549072265625,0.7275371551513672,-143.6549072265625,0.1861647782455581,0.24862767693665389
collapsed_plain,final,128,32,48,0,-1,154.2495574951172,0.770263671875,-154.2495574951172,0.12660247755836473,0.23643060832001972
collapsed_plain,final,128,32,49,0,-1,114.35645294189453,0.6140127182006836,-114.35645294189453,0.3651249882447466,0.2732527979894426
collapsed_plain,final,128,32,50,0,-1,110.5943832397461,0.7062530517578125,-110.5943832397461,0.3467994888006586,0.4500234949324965
collapsed_plain,final,128,32,52,0,-1,83.95970916748047,0.3865165710449219,-83.95970916748047,0.5807027928026757,0.35544431777097363
collapsed_plain,final,128,32,53,1,724,76.33086395263672,0.18377113342285156,-76.33086395263672,0.6943863300781605,0.8039303900359336
collapsed_plain,final,128,32,55,0,-1,113.69744873046875,0.7544927597045898,-113.69744873046875,0.3110101364325518,0.41225136657634937
collapsed_plain,final,128,32,58,0,-1,143.55581665039062,0.8677730560302734,-143.55581665039062,0.13391536923943526,0.13797760592524444
collapsed_plain,final,128,32,59,1,449,57.94654846191406,0.08246803283691406,-57.94654846191406,0.8348466665520748,0.9324120830413618
collapsed_plain,final,128,32,60,0,-1,122.18937683105469,0.680171012878418,-122.18937683105469,0.30032191113953544,0.09476632048721595
collapsed_plain,final,128,32,61,0,-1,78.40540313720703,0.38222599029541016,-78.40540313720703,0.6181500993777294,0.685853433689718
collapsed_plain,final,128,32,63,1,665,90.50657653808594,0.4415140151977539,-90.50657653808594,0.5421105119014675,0.6521501410054479
collapsed_plain,final,128,32,65,1,894,88.56856536865234,0.3640871047973633,-88.56856536865234,0.588136079801193,0.6970133841531483
collapsed_plain,final,128,32,66,0,-1,101.60380554199219,0.5813217163085938,-101.60380554199219,0.43579155466103037,0.3613478650177373
collapsed_plain,final,128,32,67,1,748,80.55384826660156,0.18570899963378906,-80.55384826660156,0.6906023868488106,0.5864864444705677
collapsed_plain,final,128,32,68,0,-1,93.2280044555664,0.37047863006591797,-93.2280044555664,0.559882581965228,0.4580790243762611
collapsed_plain,final,128,32,70,0,-1,126.02226257324219,0.7739696502685547,-126.02226257324219,0.24913692036825097,0.5395122212802896
collapsed_plain,final,128,32,71,0,-1,85.13076782226562,0.3027524948120117,-85.13076782226562,0.6228398598012673,0.8861350784169789
collapsed_plain,final,128,32,73,0,-1,98.98486328125,0.5005674362182617,-98.98486328125,0.4778901368478795,0.264821729300959
collapsed_plain,final,128,32,74,1,621,56.41555404663086,0.0576167106628418,-56.41555404663086,0.8548121096869998,1.0132225145790703
collapsed_plain,final,128,32,76,1,763,58.237403869628906,0.1909313201904297,-58.237403869628906,0.7897301440508645,0.7378216325094257
collapsed_plain,final,128,32,77,0,-1,152.0902557373047,0.8752918243408203,-152.0902557373047,0.09041292564305331,0.11372504661401478
collapsed_plain,final,128,32,79,0,-1,60.65324020385742,0.12927818298339844,-60.65324020385742,0.7968034174129475,0.6467752693861033
collapsed_plain,final,128,32,80,0,-1,140.5789794921875,0.8625831604003906,-140.5789794921875,0.1437573031637503,0.173530626322424
collapsed_plain,final,128,33,0,1,682,53.251182556152344,0.13883733749389648,-53.251182556152344,0.8314865880262463,0.7829304463019316
collapsed_plain,final,128,33,1,0,-1,123.0452651977539,0.744481086730957,-123.0452651977539,0.2762395061297701,0.2736231809070341
collapsed_plain,final,128,33,3,0,-1,77.66497039794922,0.1954488754272461,-77.66497039794922,0.6982031411013458,0.5601107964021197
collapsed_plain,final,128,33,5,0,-1,86.65544128417969,0.4586296081542969,-86.65544128417969,0.5423279998219749,0.6839404303338892
collapsed_plain,final,128,33,6,0,-1,112.35104370117188,0.6591978073120117,-112.35104370117188,0.3533656003231834,0.13686269908136478
collapsed_plain,final,128,33,7,0,-1,58.43288040161133,0.21364355087280273,-58.43288040161133,0.7752934102746196,0.6529642805850487
collapsed_plain,final,128,33,8,1,690,81.45586395263672,0.3228626251220703,-81.45586395263672,0.6273337227925302,0.6579259909759648
collapsed_plain,final,128,33,9,0,-1,136.55384826660156,0.7528514862060547,-136.55384826660156,0.20453165342770407,0.23083502288520835
collapsed_plain,final,128,33,11,0,-1,80.89869689941406,0.07250499725341797,-80.89869689941406,0.7527614304989524,0.6034600030436296
collapsed_plain,final,128,33,13,1,702,97.64519500732422,0.3405036926269531,-97.64519500732422,0.5638601047858824,0.7179577644743393
collapsed_plain,final,128,33,14,0,-1,67.36614227294922,0.4308609962463379,-67.36614227294922,0.643539605180034,0.47164718614483897
collapsed_plain,final,128,33,15,0,-1,117.31403350830078,0.6665372848510742,-117.31403350830078,0.33370483990776034,0.5165720525922359
collapsed_plain,final,128,33,16,1,791,55.37046813964844,0.13237810134887695,-55.37046813964844,0.8072324272789266,0.8556090047552005
collapsed_plain,final,128,33,17,0,-1,147.0883026123047,0.6827526092529297,-147.0883026123047,0.22040736528060473,0.3394509896585205
collapsed_plain,final,128,33,20,0,-1,85.5654525756836,0.45795345306396484,-85.5654525756836,0.5579103734731002,0.4037374903683045
collapsed_plain,final,128,33,21,0,-1,121.38741302490234,0.8375635147094727,-121.38741302490234,0.24157846495112528,0.20964414580761803
collapsed_plain,final,128,33,22,1,817,73.93107604980469,0.40033435821533203,-73.93107604980469,0.6295377297768171,0.6767069008996613
collapsed_plain,final,128,33,24,0,-1,63.37016677856445,0.13903474807739258,-63.37016677856445,0.7801697604039823,0.5781499601542202
collapsed_plain,final,128,33,26,1,786,68.62425231933594,0.22231483459472656,-68.62425231933594,0.7296726181645088,0.9164627739055581
collapsed_plain,final,128,33,28,0,-1,117.07299041748047,0.8092565536499023,-117.07299041748047,0.271473075664509,0.4099837879538452
collapsed_plain,final,128,33,29,0,-1,63.39258575439453,0.23591852188110352,-63.39258575439453,0.7459024128283412,0.7260866139146585
collapsed_plain,final,128,33,30,0,-1,79.3111343383789,0.3250722885131836,-79.3111343383789,0.6363822405408184,0.4583836759909523
collapsed_plain,final,128,33,31,0,-1,113.89830017089844,0.635716438293457,-113.89830017089844,0.3566891384375483,0.14494743659826742
collapsed_plain,final,128,33,32,1,481,46.493186950683594,0.05355119705200195,-46.493186950683594,0.8927058097098716,0.9986678442527221
collapsed_plain,final,128,33,34,0,-1,94.67467498779297,0.476287841796875,-94.67467498779297,0.504599211718359,0.7502716208731406
collapsed_plain,final,128,33,35,0,-1,149.9404754638672,0.8539066314697266,-149.9404754638672,0.08981513134568819,0.1727391190273101
collapsed_plain,final,128,33,36,0,-1,118.93083953857422,0.5598154067993164,-118.93083953857422,0.3696381916579866,0.46696035522914653
collapsed_plain,final,128,33,37,0,-1,161.24960327148438,0.966461181640625,-161.24960327148438,0.008052512583038407,0.19742884197531285
collapsed_plain,final,128,33,40,0,-1,106.93891906738281,0.7326955795288086,-106.93891906738281,0.3431832260396751,0.40545845676049885
collapsed_plain,final,128,33,41,0,-1,64.31853485107422,0.06120014190673828,-64.31853485107422,0.8242394565764168,0.6179185452050064
collapsed_plain,final,128,33,42,0,-1,65.20283508300781,0.23650360107421875,-65.20283508300781,0.7221580291911466,0.7751703539775856
collapsed_plain,final,128,33,44,0,-1,80.21591186523438,0.393218994140625,-80.21591186523438,0.6060693476838224,0.4540605099192343
collapsed_plain,final,128,33,45,0,-1,95.18953704833984,0.45125770568847656,-95.18953704833984,0.5158210671968031,0.31427591227509
collapsed_plain,final,128,33,46,0,-1,73.62882232666016,0.4164390563964844,-73.62882232666016,0.6277282466020113,0.4473586241479916
collapsed_plain,final,128,33,49,0,-1,108.00430297851562,0.6601848602294922,-108.00430297851562,0.3748184397679846,0.3492995100963902
collapsed_plain,final,128,33,50,0,-1,50.446807861328125,0.14743757247924805,-50.446807861328125,0.8370365298537467,0.8509936263518972
collapsed_plain,final,128,33,54,0,-1,118.28482055664062,0.7641201019287109,-118.28482055664062,0.2858483260536147,0.2617994562481183
collapsed_plain,final,128,33,55,0,-1,80.00309753417969,0.3743724822998047,-80.00309753417969,0.614008450464599,0.6086487274130254
collapsed_plain,final,128,33,56,0,-1,112.41716003417969,0.6201848983764648,-112.41716003417969,0.3742738943146043,0.15684731678078523
collapsed_plain,final,128,33,57,0,-1,78.2254867553711,0.34682178497314453,-78.2254867553711,0.6326701315672052,0.6234154144604092
collapsed_plain,final,128,33,58,1,861,69.54495239257812,0.247314453125,-69.54495239257812,0.7105335761753866,0.864248190691947
collapsed_plain,final,128,33,59,0,-1,152.83583068847656,0.9547843933105469,-152.83583068847656,0.055152777924545926,0.078145643959593
collapsed_plain,final,128,33,60,0,-1,81.12448120117188,0.42888641357421875,-81.12448120117188,0.5844454368972286,0.39962959463976805
collapsed_plain,final,128,33,61,0,-1,148.90765380859375,0.9487991333007812,-148.90765380859375,0.0762083986501384,0.13138349993354592
collapsed_plain,final,128,33,63,0,-1,67.58256530761719,0.17429637908935547,-67.58256530761719,0.7515148583912263,0.6247386538095262
collapsed_plain,final,128,33,64,1,857,49.790557861328125,0.053566932678222656,-49.790557861328125,0.8821920731580071,0.9212784371929867
collapsed_plain,final,128,33,67,0,-1,87.39920806884766,0.24932003021240234,-87.39920806884766,0.6346544975469027,0.5569845777556659
collapsed_plain,final,128,33,68,0,-1,141.8365020751953,0.8906707763671875,-141.8365020751953,0.13057274997053991,0.2740156896390032
collapsed_plain,final,128,33,69,1,720,82.32551574707031,0.2683391571044922,-82.32551574707031,0.6677174849408665,0.8388509404946685
collapsed_plain,final,128,33,71,0,-1,127.93647003173828,0.7435274124145508,-127.93647003173828,0.25323117255007005,0.27605812836753446
collapsed_plain,final,128,33,72,1,697,61.16950988769531,0.10411596298217773,-61.16950988769531,0.8090357034809612,0.9330884611787124
collapsed_plain,final,128,33,73,0,-1,79.77790832519531,0.3534507751464844,-79.77790832519531,0.6181488189102706,0.4647303562770879
collapsed_plain,final,128,33,74,0,-1,135.19534301757812,0.9301815032958984,-135.19534301757812,0.14045760417407788,0.13328233282147928
collapsed_plain,final,128,33,75,1,816,73.32942199707031,0.26296138763427734,-73.32942199707031,0.6895923550705704,0.7376145889004204
collapsed_plain,final,128,33,77,0,-1,119.40458679199219,0.6704797744750977,-119.40458679199219,0.3254144006363554,0.22460150208391544
collapsed_plain,final,128,33,79,0,-1,111.56922149658203,0.7952356338500977,-111.56922149658203,0.2975329297513441,0.44176864927754506
collapsed_plain,final,128,34,1,0,-1,100.3051986694336,0.41773414611816406,-100.3051986694336,0.5076383002838376,0.4169774823930087
collapsed_plain,final,128,34,2,0,-1,78.6989974975586,0.3866996765136719,-78.6989974975586,0.6176776388577832,0.46738737916338013
collapsed_plain,final,128,34,3,0,-1,113.7684555053711,0.6806497573852539,-113.7684555053711,0.33974402909969004,0.32461432767124915
collapsed_plain,final,128,34,4,1,893,67.87939453125,0.2212381362915039,-67.87939453125,0.7343557924488169,0.867036713038112
collapsed_plain,final,128,34,5,0,-1,155.01031494140625,0.887542724609375,-155.01031494140625,0.07753256836319622,0.10066780094430133
collapsed_plain,final,128,34,6,0,-1,163.38922119140625,1.0622940063476562,-163.38922119140625,-0.03266677999166734,0.029083944935230754
collapsed_plain,final,128,34,8,0,-1,90.90011596679688,0.4228181838989258,-90.90011596679688,0.5466914273643472,0.5803533036969614
collapsed_plain,final,128,34,10,0,-1,131.63052368164062,0.6894817352294922,-131.63052368164062,0.263227736077231,0.32456388506819556
collapsed_plain,final,128,34,11,1,612,73.82127380371094,0.2465229034423828,-73.82127380371094,0.6880351725585567,0.8800119801459455
collapsed_plain,final,128,34,12,0,-1,101.48829650878906,0.43206214904785156,-101.48829650878906,0.5210189708098183,0.30964040317047503
collapsed_plain,final,128,34,13,0,-1,62.92886734008789,0.13196277618408203,-62.92886734008789,0.8134015731942363,0.8308163478574315
collapsed_plain,final,128,34,14,0,-1,75.54318237304688,0.1874256134033203,-75.54318237304688,0.7056058705780728,0.6258059572729723
collapsed_plain,final,128,34,15,0,-1,122.27490234375,0.6410417556762695,-122.27490234375,0.32818687296521515,0.5174827426356916
collapsed_plain,final,128,34,17,1,779,75.87208557128906,0.28705692291259766,-75.87208557128906,0.6691828669117333,0.5337870683495585
collapsed_plain,final,128,34,18,0,-1,58.286170959472656,0.1959376335144043,-58.286170959472656,0.7868666958793558,0.777304588733317
collapsed_plain,final,128,34,20,0,-1,149.70062255859375,0.9123497009277344,-149.70062255859375,0.08682698953138046,0.14659933853402934
collapsed_plain,final,128,34,21,0,-1,65.62679290771484,0.1572589874267578,-65.62679290771484,0.7676988312295414,0.564763289722407
collapsed_plain,final,128,34,22,0,-1,106.86444091796875,0.5883922576904297,-106.86444091796875,0.4071059168376006,0.3956049524458926
collapsed_plain,final,128,34,23,1,620,65.321044921875,0.12005138397216797,-65.321044921875,0.7807414726241431,0.8780110682393923
collapsed_plain,final,128,34,24,0,-1,83.93988800048828,0.2679014205932617,-83.93988800048828,0.6371740466564131,0.53693478958403
collapsed_plain,final,128,34,25,0,-1,112.01756286621094,0.6529607772827148,-112.01756286621094,0.3634499964469564,0.22465229833870148
collapsed_plain,final,128,34,29,0,-1,89.4044189453125,0.3025856018066406,-89.4044189453125,0.6040779289016303,0.4869550442481579
collapsed_plain,final,128,34,30,0,-1,143.34033203125,0.804351806640625,-143.34033203125,0.1570017698398971,0.15142543307568718
collapsed_plain,final,128,34,32,0,-1,81.25255584716797,0.27194690704345703,-81.25255584716797,0.6604086208984725,0.6752018503578349
collapsed_plain,final,128,34,33,0,-1,161.62388610839844,0.8383655548095703,-161.62388610839844,0.06822539913677289,0.07048588190355065
collapsed_plain,final,128,34,34,0,-1,82.05259704589844,0.2556648254394531,-82.05259704589844,0.6549597623535711,0.6631267444480089
collapsed_plain,final,128,34,35,0,-1,112.07077026367188,0.7391176223754883,-112.07077026367188,0.3249519250344043,0.34608677978193203
collapsed_plain,final,128,34,36,0,-1,120.90900421142578,0.5766611099243164,-120.90900421142578,0.3650313024084286,0.4040161584614257
collapsed_plain,final,128,34,37,0,-1,46.59030532836914,-0.04622793197631836,-46.59030532836914,0.941701659941922,0.9318079923053957
collapsed_plain,final,128,34,38,0,-1,120.73512268066406,0.6363306045532227,-120.73512268066406,0.3293478100233342,0.2484384204204974
collapsed_plain,final,128,34,40,0,-1,124.80980682373047,0.4750337600708008,-124.80980682373047,0.37857353164757557,0.39005473377005473
collapsed_plain,final,128,34,42,0,-1,72.3799057006836,0.2264881134033203,-72.3799057006836,0.7303277026344215,0.5326660663530339
collapsed_plain,final,128,34,43,0,-1,66.34889221191406,0.12324714660644531,-66.34889221191406,0.7612555861634882,0.6813702074718644
collapsed_plain,final,128,34,45,0,-1,137.53688049316406,0.6752948760986328,-137.53688049316406,0.2440181044915125,0.2951249303892769
collapsed_plain,final,128,34,46,0,-1,99.5906982421875,0.3000459671020508,-99.5906982421875,0.5556983885831334,0.5943005847462902
collapsed_plain,final,128,34,48,0,-1,78.70795440673828,0.20330429077148438,-78.70795440673828,0.6850528572215436,0.5719326390561632
collapsed_plain,final,128,34,51,0,-1,101.37417602539062,0.5424289703369141,-101.37417602539062,0.4579938117955384,0.2575845794140974
collapsed_plain,final,128,34,52,1,578,49.010765075683594,0.0008072853088378906,-49.010765075683594,0.9079491016911179,1.0087175878183743
collapsed_plain,final,128,34,53,0,-1,55.85690689086914,0.08215141296386719,-55.85690689086914,0.8448756522084424,0.8369166829613885
collapsed_plain,final,128,34,54,1,666,81.42870330810547,0.3238077163696289,-81.42870330810547,0.6294170579088101,0.8068955732784672
collapsed_plain,final,128,34,57,0,-1,172.38864135742188,0.9907913208007812,-172.38864135742188,-0.03810273751399773,0.004962155246689304
collapsed_plain,final,128,34,58,0,-1,102.33735656738281,0.40609073638916016,-102.33735656738281,0.5012305351778702,0.5415064542582134
collapsed_plain,final,128,34,60,0,-1,78.87725830078125,0.3408670425415039,-78.87725830078125,0.6391296487961509,0.5905438231576894
collapsed_plain,final,128,34,61,0,-1,75.54364013671875,0.30101871490478516,-75.54364013671875,0.6716220346632089,0.455559228758208
collapsed_plain,final,128,34,62,0,-1,87.39337158203125,0.37619876861572266,-87.39337158203125,0.5856551534665527,0.4736550923777132
collapsed_plain,final,128,34,65,0,-1,63.69844055175781,0.1191096305847168,-63.69844055175781,0.8020720858769459,0.8540596638749403
collapsed_plain,final,128,34,67,0,-1,93.1669692993164,0.36583518981933594,-93.1669692993164,0.5646284086830698,0.4994678542723625
collapsed_plain,final,128,34,68,0,-1,127.71893310546875,0.743316650390625,-127.71893310546875,0.2521748311931655,0.28337461191870017
collapsed_plain,final,128,34,70,0,-1,122.6668930053711,0.8104410171508789,-122.6668930053711,0.24744475927534038,0.4111187800251256
collapsed_plain,final,128,34,71,0,-1,176.46449279785156,1.1315059661865234,-176.46449279785156,-0.11737171605648788,0.11412860744932485
collapsed_plain,final,128,34,72,0,-1,86.61317443847656,0.32645225524902344,-86.61317443847656,0.6086743141193469,0.4570345220248708
collapsed_plain,final,128,34,73,0,-1,123.26761627197266,0.661128044128418,-123.26761627197266,0.30799672001286793,0.34911473369054324
collapsed_plain,final,128,34,75,0,-1,59.44768524169922,0.13624191284179688,-59.44768524169922,0.8108114357642215,0.7985143685404374
collapsed_plain,final,128,34,77,0,-1,81.45772552490234,0.42134666442871094,-81.45772552490234,0.5932595935782253,0.3917522669927861
collapsed_plain,final,128,34,78,1,692,63.802398681640625,0.11252689361572266,-63.802398681640625,0.7949801691961367,0.9398765827693402
collapsed_plain,final,128,34,79,0,-1,126.21156311035156,0.702855110168457,-126.21156311035156,0.2732483972707784,0.2619977391585007
collapsed_plain,final,128,35,0,0,-1,65.59536743164062,1.3205089569091797,-65.59536743164062,0.29678405953719894,0.4215593516179576
collapsed_plain,final,128,35,2,0,-1,60.980777740478516,0.9808349609375,-60.980777740478516,0.5101041548066078,0.47960987328671173
collapsed_plain,final,128,35,3,0,-1,41.58668899536133,0.6514959335327148,-41.58668899536133,0.6490931511235339,0.5441917985624352
collapsed_plain,final,128,35,4,0,-1,50.170127868652344,1.022021770477295,-50.170127868652344,0.4522730850361697,0.36417338813248323
collapsed_plain,final,128,35,5,0,-1,49.44038391113281,0.8197550773620605,-49.44038391113281,0.5961140022631812,0.7051429794822397
collapsed_plain,final,128,35,6,0,-1,63.250526428222656,1.1604790687561035,-63.250526428222656,0.4031920266107154,0.4827621135424139
collapsed_plain,final,128,35,7,0,-1,64.52159881591797,0.9764261245727539,-64.52159881591797,0.5319866531411795,0.603631818881383
collapsed_plain,final,128,35,10,0,-1,62.153568267822266,1.1742100715637207,-62.153568267822266,0.39542056651785024,0.4935939035512855
collapsed_plain,final,128,35,11,0,-1,50.8097038269043,0.8158674240112305,-50.8097038269043,0.60943275034804,0.6294977250903011
collapsed_plain,final,128,35,12,0,-1,56.176414489746094,0.7272896766662598,-56.176414489746094,0.7371338400827109,0.8132990343472253
collapsed_plain,final,128,35,13,0,-1,73.56158447265625,1.4754438400268555,-73.56158447265625,0.2220227063414888,0.19044569210942003
collapsed_plain,final,128,35,14,0,-1,69.84467315673828,1.4532127380371094,-69.84467315673828,0.23375507403858237,0.3155654405049898
collapsed_plain,final,128,35,15,0,-1,51.43201446533203,0.919501781463623,-51.43201446533203,0.5438746700134276,0.3512526142348675
collapsed_plain,final,128,35,16,0,-1,58.32401657104492,1.0970544815063477,-58.32401657104492,0.438037096143002,0.36153564705954516
collapsed_plain,final,128,35,17,0,-1,57.48622512817383,1.0231971740722656,-57.48622512817383,0.47059256564000657,0.635934079278467
collapsed_plain,final,128,35,18,0,-1,55.13722610473633,1.0819964408874512,-55.13722610473633,0.4073940721452888,0.3481388708237001
collapsed_plain,final,128,35,19,0,-1,52.69083023071289,0.946232795715332,-52.69083023071289,0.5189301820069281,0.3103572794115323
collapsed_plain,final,128,35,21,0,-1,41.23690414428711,0.5895800590515137,-41.23690414428711,0.7456994117953499,0.7410178260771562
collapsed_plain,final,128,35,22,0,-1,53.8380012512207,0.8165264129638672,-53.8380012512207,0.6659306309821273,0.7318140532803181
collapsed_plain,final,128,35,24,0,-1,80.37055206298828,1.7010726928710938,-80.37055206298828,0.08841375036380911,0.10614289112090158
collapsed_plain,final,128,35,26,0,-1,71.73416137695312,1.351219654083252,-71.73416137695312,0.3117189085121749,0.4172660295202772
collapsed_plain,final,128,35,27,0,-1,69.5273208618164,1.238663673400879,-69.5273208618164,0.3613819924756887,0.41934248548228076
collapsed_plain,final,128,35,29,0,-1,80.17153930664062,1.678858757019043,-80.17153930664062,0.1409749393475982,0.09390988291364899
collapsed_plain,final,128,35,31,0,-1,50.37282943725586,0.8299441337585449,-50.37282943725586,0.596807545048785,0.36138564538368423
collapsed_plain,final,128,35,32,0,-1,64.56828308105469,1.0505084991455078,-64.56828308105469,0.49139050760058545,0.5859862982193662
collapsed_plain,final,128,35,34,0,-1,86.43603515625,1.755640983581543,-86.43603515625,0.07035197003080707,0.2790840162250537
collapsed_plain,final,128,35,35,0,-1,57.76504898071289,0.9157576560974121,-57.76504898071289,0.5369097537018748,0.5689675820354853
collapsed_plain,final,128,35,36,0,-1,55.93457794189453,0.9438714981079102,-55.93457794189453,0.5294515527400803,0.4916704495502444
collapsed_plain,final,128,35,37,0,-1,64.1954574584961,0.9598393440246582,-64.1954574584961,0.5278233057812881,0.6206413717009789
collapsed_plain,final,128,35,39,0,-1,75.53958892822266,1.5440783500671387,-75.53958892822266,0.18619308200821827,0.30390307891690327
collapsed_plain,final,128,35,41,0,-1,59.98169708251953,1.2693066596984863,-59.98169708251953,0.3089623613245345,0.3540546214940338
collapsed_plain,final,128,35,42,0,-1,47.5076904296875,0.685269832611084,-47.5076904296875,0.6754058202850883,0.707678399845804
collapsed_plain,final,128,35,44,0,-1,84.52372741699219,1.5857763290405273,-84.52372741699219,0.1885289889551935,0.18066444124540182
collapsed_plain,final,128,35,45,0,-1,47.561824798583984,0.6950035095214844,-47.561824798583984,0.6496601587187978,0.7565153225090155
collapsed_plain,final,128,35,46,0,-1,68.33334350585938,1.382364273071289,-68.33334350585938,0.28526664633384735,0.34526903102241424
collapsed_plain,final,128,35,47,0,-1,59.38475799560547,1.165487289428711,-59.38475799560547,0.39123924182413805,0.2941343511022262
collapsed_plain,final,128,35,48,0,-1,75.66641235351562,1.6299314498901367,-75.66641235351562,0.12697425373903315,0.07052482373193864
collapsed_plain,final,128,35,49,0,-1,43.211055755615234,0.6931281089782715,-43.211055755615234,0.6587568380856391,0.589093272823072
collapsed_plain,final,128,35,52,0,-1,68.17158508300781,1.3297762870788574,-68.17158508300781,0.30929565832573985,0.3838708429998428
collapsed_plain,final,128,35,53,0,-1,51.79800796508789,0.8658599853515625,-51.79800796508789,0.5805927945014915,0.3476403014381185
collapsed_plain,final,128,35,54,0,-1,59.118534088134766,0.7369675636291504,-59.118534088134766,0.6061434403808308,0.42761102839016774
collapsed_plain,final,128,35,56,0,-1,70.82713317871094,1.3634834289550781,-70.82713317871094,0.30699186131549633,0.3699497049026214
collapsed_plain,final,128,35,57,0,-1,64.18534088134766,1.2494850158691406,-64.18534088134766,0.34186845618667816,0.5029759924087513
collapsed_plain,final,128,35,59,0,-1,53.642784118652344,0.9198861122131348,-53.642784118652344,0.5809395468482322,0.5915306047620379
collapsed_plain,final,128,35,60,0,-1,55.169795989990234,0.8633213043212891,-55.169795989990234,0.5583576697858235,0.7452556882547519
collapsed_plain,final,128,35,61,0,-1,80.36238861083984,1.626129150390625,-80.36238861083984,0.14690444512367512,0.14861860914999125
collapsed_plain,final,128,35,64,0,-1,51.71990203857422,0.9038887023925781,-51.71990203857422,0.511395719567394,0.6650673131145967
collapsed_plain,final,128,35,65,0,-1,61.21366882324219,1.1467628479003906,-61.21366882324219,0.4061483193013126,0.5587564032282253
collapsed_plain,final,128,35,66,0,-1,61.44838333129883,1.40171480178833,-61.44838333129883,0.21916804011456625,0.24202032372388416
collapsed_plain,final,128,35,69,0,-1,77.16305541992188,1.5809173583984375,-77.16305541992188,0.16282385154914725,0.3356329978235484
collapsed_plain,final,128,35,70,0,-1,50.70513916015625,0.8644237518310547,-50.70513916015625,0.5900208794018733,0.5919634275339104
collapsed_plain,final,128,35,71,0,-1,69.6783447265625,1.3542265892028809,-69.6783447265625,0.2914736155504004,0.4211698328574197
collapsed_plain,final,128,35,72,0,-1,46.874637603759766,0.749943733215332,-46.874637603759766,0.6376757240690611,0.6616152768195344
collapsed_plain,final,128,35,73,0,-1,57.25531005859375,1.2463221549987793,-57.25531005859375,0.3151748598274377,0.2881478740242692
collapsed_plain,final,128,35,76,0,-1,45.633995056152344,0.6774792671203613,-45.633995056152344,0.6612541084616538,0.738305398461793
collapsed_plain,final,128,35,77,0,-1,75.11873626708984,1.4765782356262207,-75.11873626708984,0.2193513717005473,0.1536339069502577
collapsed_plain,final,128,35,78,0,-1,57.49951934814453,0.8676819801330566,-57.49951934814453,0.527269381089464,0.5148375058983635
collapsed_plain,final,128,35,80,0,-1,60.365299224853516,0.9287919998168945,-60.365299224853516,0.5606281374876538,0.6388874393163777
collapsed_plain,final,128,44,1,1,789,1.5858545303344727,-0.06184011697769165,-1.5858545303344727,1.1603081345896165,1.0600398462615988
collapsed_plain,final,128,44,3,0,-1,1.5738558769226074,0.07845312356948853,-1.5738558769226074,1.072069972028157,0.7657014236872962
collapsed_plain,final,128,44,4,0,-1,0.7193644046783447,0.015769273042678833,-0.7193644046783447,1.1157842848945612,0.979603081432119
collapsed_plain,final,128,44,17,0,-1,2.2979984283447266,-0.052657127380371094,-2.2979984283447266,1.1484241648330775,0.9652860887138393
collapsed_plain,final,128,44,26,0,-1,0.7491848468780518,-0.020452499389648438,-0.7491848468780518,1.1407760926645327,0.9736987225088298
collapsed_plain,final,128,44,28,0,-1,0.635188102722168,-0.06839555501937866,-0.635188102722168,1.1692215227936802,1.0281765003678807
collapsed_plain,final,128,44,51,0,-1,1.955367088317871,0.020049184560775757,-1.955367088317871,1.112209098063924,0.9229362579085654
collapsed_plain,final,128,44,61,0,-1,0.3333003520965576,-0.002794802188873291,-0.3333003520965576,1.129889057291889,0.980709218745391
collapsed_plain,final,128,44,65,0,-1,0.2776615619659424,-0.03527370095252991,-0.2776615619659424,1.1515863298076372,0.9919649641281232
collapsed_plain,final,128,44,68,0,-1,0.8662028312683105,-0.03149375319480896,-0.8662028312683105,1.1458941562128169,0.9585921993811273
collapsed_plain,final,128,44,76,0,-1,0.7279052734375,-0.039759278297424316,-0.7279052734375,1.1512693298073506,0.9379296719685445
collapsed_plain,final,128,45,1,1,659,50.789520263671875,-0.02081775665283203,-50.789520263671875,0.8824934172345895,0.6202991087642111
collapsed_plain,final,128,45,2,0,642,78.9183349609375,0.08738231658935547,-78.9183349609375,0.7278454202725759,0.7719430517592425
collapsed_plain,final,128,45,5,0,-1,81.4957275390625,0.3323097229003906,-81.4957275390625,0.6117854486724078,0.32661864780097166
collapsed_plain,final,128,45,8,0,-1,49.790428161621094,0.009938240051269531,-49.790428161621094,0.84192053748176,1.0488228279326164
collapsed_plain,final,128,45,11,0,-1,98.15837097167969,0.4722127914428711,-98.15837097167969,0.4909566310275891,0.305053027717624
collapsed_plain,final,128,45,12,0,-1,31.067699432373047,-0.02431488037109375,-31.067699432373047,0.9550494494932019,1.10926494483371
collapsed_plain,final,128,45,13,0,-1,76.81627655029297,-0.011730194091796875,-76.81627655029297,0.7927380909608801,0.8172832124596694
collapsed_plain,final,128,45,15,0,-1,41.52251052856445,0.0032706260681152344,-41.52251052856445,0.9303476517411069,0.774372439785786
collapsed_plain,final,128,45,16,1,442,61.2962646484375,-0.15145063400268555,-61.2962646484375,0.924735292205034,1.0666756588285418
collapsed_plain,final,128,45,17,0,-1,114.67652893066406,0.07595062255859375,-114.67652893066406,0.626599918491195,0.6511231778968829
collapsed_plain,final,128,45,18,0,-1,26.200803756713867,-0.09618830680847168,-26.200803756713867,1.0329435776350036,1.129134896363166
collapsed_plain,final,128,45,19,0,-1,75.41600036621094,0.2431039810180664,-75.41600036621094,0.679248290817225,0.4108319485098951
collapsed_plain,final,128,45,21,0,-1,42.335472106933594,-0.003276824951171875,-42.335472106933594,0.9188927469150232,0.592430125166703
collapsed_plain,final,128,45,22,0,620,69.01612091064453,0.17311954498291016,-69.01612091064453,0.7378183151458682,0.7680629348427197
collapsed_plain,final,128,45,23,0,-1,99.76373291015625,0.5511026382446289,-99.76373291015625,0.4468919903872053,0.5100332754011709
collapsed_plain,final,128,45,24,0,-1,91.4501724243164,0.49735069274902344,-91.4501724243164,0.5114836875540574,0.3075285286008345
collapsed_plain,final,128,45,25,0,649,38.984317779541016,-0.11412858963012695,-38.984317779541016,0.9730530762950105,1.0999132493014692
collapsed_plain,final,128,45,29,0,-1,82.08941650390625,0.3984384536743164,-82.08941650390625,0.5787992150245385,0.6774071238420306
collapsed_plain,final,128,45,30,0,-1,100.39297485351562,0.43297386169433594,-100.39297485351562,0.48332573133225004,0.26556519298788017
collapsed_plain,final,128,45,35,0,-1,31.562849044799805,-0.04334759712219238,-31.562849044799805,0.9795998533126402,0.7568237213005646
collapsed_plain,final,128,45,36,1,806,43.81233596801758,-0.07555007934570312,-43.81233596801758,0.8943612414250051,0.7205866098543294
collapsed_plain,final,128,45,37,1,788,61.88649368286133,0.018110275268554688,-61.88649368286133,0.8551770734517317,0.9953216987266416
collapsed_plain,final,128,45,38,0,-1,130.67730712890625,0.4708137512207031,-130.67730712890625,0.34806361614734527,0.43602900519730353
collapsed_plain,final,128,45,41,0,-1,87.93819427490234,0.6319980621337891,-87.93819427490234,0.4661536233579264,0.5283948119494173
collapsed_plain,final,128,45,42,0,-1,117.1986083984375,0.4854698181152344,-117.1986083984375,0.4002897787728662,0.36569972963295866
collapsed_plain,final,128,45,43,0,-1,95.97708892822266,0.338775634765625,-95.97708892822266,0.560753933450236,0.33100890361512064
collapsed_plain,final,128,45,46,0,-1,74.802490234375,0.2012004852294922,-74.802490234375,0.7134315455108522,0.430059107012692
collapsed_plain,final,128,45,47,0,-1,67.87742614746094,-0.00014781951904296875,-67.87742614746094,0.813372883253096,1.046599207735785
collapsed_plain,final,128,45,49,0,-1,46.91645812988281,-0.035088539123535156,-46.91645812988281,0.8983132576440196,0.6165642123969345
collapsed_plain,final,128,45,51,0,-1,28.588159561157227,-0.04542064666748047,-28.588159561157227,1.0111442276736153,1.0226965169387503
collapsed_plain,final,128,45,52,0,-1,123.12176513671875,0.6674203872680664,-123.12176513671875,0.28900621463470344,0.26011848536328924
collapsed_plain,final,128,45,53,0,-1,77.90775299072266,0.2696819305419922,-77.90775299072266,0.6653240691459309,0.44152843949338816
collapsed_plain,final,128,45,54,0,-1,103.84130096435547,0.4753408432006836,-103.84130096435547,0.468824997627656,0.21014892110469924
collapsed_plain,final,128,45,55,0,-1,142.9300079345703,0.7015857696533203,-142.9300079345703,0.19996922670888317,0.14059747109756343
collapsed_plain,final,128,45,56,0,-1,64.7779312133789,0.16563796997070312,-64.7779312133789,0.7571175800582266,0.6194417675023637
collapsed_plain,final,128,45,57,0,-1,136.1709747314453,0.6063270568847656,-136.1709747314453,0.2568690762009912,0.2969350201451179
collapsed_plain,final,128,45,58,0,-1,100.9952163696289,0.6273889541625977,-100.9952163696289,0.4108935482532048,0.5296498169371356
collapsed_plain,final,128,45,60,0,-1,71.16842651367188,0.18285179138183594,-71.16842651367188,0.7261745164519073,0.6329442006793553
collapsed_plain,final,128,45,62,0,-1,66.38606262207031,0.14852523803710938,-66.38606262207031,0.7660350199709915,0.8985248617719853
collapsed_plain,final,128,45,63,0,-1,62.95193862915039,0.1905074119567871,-62.95193862915039,0.7609479517582178,0.7648432007419192
collapsed_plain,final,128,45,65,0,-1,58.73005294799805,-0.02912282943725586,-58.73005294799805,0.8487312249230372,0.6623565255338852
collapsed_plain,final,128,45,66,0,-1,49.435665130615234,0.0729832649230957,-49.435665130615234,0.8613902804331006,0.7285506703519565
collapsed_plain,final,128,45,67,0,-1,139.15753173828125,0.6711807250976562,-139.15753173828125,0.21903163002686266,0.3823019544742011
collapsed_plain,final,128,45,68,0,-1,59.421260833740234,0.09084749221801758,-59.421260833740234,0.8081070590475672,1.08132626754503
collapsed_plain,final,128,45,71,0,-1,114.06021118164062,0.551116943359375,-114.06021118164062,0.38352448562196706,0.31785433053277007
collapsed_plain,final,128,45,72,0,-1,38.61012649536133,-0.033872127532958984,-38.61012649536133,0.9454496868893213,0.9634853717932574
collapsed_plain,final,128,45,73,0,-1,96.22824096679688,0.6906976699829102,-96.22824096679688,0.4127386642470682,0.48899820298370056
collapsed_plain,final,128,45,74,0,-1,58.111846923828125,0.047461509704589844,-58.111846923828125,0.8317550322553975,0.795153008729529
collapsed_plain,final,128,45,75,0,673,35.41413116455078,0.16719818115234375,-35.41413116455078,0.8742954122217967,0.8213042673544467
collapsed_plain,final,128,45,76,0,-1,93.32872009277344,0.48038291931152344,-93.32872009277344,0.501016396852899,0.31750525442998323
collapsed_plain,final,128,45,77,0,-1,44.886253356933594,-0.08388853073120117,-44.886253356933594,0.9345677836827807,0.7056257624447472
collapsed_plain,final,128,45,78,0,-1,61.404239654541016,0.16141843795776367,-61.404239654541016,0.7722436068082061,0.5961185319234421
collapsed_plain,final,128,45,79,0,-1,122.69291687011719,0.5526552200317383,-122.69291687011719,0.3450507368853972,0.319924715245282
collapsed_plain,final,128,45,80,0,-1,125.71346282958984,0.5772542953491211,-125.71346282958984,0.31813158401709757,0.38267704697920624
collapsed_plain,final,128,46,0,1,888,69.88032531738281,0.2673454284667969,-69.88032531738281,0.7165245284057324,0.576568119690294
collapsed_plain,final,128,46,1,0,-1,132.29257202148438,0.8151330947875977,-132.29257202148438,0.21714631854094624,0.2528668406354084
collapsed_plain,final,128,46,3,1,786,114.06123352050781,0.6913490295410156,-114.06123352050781,0.3527884332067299,0.35519255440525777
collapsed_plain,final,128,46,4,1,781,56.37876892089844,0.1453876495361328,-56.37876892089844,0.8201882292321776,0.9175444867286402
collapsed_plain,final,128,46,5,0,-1,91.86747741699219,0.532282829284668,-91.86747741699219,0.5108572158168766,0.29524753483491706
collapsed_plain,final,128,46,6,0,-1,107.29963684082031,0.6063594818115234,-107.29963684082031,0.41695374672354746,0.44395851921088925
collapsed_plain,final,128,46,7,0,655,62.354339599609375,0.2470850944519043,-62.354339599609375,0.7553964991407555,0.7761369430110465
collapsed_plain,final,128,46,8,1,690,72.74346923828125,0.15880966186523438,-72.74346923828125,0.7513756891983665,0.6285435087791049
collapsed_plain,final,128,46,10,1,388,58.44231033325195,0.15445661544799805,-58.44231033325195,0.8020581712778065,0.8578962577869895
collapsed_plain,final,128,46,11,0,-1,111.59822082519531,0.7645902633666992,-111.59822082519531,0.32404568136506257,0.43755661498623494
collapsed_plain,final,128,46,12,1,768,53.71406936645508,0.1202397346496582,-53.71406936645508,0.8492297919271923,0.632474883689961
collapsed_plain,final,128,46,13,1,304,41.71849060058594,-0.058094024658203125,-41.71849060058594,0.9443052711182687,1.0399070137341173
collapsed_plain,final,128,46,15,1,637,49.352935791015625,0.11839818954467773,-49.352935791015625,0.8636736349104981,0.9749642125404275
collapsed_plain,final,128,46,17,0,-1,143.62863159179688,1.0329017639160156,-143.62863159179688,0.07713775154951441,0.1686874194059202
collapsed_plain,final,128,46,18,1,445,52.343963623046875,0.08361577987670898,-52.343963623046875,0.8667817900467301,1.0152522621423954
collapsed_plain,final,128,46,20,0,-1,116.91079711914062,0.6241207122802734,-116.91079711914062,0.3615805964366284,0.31466619769548587
collapsed_plain,final,128,46,21,0,-1,105.41439056396484,0.4906044006347656,-105.41439056396484,0.47745180074825244,0.5233247519513908
collapsed_plain,final,128,46,23,1,381,46.529300689697266,0.10585308074951172,-46.529300689697266,0.8817879172798071,0.8363107900878113
collapsed_plain,final,128,46,25,1,479,62.90232849121094,0.17717552185058594,-62.90232849121094,0.7792154142921008,0.8452524221082273
collapsed_plain,final,128,46,26,0,520,108.64942932128906,0.7409420013427734,-108.64942932128906,0.34838195839950237,0.5461495930874882
collapsed_plain,final,128,46,27,0,-1,138.73150634765625,0.8084373474121094,-138.73150634765625,0.19811321797749903,0.20524164640908338
collapsed_plain,final,128,46,28,1,319,62.696502685546875,0.2095508575439453,-62.696502685546875,0.7710045791890041,0.7791083360338601
collapsed_plain,final,128,46,29,1,493,63.80762481689453,0.19185256958007812,-63.80762481689453,0.7666136100329431,0.9234306652025686
collapsed_plain,final,128,46,30,1,372,63.03361511230469,0.18400955200195312,-63.03361511230469,0.7784125457813384,0.750642797267746
collapsed_plain,final,128,46,31,1,740,58.81920623779297,0.2175278663635254,-58.81920623779297,0.786009108724929,0.6183242453371613
collapsed_plain,final,128,46,33,0,-1,67.6983413696289,0.13800811767578125,-67.6983413696289,0.7711449204286785,0.574795471116428
collapsed_plain,final,128,46,34,0,-1,133.38357543945312,0.9060602188110352,-133.38357543945312,0.1725781822162471,0.19188019646779497
collapsed_plain,final,128,46,36,1,328,37.13239669799805,-0.021159648895263672,-37.13239669799805,0.9732066708546323,0.9294216167613462
collapsed_plain,final,128,46,41,0,-1,43.93690490722656,0.034651756286621094,-43.93690490722656,0.9266399115396073,1.0003862666158334
collapsed_plain,final,128,46,42,1,243,58.04112243652344,0.17932462692260742,-58.04112243652344,0.8009428428551623,0.8215897164229089
collapsed_plain,final,128,46,44,0,-1,60.557861328125,0.27683258056640625,-60.557861328125,0.7531387399944915,0.599277807388114
collapsed_plain,final,128,46,46,1,742,71.49689483642578,0.20415115356445312,-71.49689483642578,0.7329046253538987,0.5570175247214181
collapsed_plain,final,128,46,47,0,-1,64.88298034667969,0.24708986282348633,-64.88298034667969,0.7599291186175552,0.5747960646653926
collapsed_plain,final,128,46,48,0,-1,94.09454345703125,0.38217639923095703,-94.09454345703125,0.5682749806258087,0.3571236313813934
collapsed_plain,final,128,46,50,1,314,54.65234375,0.014383316040039062,-54.65234375,0.8856515339308038,0.9538164417885076
collapsed_plain,final,128,46,51,0,-1,119.8236083984375,0.701899528503418,-119.8236083984375,0.3240265006378081,0.3477919506597438
collapsed_plain,final,128,46,52,0,715,57.40461349487305,0.1313796043395996,-57.40461349487305,0.8249802946745239,0.9398060575394535
collapsed_plain,final,128,46,53,1,319,55.59941864013672,0.13589048385620117,-55.59941864013672,0.8286337216171529,0.8041624240083814
collapsed_plain,final,128,46,55,0,-1,74.49853515625,0.40938282012939453,-74.49853515625,0.6335110091220736,0.47397903712591305
collapsed_plain,final,128,46,56,1,502,64.0117416381836,0.21056318283081055,-64.0117416381836,0.7615256119866056,0.8323089047826006
collapsed_plain,final,128,46,57,1,329,61.72857666015625,0.1554880142211914,-61.72857666015625,0.8018688341900924,0.8330587132330036
collapsed_plain,final,128,46,58,0,-1,95.92388153076172,0.5977783203125,-95.92388153076172,0.4686378248224523,0.32244450777409733
collapsed_plain,final,128,46,59,0,775,98.31523895263672,0.27826499938964844,-98.31523895263672,0.5880496452196495,0.5531631661892323
collapsed_plain,final,128,46,60,0,-1,116.9979248046875,0.7998752593994141,-116.9979248046875,0.2872935061274743,0.37854134241162285
collapsed_plain,final,128,46,62,0,763,75.51166534423828,0.4140920639038086,-75.51166534423828,0.6225683197597818,0.7564949373607943
collapsed_plain,final,128,46,65,0,-1,112.71690368652344,0.6631698608398438,-112.71690368652344,0.3633641175883631,0.40923284532255355
collapsed_plain,final,128,46,66,0,-1,115.53704833984375,0.4356193542480469,-115.53704833984375,0.44077621385263643,0.472934903493529
collapsed_plain,final,128,46,67,0,-1,97.36434936523438,0.796630859375,-97.36434936523438,0.3718723699685506,0.4860202426749084
collapsed_plain,final,128,46,68,0,-1,63.88668441772461,0.29076719284057617,-63.88668441772461,0.730253137041026,0.5851712703164724
collapsed_plain,final,128,46,69,1,261,54.097190856933594,0.13883161544799805,-54.097190856933594,0.8388850777067551,0.8632141149419663
collapsed_plain,final,128,46,71,1,282,62.92970657348633,0.15178346633911133,-62.92970657348633,0.7962792131061817,0.8789577432141971
collapsed_plain,final,128,46,72,1,302,54.6617431640625,0.10912370681762695,-54.6617431640625,0.8419819959512057,0.899176065137121
collapsed_plain,final,128,46,73,0,-1,99.59590148925781,0.6301364898681641,-99.59590148925781,0.42895231115170196,0.4857516023323061
collapsed_plain,final,128,46,77,0,-1,120.25199890136719,0.8269243240356445,-120.25199890136719,0.2634629927342106,0.33100502896224293
collapsed_plain,final,128,46,78,0,-1,92.90113067626953,0.466278076171875,-92.90113067626953,0.5297470683726642,0.3072520152178355
collapsed_plain,final,128,46,79,0,-1,68.86064910888672,0.31336498260498047,-68.86064910888672,0.700364743963588,0.5388982938227704
collapsed_plain,final,128,46,80,0,-1,132.48915100097656,0.8357200622558594,-132.48915100097656,0.20169401606924448,0.2482314768542554
collapsed_plain,final,128,47,0,0,-1,86.40139770507812,0.7297687530517578,-86.40139770507812,0.46685297769684353,0.3306632576347323
collapsed_plain,final,128,47,2,0,-1,95.10330963134766,0.7343358993530273,-95.10330963134766,0.4263468731654084,0.4208752201041606
collapsed_plain,final,128,47,4,1,855,71.70231628417969,0.4986457824707031,-71.70231628417969,0.6222418518160227,0.7408874941644241
collapsed_plain,final,128,47,5,0,-1,108.58393859863281,1.091923713684082,-108.58393859863281,0.22447104130086482,0.23489099492079718
collapsed_plain,final,128,47,7,0,-1,79.0877456665039,0.5389728546142578,-79.0877456665039,0.5824028338083455,0.4153719957221633
collapsed_plain,final,128,47,8,0,-1,136.5801544189453,1.2356996536254883,-136.5801544189453,0.044255233554390094,0.09431436052812486
collapsed_plain,final,128,47,10,0,-1,70.89228820800781,0.5559244155883789,-70.89228820800781,0.6011527343612864,0.43777852678971235
collapsed_plain,final,128,47,11,1,800,88.68467712402344,0.7311267852783203,-88.68467712402344,0.456767095729212,0.54688139189364
collapsed_plain,final,128,47,12,0,-1,95.13885498046875,0.8020801544189453,-95.13885498046875,0.41578676261301634,0.33488547799376855
collapsed_plain,final,128,47,14,0,-1,77.72325134277344,0.4292163848876953,-77.72325134277344,0.6237828687172541,0.6450614978531154
collapsed_plain,final,128,47,15,0,611,50.025909423828125,0.30847644805908203,-50.025909423828125,0.7951750868576477,0.8762040373507796
collapsed_plain,final,128,47,17,1,696,58.866390228271484,0.32848548889160156,-58.866390228271484,0.7474432547391924,0.7724414178507502
collapsed_plain,final,128,47,18,0,-1,109.59002685546875,0.9625997543334961,-109.59002685546875,0.27120514643356824,0.376388090938458
collapsed_plain,final,128,47,19,1,819,66.45243072509766,0.4671621322631836,-66.45243072509766,0.6527199332155971,0.8573836386740573
collapsed_plain,final,128,47,21,0,-1,59.71283721923828,0.33939409255981445,-59.71283721923828,0.7389139838513071,0.7257242267872658
collapsed_plain,final,128,47,22,1,774,83.07405090332031,0.7351417541503906,-83.07405090332031,0.4718114202228625,0.5284314262034058
collapsed_plain,final,128,47,24,0,-1,74.97803497314453,0.38230133056640625,-74.97803497314453,0.6664685574104657,0.6315189561461484
collapsed_plain,final,128,47,28,0,-1,81.75048065185547,0.6083345413208008,-81.75048065185547,0.5336660996933276,0.5328838192695101
collapsed_plain,final,128,47,29,0,-1,72.45484924316406,0.6325540542602539,-72.45484924316406,0.5567888959536886,0.35548387183132113
collapsed_plain,final,128,47,30,1,599,56.93796920776367,0.3338508605957031,-56.93796920776367,0.754106966438179,0.8810995747281489
collapsed_plain,final,128,47,31,0,-1,68.14862823486328,0.44046974182128906,-68.14862823486328,0.6609614231586644,0.6612740515970967
collapsed_plain,final,128,47,32,0,-1,98.38191223144531,0.8757152557373047,-98.38191223144531,0.35710884368925144,0.2470702215703614
collapsed_plain,final,128,47,33,0,-1,139.9805145263672,1.325826644897461,-139.9805145263672,-0.00535997569797142,0.07921669846846302
collapsed_plain,final,128,47,35,0,-1,128.47955322265625,1.181060791015625,-128.47955322265625,0.1068009337615265,0.23784808571557925
collapsed_plain,final,128,47,36,1,626,64.1026840209961,0.37986135482788086,-64.1026840209961,0.7004441401750796,0.7097452094545944
collapsed_plain,final,128,47,37,0,-1,104.06034088134766,1.0697011947631836,-104.06034088134766,0.2527508302233212,0.22128831930642706
collapsed_plain,final,128,47,39,0,-1,94.29277038574219,0.8412466049194336,-94.29277038574219,0.38375279404974755,0.46679864382340963
collapsed_plain,final,128,47,40,1,612,55.830108642578125,0.2653021812438965,-55.830108642578125,0.796717839276929,0.8291951534012498
collapsed_plain,final,128,47,42,0,-1,75.68383026123047,0.6004476547241211,-75.68383026123047,0.5623866742788617,0.4077400098677591
collapsed_plain,final,128,47,43,0,-1,96.06444549560547,0.9033031463623047,-96.06444549560547,0.35012108009112586,0.5626399858113679
collapsed_plain,final,128,47,45,0,-1,118.70616912841797,1.0568666458129883,-118.70616912841797,0.19788908576090986,0.28288946363670353
collapsed_plain,final,128,47,47,1,656,74.93743133544922,0.568364143371582,-74.93743133544922,0.5741216134465107,0.6124452136973174
collapsed_plain,final,128,47,48,1,798,60.33808135986328,0.31947994232177734,-60.33808135986328,0.7470571815954641,0.5509269051426234
collapsed_plain,final,128,47,49,0,-1,72.45621490478516,0.34198856353759766,-72.45621490478516,0.691529854726095,0.6527787045793159
collapsed_plain,final,128,47,50,0,-1,88.91548919677734,0.8004617691040039,-88.91548919677734,0.42627008414587225,0.4897258043097173
collapsed_plain,final,128,47,51,0,-1,92.91033935546875,0.8069725036621094,-92.91033935546875,0.4098094693290477,0.3267383508226296
collapsed_plain,final,128,47,53,0,-1,73.45263671875,0.5706024169921875,-73.45263671875,0.5783964418076188,0.7742777851661666
collapsed_plain,final,128,47,54,0,-1,93.61841583251953,0.7216882705688477,-93.61841583251953,0.44019179193828245,0.45535262828049844
collapsed_plain,final,128,47,55,1,777,98.56507873535156,0.8746576309204102,-98.56507873535156,0.3472325455744072,0.3598851116396903
collapsed_plain,final,128,47,56,0,-1,114.85626983642578,1.1660194396972656,-114.85626983642578,0.1658729836465046,0.28166760053571993
collapsed_plain,final,128,47,59,0,-1,85.65489959716797,0.6530342102050781,-85.65489959716797,0.4959808750809884,0.526106896687938
collapsed_plain,final,128,47,60,1,742,70.65579223632812,0.5036211013793945,-70.65579223632812,0.6195821853412184,0.6151717333358776
collapsed_plain,final,128,47,61,1,562,67.71928405761719,0.39290809631347656,-67.71928405761719,0.6835826393428747,0.8156967835288129
collapsed_plain,final,128,47,63,1,604,70.46640014648438,0.4885110855102539,-70.46640014648438,0.6299728268134354,0.8568833288841291
collapsed_plain,final,128,47,64,1,652,81.62171936035156,0.6290645599365234,-81.62171936035156,0.5235460356089949,0.6336543646503398
collapsed_plain,final,128,47,68,1,861,76.53897857666016,0.507655143737793,-76.53897857666016,0.6020057976650668,0.7237072072153997
collapsed_plain,final,128,47,69,0,-1,118.40689849853516,1.1961536407470703,-118.40689849853516,0.1518417105894483,0.276409370669154
collapsed_plain,final,128,47,70,0,-1,128.4822540283203,1.1258296966552734,-128.4822540283203,0.13804747896312497,0.26925965612612907
collapsed_plain,final,128,47,71,1,813,105.69597625732422,1.0129547119140625,-105.69597625732422,0.25903542372252786,0.456106217789131
collapsed_plain,final,128,47,72,0,-1,72.99674987792969,0.5648975372314453,-72.99674987792969,0.584097706637966,0.4271678490879794
collapsed_plain,final,128,47,73,0,-1,116.04181671142578,1.107529640197754,-116.04181671142578,0.18902812011798287,0.2310224482031163
collapsed_plain,final,128,47,74,0,-1,75.04684448242188,0.5600566864013672,-75.04684448242188,0.580247141100803,0.6338039740535063
collapsed_plain,final,128,47,75,1,856,107.75874328613281,1.0265312194824219,-107.75874328613281,0.25256700303580426,0.4170806149504819
collapsed_plain,final,128,47,76,0,-1,102.296630859375,0.9564809799194336,-102.296630859375,0.30825403257744466,0.3748829865371867
collapsed_plain,final,128,47,78,1,638,64.35409545898438,0.3209056854248047,-64.35409545898438,0.725070296955386,0.7532687848818778
collapsed_plain,final,128,47,79,0,-1,77.52911376953125,0.3646268844604492,-77.52911376953125,0.6608065288056797,0.6048138287682572
collapsed_plain,final,128,47,80,0,-1,94.77652740478516,0.7363948822021484,-94.77652740478516,0.4306753098850264,0.30506543297845773
collapsed_plain,final,128,56,0,0,-1,113.1852798461914,0.8177728652954102,-113.1852798461914,0.29292919412529306,0.2514132451808885
collapsed_plain,final,128,56,1,0,-1,83.3128890991211,0.43494606018066406,-83.3128890991211,0.5812009613670945,0.5433906694217702
collapsed_plain,final,128,56,2,0,-1,104.93959045410156,0.6133232116699219,-104.93959045410156,0.42028685714124375,0.25318582682088697
collapsed_plain,final,128,56,3,0,-1,66.88224029541016,0.3244142532348633,-66.88224029541016,0.699962394528826,0.5204258135558206
collapsed_plain,final,128,56,4,0,-1,97.96781921386719,0.4472084045410156,-97.96781921386719,0.5157651035067937,0.4261872136775713
collapsed_plain,final,128,56,8,0,-1,155.02638244628906,1.0524749755859375,-155.02638244628906,0.020997065903008594,0.10852316133786932
collapsed_plain,final,128,56,9,0,-1,72.69967651367188,0.2091827392578125,-72.69967651367188,0.7188596944941619,0.604696550208433
collapsed_plain,final,128,56,10,0,-1,122.42496490478516,0.7424478530883789,-122.42496490478516,0.2970398698557997,0.3397367273230254
collapsed_plain,final,128,56,11,0,-1,58.560462951660156,0.2773551940917969,-58.560462951660156,0.7553781788879119,0.6168402330420568
collapsed_plain,final,128,56,13,0,-1,114.29800415039062,0.6278038024902344,-114.29800415039062,0.3515871928518764,0.4255788715745502
collapsed_plain,final,128,56,16,0,-1,99.14686584472656,0.44800376892089844,-99.14686584472656,0.5055828329937496,0.31257388065936786
collapsed_plain,final,128,56,17,0,-1,101.84259796142578,0.5689973831176758,-101.84259796142578,0.446393174734976,0.499437853530859
collapsed_plain,final,128,56,18,1,831,57.45760726928711,0.16177034378051758,-57.45760726928711,0.8064021714596988,0.90850967529908
collapsed_plain,final,128,56,19,0,-1,112.07366943359375,0.754887580871582,-112.07366943359375,0.329974184066985,0.28685856308019375
collapsed_plain,final,128,56,20,0,-1,56.1917610168457,0.1869368553161621,-56.1917610168457,0.8029884827715013,0.7882427471745517
collapsed_plain,final,128,56,21,0,-1,142.9148406982422,1.0366706848144531,-142.9148406982422,0.08187291781836648,0.159744320473917
collapsed_plain,final,128,56,23,0,-1,106.2711181640625,0.7281942367553711,-106.2711181640625,0.36454061668271276,0.2405396208629304
collapsed_plain,final,128,56,24,1,696,65.55657958984375,0.20194625854492188,-65.55657958984375,0.7591410311294304,0.600603596365888
collapsed_plain,final,128,56,25,1,718,85.26377868652344,0.3396873474121094,-85.26377868652344,0.6112522919653821,0.6773356199493223
collapsed_plain,final,128,56,27,0,-1,75.66458129882812,0.36132144927978516,-75.66458129882812,0.6487393166594083,0.49145039242427796
collapsed_plain,final,128,56,28,1,852,76.03134155273438,0.3971233367919922,-76.03134155273438,0.6331619487955431,0.8195984700825028
collapsed_plain,final,128,56,29,0,-1,143.09384155273438,0.9615764617919922,-143.09384155273438,0.11243796762770564,0.15938163614279433
collapsed_plain,final,128,56,30,0,-1,128.29100036621094,0.9097270965576172,-128.29100036621094,0.1942601736615639,0.23067128307266616
collapsed_plain,final,128,56,31,0,-1,74.67526245117188,0.3836336135864258,-74.67526245117188,0.6364048454135691,0.6678643641899378
collapsed_plain,final,128,56,32,0,-1,106.5402603149414,0.8152170181274414,-106.5402603149414,0.32016291073137176,0.40283021136056435
collapsed_plain,final,128,56,33,0,-1,71.49658966064453,0.30529308319091797,-71.49658966064453,0.6921440945887681,0.6598315207244237
collapsed_plain,final,128,56,34,0,-1,81.1839370727539,0.3354206085205078,-81.1839370727539,0.635874337981372,0.4888299644424081
collapsed_plain,final,128,56,36,0,-1,101.3814926147461,0.5659990310668945,-101.3814926147461,0.45604322373028955,0.27541031849820896
collapsed_plain,final,128,56,39,1,545,55.33522033691406,0.08448410034179688,-55.33522033691406,0.8505105954793608,1.0080275037899777
collapsed_plain,final,128,56,40,1,842,64.23133087158203,0.23769283294677734,-64.23133087158203,0.7266237389464767,0.802276294069638
collapsed_plain,final,128,56,41,0,-1,75.13325500488281,0.4224815368652344,-75.13325500488281,0.6255488106356872,0.42284000027020285
collapsed_plain,final,128,56,42,0,-1,166.58694458007812,1.076416015625,-166.58694458007812,-0.031455355638551064,0.12404103453704773
collapsed_plain,final,128,56,43,0,-1,137.2904815673828,0.8585777282714844,-137.2904815673828,0.19370463187819525,0.3264797402763135
collapsed_plain,final,128,56,44,1,735,98.13233947753906,0.5328588485717773,-98.13233947753906,0.48478244879023713,0.6843188111832181
collapsed_plain,final,128,56,46,0,-1,60.36224365234375,0.19808578491210938,-60.36224365234375,0.7784481358634592,0.7478695157348964
collapsed_plain,final,128,56,47,1,714,63.67692947387695,0.08652973175048828,-63.67692947387695,0.8138144809240708,0.8984243706302453
collapsed_plain,final,128,56,48,0,-1,57.84247589111328,0.23415136337280273,-57.84247589111328,0.7787670667860068,0.6688371422405336
collapsed_plain,final,128,56,49,0,-1,98.46084594726562,0.6901769638061523,-98.46084594726562,0.4138821178985964,0.26089497081213703
collapsed_plain,final,128,56,51,0,-1,114.68315124511719,0.8349370956420898,-114.68315124511719,0.28339359994496877,0.38134660813069554
collapsed_plain,final,128,56,53,0,-1,76.6338119506836,0.46680641174316406,-76.6338119506836,0.6012437521606053,0.45280931022293175
collapsed_plain,final,128,56,55,0,-1,106.1951904296875,0.5497903823852539,-106.1951904296875,0.4438284601145703,0.40962940129972436
collapsed_plain,final,128,56,56,0,-1,138.0040740966797,1.0006942749023438,-138.0040740966797,0.1155027691055226,0.12505833529719057
collapsed_plain,final,128,56,57,0,-1,119.54991912841797,0.9854669570922852,-119.54991912841797,0.19615822359998014,0.17440642748728596
collapsed_plain,final,128,56,58,0,-1,148.5064239501953,1.0021629333496094,-148.5064239501953,0.06885747561858829,0.06617496399317885
collapsed_plain,final,128,56,60,0,-1,113.66284942626953,0.7692022323608398,-113.66284942626953,0.320475240910848,0.20586539767663803
collapsed_plain,final,128,56,61,0,-1,80.80982208251953,0.5004920959472656,-80.80982208251953,0.5666041683455624,0.4408137621881975
collapsed_plain,final,128,56,62,0,-1,94.19715881347656,0.5791015625,-94.19715881347656,0.4794011829699024,0.6806156723999852
collapsed_plain,final,128,56,63,0,-1,156.39523315429688,1.042104721069336,-156.39523315429688,0.019826545493651315,0.17333244225847677
collapsed_plain,final,128,56,65,1,827,86.59933471679688,0.49925804138183594,-86.59933471679688,0.5486775955311615,0.7656617455788677
collapsed_plain,final,128,56,66,1,834,78.9991683959961,0.37189197540283203,-78.9991683959961,0.6278256981949926,0.6440946230946984
collapsed_plain,final,128,56,68,0,-1,155.5143280029297,1.1094341278076172,-155.5143280029297,-0.007614740772983519,0.22763120150258287
collapsed_plain,final,128,56,69,0,696,80.57430267333984,0.27088356018066406,-80.57430267333984,0.6672288412855991,0.6543292060706947
collapsed_plain,final,128,56,70,0,-1,123.48040008544922,0.8352069854736328,-123.48040008544922,0.24918345069281306,0.48127586684777923
collapsed_plain,final,128,56,71,0,-1,74.8552474975586,0.3195934295654297,-74.8552474975586,0.6672208426662354,0.7365041012857833
collapsed_plain,final,128,56,73,0,-1,80.17242431640625,0.4322624206542969,-80.17242431640625,0.5988434127544859,0.40352078654332857
collapsed_plain,final,128,56,74,0,-1,113.94563293457031,0.8143625259399414,-113.94563293457031,0.2950616391477451,0.39664425615134824
collapsed_plain,final,128,56,75,0,-1,78.80439758300781,0.4242439270019531,-78.80439758300781,0.6094657040762531,0.3708438239374782
collapsed_plain,final,128,56,76,1,529,56.79209899902344,0.1092066764831543,-56.79209899902344,0.8345197261614961,0.9892498096552534
collapsed_plain,final,128,56,77,0,-1,69.3982162475586,0.2079181671142578,-69.3982162475586,0.7358861688187722,0.6444262473084512
collapsed_plain,final,128,56,80,0,-1,127.94940185546875,0.977508544921875,-127.94940185546875,0.15965122275851917,0.2371966641677482
collapsed_plain,final,128,57,1,1,768,111.92955780029297,0.3870534896850586,-111.92955780029297,0.481438388561006,0.3193905515132973
collapsed_plain,final,128,57,2,0,-1,137.33062744140625,0.7204818725585938,-137.33062744140625,0.21427119480190848,0.1948951298235817
collapsed_plain,final,128,57,4,1,604,65.75626373291016,0.21750545501708984,-65.75626373291016,0.7452991418751153,0.7492380789312684
collapsed_plain,final,128,57,5,0,-1,129.78053283691406,0.7740325927734375,-129.78053283691406,0.23256044788372587,0.2789240488773962
collapsed_plain,final,128,57,6,0,-1,120.45389556884766,0.6475343704223633,-120.45389556884766,0.32449237847160084,0.16311131527005224
collapsed_plain,final,128,57,7,1,298,72.35716247558594,0.12310409545898438,-72.35716247558594,0.7549175552274041,0.884252222999141
collapsed_plain,final,128,57,10,0,-1,118.93437194824219,0.5421762466430664,-118.93437194824219,0.39344452621323484,0.20701554169191683
collapsed_plain,final,128,57,11,1,306,78.50870513916016,0.23990821838378906,-78.50870513916016,0.6975365851827748,0.7826384807894506
collapsed_plain,final,128,57,12,0,-1,140.47540283203125,0.7856006622314453,-140.47540283203125,0.17971598536364253,0.20831870799853253
collapsed_plain,final,128,57,13,0,639,78.12828063964844,0.2603416442871094,-78.12828063964844,0.6681050807562707,0.8446854382408719
collapsed_plain,final,128,57,15,0,-1,86.65213012695312,0.40923595428466797,-86.65213012695312,0.5691476948918461,0.4786838703007199
collapsed_plain,final,128,57,16,0,-1,107.97952270507812,0.48830509185791016,-107.97952270507812,0.43843358738163873,0.5281774261109898
collapsed_plain,final,128,57,17,1,307,60.79008865356445,0.13875484466552734,-60.79008865356445,0.7960833370004888,0.867904610928231
collapsed_plain,final,128,57,18,0,-1,119.25959777832031,0.7767763137817383,-119.25959777832031,0.27649068350483724,0.2719000836905048
collapsed_plain,final,128,57,19,1,625,61.246883392333984,0.23903799057006836,-61.246883392333984,0.7593309427643742,0.7608980868090288
collapsed_plain,final,128,57,21,1,315,48.89458084106445,0.034978389739990234,-48.89458084106445,0.8932169653157598,0.9366347130104022
collapsed_plain,final,128,57,22,1,680,111.93770599365234,0.6703767776489258,-111.93770599365234,0.3538660015278119,0.4940009268668782
collapsed_plain,final,128,57,23,0,-1,104.31983184814453,0.6079816818237305,-104.31983184814453,0.40873613538864656,0.2799437304994667
collapsed_plain,final,128,57,26,1,692,77.11913299560547,0.3058357238769531,-77.11913299560547,0.6515022223414169,0.823628369115943
collapsed_plain,final,128,57,29,1,597,82.02622985839844,0.258453369140625,-82.02622985839844,0.6541650965663374,0.7516211712739913
collapsed_plain,final,128,57,30,0,-1,122.84469604492188,0.7853527069091797,-122.84469604492188,0.2571065638652875,0.36817407036660643
collapsed_plain,final,128,57,32,0,-1,86.0550537109375,0.2695283889770508,-86.0550537109375,0.63181861698062,0.785159229505143
collapsed_plain,final,128,57,33,0,-1,158.9054412841797,0.9247245788574219,-158.9054412841797,0.03757946038355836,0.04518790620788932
collapsed_plain,final,128,57,34,0,-1,76.5494155883789,0.30347251892089844,-76.5494155883789,0.6611609412819647,0.5150695362857354
collapsed_plain,final,128,57,35,0,-1,167.14349365234375,0.8794651031494141,-167.14349365234375,0.014596752061841078,0.14705519733077388
collapsed_plain,final,128,57,36,0,-1,106.15448760986328,0.46120452880859375,-106.15448760986328,0.4586281563888814,0.29883170547924043
collapsed_plain,final,128,57,37,0,-1,154.24298095703125,0.9457969665527344,-154.24298095703125,0.039634503889833306,0.1583226049488512
collapsed_plain,final,128,57,39,1,315,45.4022216796875,0.04664468765258789,-45.4022216796875,0.9017955443462651,0.9270875682743625
collapsed_plain,final,128,57,40,0,-1,136.1207275390625,0.8437442779541016,-136.1207275390625,0.16780804682866957,0.27398421748005064
collapsed_plain,final,128,57,42,1,279,69.61164093017578,0.1813974380493164,-69.61164093017578,0.7543744339979659,0.7455033432586096
collapsed_plain,final,128,57,43,1,828,75.2557373046875,0.22840118408203125,-75.2557373046875,0.6903552547726368,0.8121037699299741
collapsed_plain,final,128,57,45,1,855,88.80671691894531,0.37566280364990234,-88.80671691894531,0.5752495583120332,0.4559032825709701
collapsed_plain,final,128,57,46,1,572,81.16698455810547,0.24318695068359375,-81.16698455810547,0.6673393479285614,0.932977892927216
collapsed_plain,final,128,57,47,0,-1,110.58621215820312,0.6929779052734375,-110.58621215820312,0.35346450250318795,0.36325215334615063
collapsed_plain,final,128,57,48,0,-1,93.3219223022461,0.28041744232177734,-93.3219223022461,0.5892001782406733,0.43232308090639043
collapsed_plain,final,128,57,49,0,-1,124.26566314697266,0.6008024215698242,-124.26566314697266,0.33239837587379356,0.3838723835590927
collapsed_plain,final,128,57,50,1,299,62.286495208740234,0.07878255844116211,-62.286495208740234,0.8178276833573377,0.9591721260179317
collapsed_plain,final,128,57,51,1,841,101.5100326538086,0.5463724136352539,-101.5100326538086,0.44428822521066974,0.5646130676880852
collapsed_plain,final,128,57,53,0,-1,99.54585266113281,0.5059833526611328,-99.54585266113281,0.4787861151094284,0.2864076460256719
collapsed_plain,final,128,57,54,1,622,65.46733093261719,0.25877857208251953,-65.46733093261719,0.7315812483198323,0.6982090782965698
collapsed_plain,final,128,57,55,0,-1,84.94859313964844,0.3603687286376953,-84.94859313964844,0.6017893691947901,0.44907408928465103
collapsed_plain,final,128,57,57,0,-1,111.41520690917969,0.6427803039550781,-111.41520690917969,0.36894374086311577,0.36058574106089525
collapsed_plain,final,128,57,58,1,812,88.69758605957031,0.4074840545654297,-88.69758605957031,0.5670482296466555,0.6042787657019226
collapsed_plain,final,128,57,61,0,-1,111.60441589355469,0.5916881561279297,-111.60441589355469,0.3858159891152121,0.1718282845970287
collapsed_plain,final,128,57,63,0,306,74.23430633544922,0.24935626983642578,-74.23430633544922,0.698870843303212,0.7379890390642282
collapsed_plain,final,128,57,64,1,888,121.71683502197266,0.6520967483520508,-121.71683502197266,0.3234732292682371,0.3949729021045797
collapsed_plain,final,128,57,66,0,-1,110.99968719482422,0.5393819808959961,-110.99968719482422,0.42834595646429624,0.3156897475426004
collapsed_plain,final,128,57,67,1,606,98.15736389160156,0.17901229858398438,-98.15736389160156,0.628875608334525,0.5862730006134348
collapsed_plain,final,128,57,69,1,315,53.03721618652344,0.0467534065246582,-53.03721618652344,0.8683170160950702,0.8789180696297216
collapsed_plain,final,128,57,70,0,-1,120.59812927246094,0.6300344467163086,-120.59812927246094,0.33361488197846806,0.4849623440282488
collapsed_plain,final,128,57,72,0,-1,144.11276245117188,0.8379745483398438,-144.11276245117188,0.1481699719011293,0.19580742948728208
collapsed_plain,final,128,57,73,0,536,123.90943145751953,0.7372331619262695,-123.90943145751953,0.2718121609047026,0.48027209539901894
collapsed_plain,final,128,57,74,0,-1,115.20893096923828,0.7472686767578125,-115.20893096923828,0.30775063709237066,0.19054249551630908
collapsed_plain,final,128,57,75,1,458,59.4040641784668,0.031683921813964844,-59.4040641784668,0.8493095209237812,1.0062255352522316
collapsed_plain,final,128,57,76,0,-1,105.25276184082031,0.5298137664794922,-105.25276184082031,0.44435285693345966,0.20933094873460228
collapsed_plain,final,128,57,77,1,376,55.00362014770508,0.10028839111328125,-55.00362014770508,0.845696887397777,0.7938491089473665
collapsed_plain,final,128,57,80,1,304,67.13055419921875,0.09247493743896484,-67.13055419921875,0.7918760542010792,0.9138631093882691
collapsed_plain,final,128,58,0,0,-1,88.62403106689453,0.36983203887939453,-88.62403106689453,0.5797929477174191,0.49522377443656906
collapsed_plain,final,128,58,2,0,-1,155.7324981689453,0.7898750305175781,-155.7324981689453,0.11103638914727643,0.12230982865675732
collapsed_plain,final,128,58,4,0,-1,64.23992919921875,0.2214674949645996,-64.23992919921875,0.7494246235212997,0.7633832994435004
collapsed_plain,final,128,58,5,0,-1,69.92109680175781,0.26610755920410156,-69.92109680175781,0.7082725651547233,0.839826637695436
collapsed_plain,final,128,58,6,0,-1,100.32492065429688,0.47272396087646484,-100.32492065429688,0.48307095452044985,0.28383060835930907
collapsed_plain,final,128,58,7,0,-1,81.32192993164062,0.36982250213623047,-81.32192993164062,0.6056364843393338,0.6098958766507576
collapsed_plain,final,128,58,8,0,-1,114.06163787841797,0.684722900390625,-114.06163787841797,0.3312306560795596,0.42677876108607465
collapsed_plain,final,128,58,9,1,669,49.9952278137207,0.014852523803710938,-49.9952278137207,0.9101013229146779,0.9491182152144206
collapsed_plain,final,128,58,10,1,770,64.31673431396484,0.1195669174194336,-64.31673431396484,0.7717656719891093,0.6664370003422048
collapsed_plain,final,128,58,12,1,626,63.187965393066406,0.16136693954467773,-63.187965393066406,0.7483429384488218,0.8528603434308433
collapsed_plain,final,128,58,14,0,-1,86.85320281982422,0.4979391098022461,-86.85320281982422,0.5290821416948356,0.364999641970831
collapsed_plain,final,128,58,15,0,-1,101.12036895751953,0.4973926544189453,-101.12036895751953,0.4665820353711654,0.4791605988071252
collapsed_plain,final,128,58,18,0,-1,102.90928649902344,0.45533180236816406,-102.90928649902344,0.482602296120602,0.2376050775985794
collapsed_plain,final,128,58,19,1,678,53.74506378173828,0.0038652420043945312,-53.74506378173828,0.8826036212638388,0.9637451633875594
collapsed_plain,final,128,58,21,0,-1,156.52120971679688,0.8851566314697266,-156.52120971679688,0.06910591234542551,0.1182520143174875
collapsed_plain,final,128,58,23,0,-1,119.62089538574219,0.7031459808349609,-119.62089538574219,0.3040325454713573,0.30656492641365224
collapsed_plain,final,128,58,24,0,-1,49.94075393676758,0.20578813552856445,-49.94075393676758,0.8153391213766774,0.8255009745672064
collapsed_plain,final,128,58,26,0,-1,54.64383316040039,0.062087059020996094,-54.64383316040039,0.8460567457330401,0.6266900656245336
collapsed_plain,final,128,58,27,1,891,66.76361083984375,0.09033489227294922,-66.76361083984375,0.7994015678048721,0.5652672221953653
collapsed_plain,final,128,58,29,0,-1,58.881492614746094,0.16993427276611328,-58.881492614746094,0.7945504063655665,0.8130001510585934
collapsed_plain,final,128,58,31,0,-1,132.88587951660156,0.7205886840820312,-132.88587951660156,0.2485542342553384,0.26259764384462153
collapsed_plain,final,128,58,32,0,-1,142.8765869140625,0.7135372161865234,-142.8765869140625,0.2026642406753102,0.24350225216565902
collapsed_plain,final,128,58,33,0,-1,79.30624389648438,0.3301382064819336,-79.30624389648438,0.6336064949084603,0.6696830193758974
collapsed_plain,final,128,58,35,0,-1,91.88114929199219,0.37691402435302734,-91.88114929199219,0.55471802917784,0.7290091176045366
collapsed_plain,final,128,58,38,1,695,81.349609375,0.18382644653320312,-81.349609375,0.6961998749571328,0.73716969185355
collapsed_plain,final,128,58,39,1,618,53.60732650756836,0.06456375122070312,-53.60732650756836,0.891412466895573,0.9067836568587907
collapsed_plain,final,128,58,41,1,806,57.06235885620117,0.01859283447265625,-57.06235885620117,0.8493268127921096,0.6985007526885985
collapsed_plain,final,128,58,43,0,-1,112.74642944335938,0.5623283386230469,-112.74642944335938,0.40028790565267286,0.3388082541664672
collapsed_plain,final,128,58,44,0,-1,122.12422180175781,0.6917028427124023,-122.12422180175781,0.2972082701878671,0.3570698592173372
collapsed_plain,final,128,58,45,0,-1,112.12602996826172,0.5576667785644531,-112.12602996826172,0.39513768503640245,0.39303978180891086
collapsed_plain,final,128,58,46,0,-1,133.71531677246094,0.7354850769042969,-133.71531677246094,0.2274156171982436,0.2696586712963542
collapsed_plain,final,128,58,48,0,-1,102.36369323730469,0.6648235321044922,-102.36369323730469,0.3926591668507574,0.4622639027477502
collapsed_plain,final,128,58,49,1,632,46.43773651123047,0.03613424301147461,-46.43773651123047,0.8940777543410472,0.9640755419560856
collapsed_plain,final,128,58,50,1,713,53.04596710205078,-0.02318716049194336,-53.04596710205078,0.9062861633764541,0.9641782991395099
collapsed_plain,final,128,58,51,0,-1,77.52279663085938,0.3427305221557617,-77.52279663085938,0.6372097329834424,0.39486163753523285
collapsed_plain,final,128,58,52,0,-1,54.92731475830078,0.12625837326049805,-54.92731475830078,0.8229968644954617,0.6669048987295964
collapsed_plain,final,128,58,53,0,-1,63.66941452026367,0.298828125,-63.66941452026367,0.7145704024928088,0.7214483911805973
collapsed_plain,final,128,58,54,1,696,80.40078735351562,0.2858867645263672,-80.40078735351562,0.6514568229911051,0.7670736137073845
collapsed_plain,final,128,58,55,0,-1,112.24713134765625,0.6613006591796875,-112.24713134765625,0.35429523333341983,0.3305967003175449
collapsed_plain,final,128,58,57,0,-1,121.29002380371094,0.6542625427246094,-121.29002380371094,0.318339586480947,0.2793410982346123
collapsed_plain,final,128,58,59,0,-1,79.99557495117188,0.32189178466796875,-79.99557495117188,0.6392881308251721,0.6467663874169944
collapsed_plain,final,128,58,60,1,838,74.09011840820312,0.1699075698852539,-74.09011840820312,0.724690537494719,0.5270796511739992
collapsed_plain,final,128,58,62,0,-1,105.76583862304688,0.614384651184082,-105.76583862304688,0.3977399008010307,0.23349328128974728
collapsed_plain,final,128,58,65,0,-1,82.94441986083984,0.15667057037353516,-82.94441986083984,0.6936287566124417,0.629532844239175
collapsed_plain,final,128,58,66,1,558,53.561038970947266,0.04385089874267578,-53.561038970947266,0.8675363225769495,1.0653692146297455
collapsed_plain,final,128,58,67,0,-1,135.5225830078125,0.6277046203613281,-135.5225830078125,0.2675922746873175,0.3639168035628577
collapsed_plain,final,128,58,69,0,-1,132.57347106933594,0.9317035675048828,-132.57347106933594,0.1570373920713154,0.30902578630848976
collapsed_plain,final,128,58,70,0,-1,159.78358459472656,0.9897480010986328,-159.78358459472656,0.011334189687578933,0.18159479300506687
collapsed_plain,final,128,58,72,0,-1,119.38760375976562,0.5448122024536133,-119.38760375976562,0.37222998504084115,0.4160006472421421
collapsed_plain,final,128,58,73,0,-1,102.27883911132812,0.49217796325683594,-102.27883911132812,0.47228398678723604,0.255355816663868
collapsed_plain,final,128,58,74,0,-1,112.04993438720703,0.4850921630859375,-112.04993438720703,0.4318772979863346,0.46879816007037733
collapsed_plain,final,128,58,76,0,-1,62.24928283691406,0.10233306884765625,-62.24928283691406,0.7988697780943526,0.5830336290161827
collapsed_plain,final,128,58,77,0,-1,118.7959976196289,0.7716207504272461,-118.7959976196289,0.2850181200838434,0.41049766565918333
collapsed_plain,final,128,58,78,1,691,50.7011833190918,0.08527612686157227,-50.7011833190918,0.8632817509115447,0.9310614668756186
collapsed_plain,final,128,58,79,1,681,59.209312438964844,0.14069318771362305,-59.209312438964844,0.8051100455064323,0.7379535004163773
collapsed_plain,final,128,59,12,0,77,0.8832764625549316,0.026291459798812866,-0.8832764625549316,1.1218160199024079,0.9999996589547611
collapsed_plain,final,128,59,18,0,95,1.1093379259109497,-0.0347251296043396,-1.1093379259109497,1.1354653240991028,1.0900385628604923
collapsed_plain,final,128,59,27,0,105,1.7549309730529785,0.017774522304534912,-1.7549309730529785,1.120873667296138,0.9989965505842917
collapsed_plain,final,128,59,40,0,-1,24.086843490600586,0.5088860988616943,-24.086843490600586,0.7974322576666997,0.82120190965784
collapsed_plain,final,128,59,62,0,-1,1.872527837753296,0.062590092420578,-1.872527837753296,1.0961587331378808,1.0115418637592761
