axis,model,puzzle_index,rating_bucket,iteration,coordinate,correct_fraction,first_solve_progress,stable_solved_duration,remaining_incorrect_fraction
stable_plain,stable_plain,1,0,0,-2.479872226715088,0.12727272510528564,0.0,0.0,0.8727272748947144
stable_plain,stable_plain,1,0,1,-1.6085346937179565,0.6181818246841431,0.20000000298023224,0.0,0.38181817531585693
stable_plain,stable_plain,1,0,2,-0.891796886920929,0.7636363506317139,0.4000000059604645,0.0,0.23636364936828613
stable_plain,stable_plain,1,0,4,-0.3763984739780426,0.9454545378684998,0.800000011920929,0.0,0.054545462131500244
stable_plain,stable_plain,1,0,8,0.20130600035190582,1.0,1.0,0.23212747275829315,0.0
stable_plain,stable_plain,1,0,12,0.28442132472991943,1.0,1.0,0.316903293132782,0.0
stable_plain,stable_plain,1,0,16,0.3440655469894409,1.0,1.0,0.3699398338794708,0.0
stable_plain,stable_plain,1,0,24,0.40306946635246277,1.0,1.0,0.43910813331604004,0.0
stable_plain,stable_plain,1,0,32,0.43519583344459534,1.0,1.0,0.4856613576412201,0.0
stable_plain,stable_plain,1,0,48,0.48394912481307983,1.0,1.0,0.5490307807922363,0.0
stable_plain,stable_plain,1,0,64,0.525473952293396,1.0,1.0,0.5929068326950073,0.0
stable_plain,stable_plain,1,0,96,0.591142475605011,1.0,1.0,0.6537318229675293,0.0
stable_plain,stable_plain,1,0,128,0.6365675926208496,1.0,1.0,0.6963824033737183,0.0
stable_plain,stable_plain,1,0,192,0.6890909075737,1.0,1.0,0.756011426448822,0.0
stable_plain,stable_plain,1,0,256,0.7185725569725037,1.0,1.0,0.7980747222900391,0.0
stable_plain,stable_plain,1,0,384,0.7572162747383118,1.0,1.0,0.8571234345436096,0.0
stable_plain,stable_plain,1,0,512,0.7857334613800049,1.0,1.0,0.8988991379737854,0.0
stable_plain,stable_plain,1,0,768,0.824877142906189,1.0,1.0,0.9576619863510132,0.0
stable_plain,stable_plain,1,0,1024,0.8495267033576965,1.0,1.0,0.9992954134941101,0.0
stable_plain,stable_plain,4,0,0,-2.479871988296509,0.125,0.0,0.0,0.875
stable_plain,stable_plain,4,0,1,-1.9944069385528564,0.5357142686843872,0.1666666716337204,0.0,0.4642857313156128
stable_plain,stable_plain,4,0,2,-1.6977041959762573,0.6785714030265808,0.3333333432674408,0.0,0.3214285969734192
stable_plain,stable_plain,4,0,4,-1.1003931760787964,0.8571428656578064,0.6666666865348816,0.0,0.1428571343421936
stable_plain,stable_plain,4,0,8,0.07441060245037079,1.0,1.0,0.19994372129440308,0.0
stable_plain,stable_plain,4,0,12,0.1963111311197281,1.0,1.0,0.2999155819416046,0.0
stable_plain,stable_plain,4,0,16,0.273081511259079,1.0,1.0,0.35839536786079407,0.0
stable_plain,stable_plain,4,0,24,0.34402531385421753,1.0,1.0,0.43207117915153503,0.0
stable_plain,stable_plain,4,0,32,0.38251325488090515,1.0,1.0,0.4806002080440521,0.0
stable_plain,stable_plain,4,0,48,0.43481266498565674,1.0,1.0,0.5457895398139954,0.0
stable_plain,stable_plain,4,0,64,0.47391411662101746,1.0,1.0,0.590522825717926,0.0
stable_plain,stable_plain,4,0,96,0.5306979417800903,1.0,1.0,0.6521726250648499,0.0
stable_plain,stable_plain,4,0,128,0.5705903172492981,1.0,1.0,0.6952239274978638,0.0
stable_plain,stable_plain,4,0,192,0.619347095489502,1.0,1.0,0.7552462816238403,0.0
stable_plain,stable_plain,4,0,256,0.6491053700447083,1.0,1.0,0.7975034713745117,0.0
stable_plain,stable_plain,4,0,384,0.690568208694458,1.0,1.0,0.8567444086074829,0.0
stable_plain,stable_plain,4,0,512,0.7230364084243774,1.0,1.0,0.8986155390739441,0.0
stable_plain,stable_plain,4,0,768,0.7674533724784851,1.0,1.0,0.9574733972549438,0.0
stable_plain,stable_plain,4,0,1024,0.7939709424972534,1.0,1.0,0.9991540908813477,0.0
stable_plain,stable_plain,8,0,0,-2.479872226715088,0.1090909093618393,0.0,0.0,0.8909090757369995
stable_plain,stable_plain,8,0,1,-1.646759271621704,0.581818163394928,0.20000000298023224,0.0,0.418181836605072
stable_plain,stable_plain,8,0,2,-1.1994162797927856,0.7454545497894287,0.4000000059604645,0.0,0.2545454502105713
stable_plain,stable_plain,8,0,4,-0.761762797832489,0.9090909361839294,0.800000011920929,0.0,0.09090906381607056
stable_plain,stable_plain,8,0,8,0.17990398406982422,1.0,1.0,0.23212747275829315,0.0
stable_plain,stable_plain,8,0,12,0.26480716466903687,1.0,1.0,0.316903293132782,0.0
stable_plain,stable_plain,8,0,16,0.337982177734375,1.0,1.0,0.3699398338794708,0.0
stable_plain,stable_plain,8,0,24,0.40048694610595703,1.0,1.0,0.43910813331604004,0.0
stable_plain,stable_plain,8,0,32,0.43391454219818115,1.0,1.0,0.4856613576412201,0.0
stable_plain,stable_plain,8,0,48,0.48997369408607483,1.0,1.0,0.5490307807922363,0.0
stable_plain,stable_plain,8,0,64,0.5394546389579773,1.0,1.0,0.5929068326950073,0.0
stable_plain,stable_plain,8,0,96,0.6164671182632446,1.0,1.0,0.6537318229675293,0.0
stable_plain,stable_plain,8,0,128,0.6693346500396729,1.0,1.0,0.6963824033737183,0.0
stable_plain,stable_plain,8,0,192,0.7341281771659851,1.0,1.0,0.756011426448822,0.0
stable_plain,stable_plain,8,0,256,0.7725991010665894,1.0,1.0,0.7980747222900391,0.0
stable_plain,stable_plain,8,0,384,0.8210062384605408,1.0,1.0,0.8571234345436096,0.0
stable_plain,stable_plain,8,0,512,0.8547754883766174,1.0,1.0,0.8988991379737854,0.0
stable_plain,stable_plain,8,0,768,0.8997226357460022,1.0,1.0,0.9576619863510132,0.0
stable_plain,stable_plain,8,0,1024,0.92566978931427,1.0,1.0,0.9992954134941101,0.0
stable_plain,stable_plain,9,0,0,-2.479872465133667,0.14814814925193787,0.0,0.0,0.8518518209457397
stable_plain,stable_plain,9,0,1,-1.6553013324737549,0.5370370149612427,0.1666666716337204,0.0,0.4629629850387573
stable_plain,stable_plain,9,0,2,-1.192291259765625,0.6851851940155029,0.3333333432674408,0.0,0.31481480598449707
stable_plain,stable_plain,9,0,4,-0.4996265470981598,0.6666666865348816,0.6666666865348816,0.0,0.3333333134651184
stable_plain,stable_plain,9,0,8,0.29069259762763977,1.0,1.0,0.19994372129440308,0.0
stable_plain,stable_plain,9,0,12,0.256374716758728,1.0,1.0,0.2999155819416046,0.0
stable_plain,stable_plain,9,0,16,0.3181125819683075,1.0,1.0,0.35839536786079407,0.0
stable_plain,stable_plain,9,0,24,0.3852170705795288,1.0,1.0,0.43207117915153503,0.0
stable_plain,stable_plain,9,0,32,0.42537644505500793,1.0,1.0,0.4806002080440521,0.0
stable_plain,stable_plain,9,0,48,0.48244181275367737,1.0,1.0,0.5457895398139954,0.0
stable_plain,stable_plain,9,0,64,0.527101993560791,1.0,1.0,0.590522825717926,0.0
stable_plain,stable_plain,9,0,96,0.5935439467430115,1.0,1.0,0.6521726250648499,0.0
stable_plain,stable_plain,9,0,128,0.6390169858932495,1.0,1.0,0.6952239274978638,0.0
stable_plain,stable_plain,9,0,192,0.6936913132667542,1.0,1.0,0.7552462816238403,0.0
stable_plain,stable_plain,9,0,256,0.725490391254425,1.0,1.0,0.7975034713745117,0.0
stable_plain,stable_plain,9,0,384,0.768404483795166,1.0,1.0,0.8567444086074829,0.0
stable_plain,stable_plain,9,0,512,0.801554799079895,1.0,1.0,0.8986155390739441,0.0
stable_plain,stable_plain,9,0,768,0.8487411737442017,1.0,1.0,0.9574733972549438,0.0
stable_plain,stable_plain,9,0,1024,0.8749710321426392,1.0,1.0,0.9991540908813477,0.0
stable_plain,stable_plain,12,1-2,0,-2.479871988296509,0.1090909093618393,0.0,0.0,0.8909090757369995
stable_plain,stable_plain,12,1-2,1,-1.4135953187942505,0.581818163394928,0.20000000298023224,0.0,0.418181836605072
stable_plain,stable_plain,12,1-2,2,-0.9490630030632019,0.6000000238418579,0.4000000059604645,0.0,0.3999999761581421
stable_plain,stable_plain,12,1-2,4,-0.7282493710517883,0.800000011920929,0.800000011920929,0.0,0.19999998807907104
stable_plain,stable_plain,12,1-2,8,0.20736002922058105,1.0,1.0,0.23212747275829315,0.0
stable_plain,stable_plain,12,1-2,12,0.26878824830055237,1.0,1.0,0.316903293132782,0.0
stable_plain,stable_plain,12,1-2,16,0.3533959984779358,1.0,1.0,0.3699398338794708,0.0
stable_plain,stable_plain,12,1-2,24,0.4338102340698242,1.0,1.0,0.43910813331604004,0.0
stable_plain,stable_plain,12,1-2,32,0.4797486662864685,1.0,1.0,0.4856613576412201,0.0
stable_plain,stable_plain,12,1-2,48,0.5391435027122498,1.0,1.0,0.5490307807922363,0.0
stable_plain,stable_plain,12,1-2,64,0.5804383754730225,1.0,1.0,0.5929068326950073,0.0
stable_plain,stable_plain,12,1-2,96,0.6392837762832642,1.0,1.0,0.6537318229675293,0.0
stable_plain,stable_plain,12,1-2,128,0.6796947121620178,1.0,1.0,0.6963824033737183,0.0
stable_plain,stable_plain,12,1-2,192,0.726163923740387,1.0,1.0,0.756011426448822,0.0
stable_plain,stable_plain,12,1-2,256,0.7528882622718811,1.0,1.0,0.7980747222900391,0.0
stable_plain,stable_plain,12,1-2,384,0.7895792722702026,1.0,1.0,0.8571234345436096,0.0
stable_plain,stable_plain,12,1-2,512,0.8190054893493652,1.0,1.0,0.8988991379737854,0.0
stable_plain,stable_plain,12,1-2,768,0.8626001477241516,1.0,1.0,0.9576619863510132,0.0
stable_plain,stable_plain,12,1-2,1024,0.8909856081008911,1.0,1.0,0.9992954134941101,0.0
stable_plain,stable_plain,13,1-2,0,-2.479871988296509,0.09090909361839294,0.0,0.0,0.9090908765792847
stable_plain,stable_plain,13,1-2,1,-1.5308793783187866,0.4909090995788574,0.0555555559694767,0.0,0.5090909004211426
stable_plain,stable_plain,13,1-2,2,-1.0538654327392578,0.5454545617103577,0.1111111119389534,0.0,0.45454543828964233
stable_plain,stable_plain,13,1-2,4,-0.7993305325508118,0.6727272868156433,0.2222222238779068,0.0,0.3272727131843567
stable_plain,stable_plain,13,1-2,8,-0.47196832299232483,0.5636363625526428,0.4444444477558136,0.0,0.4363636374473572
stable_plain,stable_plain,13,1-2,12,-0.3181396424770355,0.5090909004211426,0.6666666865348816,0.0,0.4909090995788574
stable_plain,stable_plain,13,1-2,16,-0.012819296680390835,0.6909090876579285,0.8888888955116272,0.0,0.30909091234207153
stable_plain,stable_plain,13,1-2,24,0.29584652185440063,1.0,1.0,0.2999155819416046,0.0
stable_plain,stable_plain,13,1-2,32,0.3936282694339752,1.0,1.0,0.39988744258880615,0.0
stable_plain,stable_plain,13,1-2,48,0.4713102877140045,1.0,1.0,0.4998593032360077,0.0
stable_plain,stable_plain,13,1-2,64,0.5097315311431885,1.0,1.0,0.5583390593528748,0.0
stable_plain,stable_plain,13,1-2,96,0.5639817118644714,1.0,1.0,0.6320148706436157,0.0
stable_plain,stable_plain,13,1-2,128,0.6023868918418884,1.0,1.0,0.6805438995361328,0.0
stable_plain,stable_plain,13,1-2,192,0.6561315655708313,1.0,1.0,0.7457332611083984,0.0
stable_plain,stable_plain,13,1-2,256,0.6915555596351624,1.0,1.0,0.7904665470123291,0.0
stable_plain,stable_plain,13,1-2,384,0.7409862279891968,1.0,1.0,0.8521163463592529,0.0
stable_plain,stable_plain,13,1-2,512,0.7794057726860046,1.0,1.0,0.8951676487922668,0.0
stable_plain,stable_plain,13,1-2,768,0.8347765803337097,1.0,1.0,0.9551900029182434,0.0
stable_plain,stable_plain,13,1-2,1024,0.8709383606910706,1.0,1.0,0.9974471926689148,0.0
stable_plain,stable_plain,20,1-2,0,-2.479872226715088,0.1071428582072258,0.0,0.0,0.8928571343421936
stable_plain,stable_plain,20,1-2,1,-1.7038829326629639,0.5714285969734192,0.1666666716337204,0.0,0.4285714030265808
stable_plain,stable_plain,20,1-2,2,-1.3708819150924683,0.6607142686843872,0.3333333432674408,0.0,0.3392857313156128
stable_plain,stable_plain,20,1-2,4,-0.9591619968414307,0.9285714030265808,0.6666666865348816,0.0,0.07142859697341919
stable_plain,stable_plain,20,1-2,8,0.1417856514453888,1.0,1.0,0.19994372129440308,0.0
stable_plain,stable_plain,20,1-2,12,0.23987232148647308,1.0,1.0,0.2999155819416046,0.0
stable_plain,stable_plain,20,1-2,16,0.31731703877449036,1.0,1.0,0.35839536786079407,0.0
stable_plain,stable_plain,20,1-2,24,0.38659313321113586,1.0,1.0,0.43207117915153503,0.0
stable_plain,stable_plain,20,1-2,32,0.42882388830184937,1.0,1.0,0.4806002080440521,0.0
stable_plain,stable_plain,20,1-2,48,0.49615049362182617,1.0,1.0,0.5457895398139954,0.0
stable_plain,stable_plain,20,1-2,64,0.5499406456947327,1.0,1.0,0.590522825717926,0.0
stable_plain,stable_plain,20,1-2,96,0.6300679445266724,1.0,1.0,0.6521726250648499,0.0
stable_plain,stable_plain,20,1-2,128,0.6848264336585999,1.0,1.0,0.6952239274978638,0.0
stable_plain,stable_plain,20,1-2,192,0.7504816651344299,1.0,1.0,0.7552462816238403,0.0
stable_plain,stable_plain,20,1-2,256,0.7910121083259583,1.0,1.0,0.7975034713745117,0.0
stable_plain,stable_plain,20,1-2,384,0.8472712635993958,1.0,1.0,0.8567444086074829,0.0
stable_plain,stable_plain,20,1-2,512,0.8856322169303894,1.0,1.0,0.8986155390739441,0.0
stable_plain,stable_plain,20,1-2,768,0.9319490790367126,1.0,1.0,0.9574733972549438,0.0
stable_plain,stable_plain,20,1-2,1024,0.9575007557868958,1.0,1.0,0.9991540908813477,0.0
stable_plain,stable_plain,22,1-2,0,-2.479871988296509,0.109375,0.0,0.0,0.890625
stable_plain,stable_plain,22,1-2,1,-1.9318362474441528,0.296875,0.1428571492433548,0.0,0.703125
stable_plain,stable_plain,22,1-2,2,-1.6996291875839233,0.5625,0.2857142984867096,0.0,0.4375
stable_plain,stable_plain,22,1-2,4,-0.9838637113571167,0.859375,0.5714285969734192,0.0,0.140625
stable_plain,stable_plain,22,1-2,8,0.17801351845264435,1.0,1.0,0.158451646566391,0.0
stable_plain,stable_plain,22,1-2,12,0.22000114619731903,1.0,1.0,0.28065648674964905,0.0
stable_plain,stable_plain,22,1-2,16,0.3120928406715393,1.0,1.0,0.3458458185195923,0.0
stable_plain,stable_plain,22,1-2,24,0.39753520488739014,1.0,1.0,0.4246731996536255,0.0
stable_plain,stable_plain,22,1-2,32,0.4388708472251892,1.0,1.0,0.475354939699173,0.0
stable_plain,stable_plain,22,1-2,48,0.4923863112926483,1.0,1.0,0.5424737930297852,0.0
stable_plain,stable_plain,22,1-2,64,0.536286473274231,1.0,1.0,0.5880987644195557,0.0
stable_plain,stable_plain,22,1-2,96,0.6095842719078064,1.0,1.0,0.6505963206291199,0.0
stable_plain,stable_plain,22,1-2,128,0.6648861765861511,1.0,1.0,0.6940560936927795,0.0
stable_plain,stable_plain,22,1-2,192,0.7310810089111328,1.0,1.0,0.7544770836830139,0.0
stable_plain,stable_plain,22,1-2,256,0.7681239247322083,1.0,1.0,0.7969300150871277,0.0
stable_plain,stable_plain,22,1-2,384,0.8187320828437805,1.0,1.0,0.8563643097877502,0.0
stable_plain,stable_plain,22,1-2,512,0.8582629561424255,1.0,1.0,0.8983312845230103,0.0
stable_plain,stable_plain,22,1-2,768,0.9128071665763855,1.0,1.0,0.9572844505310059,0.0
stable_plain,stable_plain,22,1-2,1024,0.9442062973976135,1.0,1.0,0.9990125894546509,0.0
stable_plain,stable_plain,27,3-10,0,-2.479871988296509,0.12727272510528564,0.0,0.0,0.8727272748947144
stable_plain,stable_plain,27,3-10,1,-1.6698821783065796,0.5272727012634277,0.1666666716337204,0.0,0.47272729873657227
stable_plain,stable_plain,27,3-10,2,-1.2246583700180054,0.6727272868156433,0.3333333432674408,0.0,0.3272727131843567
stable_plain,stable_plain,27,3-10,4,-1.3058030605316162,0.7636363506317139,0.6666666865348816,0.0,0.23636364936828613
stable_plain,stable_plain,27,3-10,8,0.05734185129404068,1.0,1.0,0.19994372129440308,0.0
stable_plain,stable_plain,27,3-10,12,0.2008056640625,1.0,1.0,0.2999155819416046,0.0
stable_plain,stable_plain,27,3-10,16,0.2998882234096527,1.0,1.0,0.35839536786079407,0.0
stable_plain,stable_plain,27,3-10,24,0.3889906406402588,1.0,1.0,0.43207117915153503,0.0
stable_plain,stable_plain,27,3-10,32,0.43927714228630066,1.0,1.0,0.4806002080440521,0.0
stable_plain,stable_plain,27,3-10,48,0.5058863162994385,1.0,1.0,0.5457895398139954,0.0
stable_plain,stable_plain,27,3-10,64,0.5561519265174866,1.0,1.0,0.590522825717926,0.0
stable_plain,stable_plain,27,3-10,96,0.6330898404121399,1.0,1.0,0.6521726250648499,0.0
stable_plain,stable_plain,27,3-10,128,0.6886124014854431,1.0,1.0,0.6952239274978638,0.0
stable_plain,stable_plain,27,3-10,192,0.7603543996810913,1.0,1.0,0.7552462816238403,0.0
stable_plain,stable_plain,27,3-10,256,0.8057348728179932,1.0,1.0,0.7975034713745117,0.0
stable_plain,stable_plain,27,3-10,384,0.8678726553916931,1.0,1.0,0.8567444086074829,0.0
stable_plain,stable_plain,27,3-10,512,0.9119352102279663,1.0,1.0,0.8986155390739441,0.0
stable_plain,stable_plain,27,3-10,768,0.9639388918876648,1.0,1.0,0.9574733972549438,0.0
stable_plain,stable_plain,27,3-10,1024,0.9882425665855408,1.0,1.0,0.9991540908813477,0.0
stable_plain,stable_plain,29,3-10,0,-2.479872465133667,0.09259258955717087,0.0,0.0,0.9074074029922485
stable_plain,stable_plain,29,3-10,1,-1.5528010129928589,0.48148149251937866,0.1666666716337204,0.0,0.5185185074806213
stable_plain,stable_plain,29,3-10,2,-0.9079570770263672,0.5925925970077515,0.3333333432674408,0.0,0.40740740299224854
stable_plain,stable_plain,29,3-10,4,-0.6635845303535461,0.8888888955116272,0.6666666865348816,0.0,0.1111111044883728
stable_plain,stable_plain,29,3-10,8,0.3018973469734192,1.0,1.0,0.19994372129440308,0.0
stable_plain,stable_plain,29,3-10,12,0.11923413723707199,1.0,1.0,0.2999155819416046,0.0
stable_plain,stable_plain,29,3-10,16,0.18592621386051178,1.0,1.0,0.35839536786079407,0.0
stable_plain,stable_plain,29,3-10,24,0.2960644066333771,1.0,1.0,0.43207117915153503,0.0
stable_plain,stable_plain,29,3-10,32,0.35769835114479065,1.0,1.0,0.4806002080440521,0.0
stable_plain,stable_plain,29,3-10,48,0.43433284759521484,1.0,1.0,0.5457895398139954,0.0
stable_plain,stable_plain,29,3-10,64,0.48715949058532715,1.0,1.0,0.590522825717926,0.0
stable_plain,stable_plain,29,3-10,96,0.5645454525947571,1.0,1.0,0.6521726250648499,0.0
stable_plain,stable_plain,29,3-10,128,0.61790931224823,1.0,1.0,0.6952239274978638,0.0
stable_plain,stable_plain,29,3-10,192,0.6827759146690369,1.0,1.0,0.7552462816238403,0.0
stable_plain,stable_plain,29,3-10,256,0.7220650911331177,1.0,1.0,0.7975034713745117,0.0
stable_plain,stable_plain,29,3-10,384,0.7768767476081848,1.0,1.0,0.8567444086074829,0.0
stable_plain,stable_plain,29,3-10,512,0.815168559551239,1.0,1.0,0.8986155390739441,0.0
stable_plain,stable_plain,29,3-10,768,0.8577932119369507,1.0,1.0,0.9574733972549438,0.0
stable_plain,stable_plain,29,3-10,1024,0.8771591782569885,1.0,1.0,0.9991540908813477,0.0
stable_plain,stable_plain,30,3-10,0,-2.479872465133667,0.125,0.0,0.0,0.875
stable_plain,stable_plain,30,3-10,1,-1.7905997037887573,0.3928571343421936,0.1428571492433548,0.0,0.6071428656578064
stable_plain,stable_plain,30,3-10,2,-1.5997636318206787,0.6428571343421936,0.2857142984867096,0.0,0.3571428656578064
stable_plain,stable_plain,30,3-10,4,-1.4528944492340088,0.7142857313156128,0.5714285969734192,0.0,0.2857142686843872
stable_plain,stable_plain,30,3-10,8,0.11586311459541321,1.0,1.0,0.158451646566391,0.0
stable_plain,stable_plain,30,3-10,12,0.12551668286323547,1.0,1.0,0.28065648674964905,0.0
stable_plain,stable_plain,30,3-10,16,0.21255293488502502,1.0,1.0,0.3458458185195923,0.0
stable_plain,stable_plain,30,3-10,24,0.2916560173034668,1.0,1.0,0.4246731996536255,0.0
stable_plain,stable_plain,30,3-10,32,0.33698010444641113,1.0,1.0,0.475354939699173,0.0
stable_plain,stable_plain,30,3-10,48,0.40913712978363037,1.0,1.0,0.5424737930297852,0.0
stable_plain,stable_plain,30,3-10,64,0.46636778116226196,1.0,1.0,0.5880987644195557,0.0
stable_plain,stable_plain,30,3-10,96,0.5486426949501038,1.0,1.0,0.6505963206291199,0.0
stable_plain,stable_plain,30,3-10,128,0.6058329939842224,1.0,1.0,0.6940560936927795,0.0
stable_plain,stable_plain,30,3-10,192,0.6763151288032532,1.0,1.0,0.7544770836830139,0.0
stable_plain,stable_plain,30,3-10,256,0.7200213670730591,1.0,1.0,0.7969300150871277,0.0
stable_plain,stable_plain,30,3-10,384,0.7795212864875793,1.0,1.0,0.8563643097877502,0.0
stable_plain,stable_plain,30,3-10,512,0.8223553895950317,1.0,1.0,0.8983312845230103,0.0
stable_plain,stable_plain,30,3-10,768,0.878835141658783,1.0,1.0,0.9572844505310059,0.0
stable_plain,stable_plain,30,3-10,1024,0.9112651348114014,1.0,1.0,0.9990125894546509,0.0
stable_plain,stable_plain,35,3-10,0,-2.479872465133667,0.12068965286016464,0.0,0.0,0.8793103694915771
stable_plain,stable_plain,35,3-10,1,-1.8877151012420654,0.3965517282485962,0.09090909361839294,0.0,0.6034482717514038
stable_plain,stable_plain,35,3-10,2,-1.6304997205734253,0.568965494632721,0.1818181872367859,0.0,0.43103450536727905
stable_plain,stable_plain,35,3-10,4,-1.4995651245117188,0.5344827771186829,0.3636363744735718,0.0,0.46551722288131714
stable_plain,stable_plain,35,3-10,8,-1.1784019470214844,0.6896551847457886,0.7272727489471436,0.0,0.3103448152542114
stable_plain,stable_plain,35,3-10,12,-0.26439109444618225,1.0,1.0,0.158451646566391,0.0
stable_plain,stable_plain,35,3-10,16,0.14456121623516083,1.0,1.0,0.28065648674964905,0.0
stable_plain,stable_plain,35,3-10,24,0.2835807204246521,1.0,1.0,0.39057910442352295,0.0
stable_plain,stable_plain,35,3-10,32,0.3370837867259979,1.0,1.0,0.4522289037704468,0.0
stable_plain,stable_plain,35,3-10,48,0.40690284967422485,1.0,1.0,0.5283914804458618,0.0
stable_plain,stable_plain,35,3-10,64,0.4623238444328308,1.0,1.0,0.5779733061790466,0.0
stable_plain,stable_plain,35,3-10,96,0.5453994870185852,1.0,1.0,0.6441130042076111,0.0
stable_plain,stable_plain,35,3-10,128,0.6025036573410034,1.0,1.0,0.6892877221107483,0.0
stable_plain,stable_plain,35,3-10,192,0.6725735068321228,1.0,1.0,0.7513584494590759,0.0
stable_plain,stable_plain,35,3-10,256,0.7134938836097717,1.0,1.0,0.7946130633354187,0.0
stable_plain,stable_plain,35,3-10,384,0.7650741934776306,1.0,1.0,0.8548340797424316,0.0
stable_plain,stable_plain,35,3-10,512,0.8031498193740845,1.0,1.0,0.8971889019012451,0.0
stable_plain,stable_plain,35,3-10,768,0.8562953472137451,1.0,1.0,0.9565263390541077,0.0
stable_plain,stable_plain,35,3-10,1024,0.8896329998970032,1.0,1.0,0.9984452724456787,0.0
stable_plain,stable_plain,36,11-50,0,-2.479871988296509,0.145454540848732,0.0,0.0,0.8545454740524292
stable_plain,stable_plain,36,11-50,1,-1.651827096939087,0.4363636374473572,0.20000000298023224,0.0,0.5636363625526428
stable_plain,stable_plain,36,11-50,2,-0.9604325890541077,0.6909090876579285,0.4000000059604645,0.0,0.30909091234207153
stable_plain,stable_plain,36,11-50,4,-0.41412773728370667,0.9636363387107849,0.800000011920929,0.0,0.03636366128921509
stable_plain,stable_plain,36,11-50,8,0.1795188933610916,1.0,1.0,0.23212747275829315,0.0
stable_plain,stable_plain,36,11-50,12,0.19682016968727112,1.0,1.0,0.316903293132782,0.0
stable_plain,stable_plain,36,11-50,16,0.27090129256248474,1.0,1.0,0.3699398338794708,0.0
stable_plain,stable_plain,36,11-50,24,0.35882946848869324,1.0,1.0,0.43910813331604004,0.0
stable_plain,stable_plain,36,11-50,32,0.40941062569618225,1.0,1.0,0.4856613576412201,0.0
stable_plain,stable_plain,36,11-50,48,0.4766561985015869,1.0,1.0,0.5490307807922363,0.0
stable_plain,stable_plain,36,11-50,64,0.5256028771400452,1.0,1.0,0.5929068326950073,0.0
stable_plain,stable_plain,36,11-50,96,0.5954832434654236,1.0,1.0,0.6537318229675293,0.0
stable_plain,stable_plain,36,11-50,128,0.6447157859802246,1.0,1.0,0.6963824033737183,0.0
stable_plain,stable_plain,36,11-50,192,0.7068806290626526,1.0,1.0,0.756011426448822,0.0
stable_plain,stable_plain,36,11-50,256,0.7454513907432556,1.0,1.0,0.7980747222900391,0.0
stable_plain,stable_plain,36,11-50,384,0.8014432787895203,1.0,1.0,0.8571234345436096,0.0
stable_plain,stable_plain,36,11-50,512,0.8455991744995117,1.0,1.0,0.8988991379737854,0.0
stable_plain,stable_plain,36,11-50,768,0.9069741368293762,1.0,1.0,0.9576619863510132,0.0
stable_plain,stable_plain,36,11-50,1024,0.9431701302528381,1.0,1.0,0.9992954134941101,0.0
stable_plain,stable_plain,38,11-50,0,-2.479871988296509,0.09090909361839294,0.0,0.0,0.9090908765792847
stable_plain,stable_plain,38,11-50,1,-1.7645163536071777,0.5272727012634277,0.20000000298023224,0.0,0.47272729873657227
stable_plain,stable_plain,38,11-50,2,-1.3636449575424194,0.6363636255264282,0.4000000059604645,0.0,0.3636363744735718
stable_plain,stable_plain,38,11-50,4,-0.4940137267112732,0.8181818127632141,0.800000011920929,0.0,0.1818181872367859
stable_plain,stable_plain,38,11-50,8,0.12855343520641327,1.0,1.0,0.23212747275829315,0.0
stable_plain,stable_plain,38,11-50,12,0.1499108225107193,1.0,1.0,0.316903293132782,0.0
stable_plain,stable_plain,38,11-50,16,0.24410046637058258,1.0,1.0,0.3699398338794708,0.0
stable_plain,stable_plain,38,11-50,24,0.336997389793396,1.0,1.0,0.43910813331604004,0.0
stable_plain,stable_plain,38,11-50,32,0.3834696114063263,1.0,1.0,0.4856613576412201,0.0
stable_plain,stable_plain,38,11-50,48,0.45051056146621704,1.0,1.0,0.5490307807922363,0.0
stable_plain,stable_plain,38,11-50,64,0.5042237043380737,1.0,1.0,0.5929068326950073,0.0
stable_plain,stable_plain,38,11-50,96,0.5830377340316772,1.0,1.0,0.6537318229675293,0.0
stable_plain,stable_plain,38,11-50,128,0.6361008286476135,1.0,1.0,0.6963824033737183,0.0
stable_plain,stable_plain,38,11-50,192,0.697247326374054,1.0,1.0,0.756011426448822,0.0
stable_plain,stable_plain,38,11-50,256,0.7323535680770874,1.0,1.0,0.7980747222900391,0.0
stable_plain,stable_plain,38,11-50,384,0.7809694409370422,1.0,1.0,0.8571234345436096,0.0
stable_plain,stable_plain,38,11-50,512,0.8178404569625854,1.0,1.0,0.8988991379737854,0.0
stable_plain,stable_plain,38,11-50,768,0.8676396012306213,1.0,1.0,0.9576619863510132,0.0
stable_plain,stable_plain,38,11-50,1024,0.8963004946708679,1.0,1.0,0.9992954134941101,0.0
stable_plain,stable_plain,41,11-50,0,-2.479872226715088,0.14035087823867798,0.0,0.0,0.859649121761322
stable_plain,stable_plain,41,11-50,1,-1.4706597328186035,0.4736842215061188,0.25,0.0,0.5263158082962036
stable_plain,stable_plain,41,11-50,2,-0.8325157165527344,0.7719298005104065,0.5,0.0,0.2280701994895935
stable_plain,stable_plain,41,11-50,4,-0.029618943110108376,1.0,1.0,0.09997186064720154,0.0
stable_plain,stable_plain,41,11-50,8,0.17110656201839447,1.0,1.0,0.25842350721359253,0.0
stable_plain,stable_plain,41,11-50,12,0.2370389699935913,1.0,1.0,0.3320993185043335,0.0
stable_plain,stable_plain,41,11-50,16,0.2941579818725586,1.0,1.0,0.3806283473968506,0.0
stable_plain,stable_plain,41,11-50,24,0.35290274024009705,1.0,1.0,0.4458176791667938,0.0
stable_plain,stable_plain,41,11-50,32,0.3858073949813843,1.0,1.0,0.4905509650707245,0.0
stable_plain,stable_plain,41,11-50,48,0.4387117624282837,1.0,1.0,0.5522007346153259,0.0
stable_plain,stable_plain,41,11-50,64,0.48705917596817017,1.0,1.0,0.5952520370483398,0.0
stable_plain,stable_plain,41,11-50,96,0.5686113238334656,1.0,1.0,0.6552744507789612,0.0
stable_plain,stable_plain,41,11-50,128,0.6254276037216187,1.0,1.0,0.6975316405296326,0.0
stable_plain,stable_plain,41,11-50,192,0.6922975182533264,1.0,1.0,0.756772518157959,0.0
stable_plain,stable_plain,41,11-50,256,0.7302025556564331,1.0,1.0,0.7986436486244202,0.0
stable_plain,stable_plain,41,11-50,384,0.7810429334640503,1.0,1.0,0.8575015068054199,0.0
stable_plain,stable_plain,41,11-50,512,0.8195168375968933,1.0,1.0,0.8991822004318237,0.0
stable_plain,stable_plain,41,11-50,768,0.8695566058158875,1.0,1.0,0.9578503966331482,0.0
stable_plain,stable_plain,41,11-50,1024,0.8977087736129761,1.0,1.0,0.999436616897583,0.0
stable_plain,stable_plain,47,11-50,0,-2.479872226715088,0.10526315867900848,0.0,0.0,0.8947368264198303
stable_plain,stable_plain,47,11-50,1,-1.7692288160324097,0.3684210479259491,0.05882352963089943,0.0,0.6315789222717285
stable_plain,stable_plain,47,11-50,2,-1.6457877159118652,0.38596490025520325,0.11764705926179886,0.0,0.6140351295471191
stable_plain,stable_plain,47,11-50,4,-1.5308114290237427,0.28070175647735596,0.23529411852359772,0.0,0.719298243522644
stable_plain,stable_plain,47,11-50,8,-1.4719362258911133,0.2631579041481018,0.47058823704719543,0.0,0.7368420958518982
stable_plain,stable_plain,47,11-50,12,-1.5012985467910767,0.31578946113586426,0.7058823704719543,0.0,0.6842105388641357
stable_plain,stable_plain,47,11-50,16,-0.943792998790741,0.8070175647735596,0.9411764740943909,0.0,0.19298243522644043
stable_plain,stable_plain,47,11-50,24,0.2823650538921356,1.0,1.0,0.316903293132782,0.0
stable_plain,stable_plain,47,11-50,32,0.35032546520233154,1.0,1.0,0.40863126516342163,0.0
stable_plain,stable_plain,47,11-50,48,0.43159258365631104,1.0,1.0,0.5042974352836609,0.0
stable_plain,stable_plain,47,11-50,64,0.4870607852935791,1.0,1.0,0.5613129734992981,0.0
stable_plain,stable_plain,47,11-50,96,0.5605530142784119,1.0,1.0,0.633806586265564,0.0
stable_plain,stable_plain,47,11-50,128,0.6098607182502747,1.0,1.0,0.6818259954452515,0.0
stable_plain,stable_plain,47,11-50,192,0.674860954284668,1.0,1.0,0.746550440788269,0.0
stable_plain,stable_plain,47,11-50,256,0.7162787318229675,1.0,1.0,0.7910662293434143,0.0
stable_plain,stable_plain,47,11-50,384,0.7715273499488831,1.0,1.0,0.8525077104568481,0.0
stable_plain,stable_plain,47,11-50,512,0.8144481778144836,1.0,1.0,0.8954581022262573,0.0
stable_plain,stable_plain,47,11-50,768,0.8826817274093628,1.0,1.0,0.9553816914558411,0.0
stable_plain,stable_plain,47,11-50,1024,0.9327309131622314,1.0,1.0,0.9975902438163757,0.0
stable_plain,stable_plain,51,51+,0,-2.479871988296509,0.13793103396892548,0.0,0.0,0.8620689511299133
stable_plain,stable_plain,51,51+,1,-2.0331966876983643,0.4137931168079376,0.1428571492433548,0.0,0.5862069129943848
stable_plain,stable_plain,51,51+,2,-1.6751655340194702,0.517241358757019,0.2857142984867096,0.0,0.48275864124298096
stable_plain,stable_plain,51,51+,4,-1.3340601921081543,0.8103448152542114,0.5714285969734192,0.0,0.18965518474578857
stable_plain,stable_plain,51,51+,8,-0.2489461451768875,1.0,1.0,0.158451646566391,0.0
stable_plain,stable_plain,51,51+,12,0.0719001516699791,1.0,1.0,0.28065648674964905,0.0
stable_plain,stable_plain,51,51+,16,0.2165045142173767,1.0,1.0,0.3458458185195923,0.0
stable_plain,stable_plain,51,51+,24,0.32550734281539917,1.0,1.0,0.4246731996536255,0.0
stable_plain,stable_plain,51,51+,32,0.37352073192596436,1.0,1.0,0.475354939699173,0.0
stable_plain,stable_plain,51,51+,48,0.4349033236503601,1.0,1.0,0.5424737930297852,0.0
stable_plain,stable_plain,51,51+,64,0.4814414978027344,1.0,1.0,0.5880987644195557,0.0
stable_plain,stable_plain,51,51+,96,0.5536549091339111,1.0,1.0,0.6505963206291199,0.0
stable_plain,stable_plain,51,51+,128,0.6059978604316711,1.0,1.0,0.6940560936927795,0.0
stable_plain,stable_plain,51,51+,192,0.6712146997451782,1.0,1.0,0.7544770836830139,0.0
stable_plain,stable_plain,51,51+,256,0.7102759480476379,1.0,1.0,0.7969300150871277,0.0
stable_plain,stable_plain,51,51+,384,0.7614794969558716,1.0,1.0,0.8563643097877502,0.0
stable_plain,stable_plain,51,51+,512,0.7984011173248291,1.0,1.0,0.8983312845230103,0.0
stable_plain,stable_plain,51,51+,768,0.8472528457641602,1.0,1.0,0.9572844505310059,0.0
stable_plain,stable_plain,51,51+,1024,0.8753824830055237,1.0,1.0,0.9990125894546509,0.0
stable_plain,stable_plain,52,51+,0,-2.479871988296509,0.1428571492433548,0.0,0.0,0.8571428656578064
stable_plain,stable_plain,52,51+,1,-1.8748648166656494,0.4107142984867096,0.0714285746216774,0.0,0.5892857313156128
stable_plain,stable_plain,52,51+,2,-1.7429255247116089,0.5178571343421936,0.1428571492433548,0.0,0.4821428656578064
stable_plain,stable_plain,52,51+,4,-1.5350213050842285,0.5357142686843872,0.2857142984867096,0.0,0.4642857313156128
stable_plain,stable_plain,52,51+,8,-1.3643816709518433,0.625,0.5714285969734192,0.0,0.375
stable_plain,stable_plain,52,51+,12,-1.0990850925445557,0.8214285969734192,0.8571428656578064,0.0,0.1785714030265808
stable_plain,stable_plain,52,51+,16,0.04729801416397095,1.0,1.0,0.19994372129440308,0.0
stable_plain,stable_plain,52,51+,24,0.3001384139060974,1.0,1.0,0.35839536786079407,0.0
stable_plain,stable_plain,52,51+,32,0.38915926218032837,1.0,1.0,0.43207117915153503,0.0
stable_plain,stable_plain,52,51+,48,0.47636711597442627,1.0,1.0,0.5168470144271851,0.0
stable_plain,stable_plain,52,51+,64,0.5341455936431885,1.0,1.0,0.5698835253715515,0.0
stable_plain,stable_plain,52,51+,96,0.6149356961250305,1.0,1.0,0.6390518546104431,0.0
stable_plain,stable_plain,52,51+,128,0.6700876355171204,1.0,1.0,0.6856051087379456,0.0
stable_plain,stable_plain,52,51+,192,0.7376176714897156,1.0,1.0,0.7489745020866394,0.0
stable_plain,stable_plain,52,51+,256,0.7761386632919312,1.0,1.0,0.7928504943847656,0.0
stable_plain,stable_plain,52,51+,384,0.8225269317626953,1.0,1.0,0.8536755442619324,0.0
stable_plain,stable_plain,52,51+,512,0.8537471294403076,1.0,1.0,0.8963261246681213,0.0
stable_plain,stable_plain,52,51+,768,0.8942701816558838,1.0,1.0,0.9559551477432251,0.0
stable_plain,stable_plain,52,51+,1024,0.9190289378166199,1.0,1.0,0.9980184435844421,0.0
stable_plain,stable_plain,53,51+,0,-2.479871988296509,0.1090909093618393,0.0,0.0,0.8909090757369995
stable_plain,stable_plain,53,51+,1,-1.634361743927002,0.5454545617103577,0.25,0.0,0.45454543828964233
stable_plain,stable_plain,53,51+,2,-0.8641911149024963,0.7636363506317139,0.5,0.0,0.23636364936828613
stable_plain,stable_plain,53,51+,4,0.08054759353399277,1.0,1.0,0.09997186064720154,0.0
stable_plain,stable_plain,53,51+,8,0.3102223873138428,1.0,1.0,0.25842350721359253,0.0
stable_plain,stable_plain,53,51+,12,0.31843996047973633,1.0,1.0,0.3320993185043335,0.0
stable_plain,stable_plain,53,51+,16,0.36382150650024414,1.0,1.0,0.3806283473968506,0.0
stable_plain,stable_plain,53,51+,24,0.41521626710891724,1.0,1.0,0.4458176791667938,0.0
stable_plain,stable_plain,53,51+,32,0.4492932856082916,1.0,1.0,0.4905509650707245,0.0
stable_plain,stable_plain,53,51+,48,0.5024659633636475,1.0,1.0,0.5522007346153259,0.0
stable_plain,stable_plain,53,51+,64,0.544710099697113,1.0,1.0,0.5952520370483398,0.0
stable_plain,stable_plain,53,51+,96,0.6070334911346436,1.0,1.0,0.6552744507789612,0.0
stable_plain,stable_plain,53,51+,128,0.6473156809806824,1.0,1.0,0.6975316405296326,0.0
stable_plain,stable_plain,53,51+,192,0.6925007104873657,1.0,1.0,0.756772518157959,0.0
stable_plain,stable_plain,53,51+,256,0.7194123268127441,1.0,1.0,0.7986436486244202,0.0
stable_plain,stable_plain,53,51+,384,0.7576379179954529,1.0,1.0,0.8575015068054199,0.0
stable_plain,stable_plain,53,51+,512,0.7876393795013428,1.0,1.0,0.8991822004318237,0.0
stable_plain,stable_plain,53,51+,768,0.8287709951400757,1.0,1.0,0.9578503966331482,0.0
stable_plain,stable_plain,53,51+,1024,0.8516432046890259,1.0,1.0,0.999436616897583,0.0
stable_plain,stable_plain,56,51+,0,-2.479872465133667,0.11666666716337204,0.0,0.0,0.8833333253860474
stable_plain,stable_plain,56,51+,1,-1.8767757415771484,0.3499999940395355,0.029411764815449715,0.0,0.6499999761581421
stable_plain,stable_plain,56,51+,2,-1.7793077230453491,0.5166666507720947,0.05882352963089943,0.0,0.4833333492279053
stable_plain,stable_plain,56,51+,4,-1.4439691305160522,0.46666666865348816,0.11764705926179886,0.0,0.5333333015441895
stable_plain,stable_plain,56,51+,8,-1.152746558189392,0.5333333611488342,0.23529411852359772,0.0,0.46666663885116577
stable_plain,stable_plain,56,51+,12,-0.6733067631721497,0.5833333134651184,0.3529411852359772,0.0,0.4166666865348816
stable_plain,stable_plain,56,51+,16,-0.7825549244880676,0.5166666507720947,0.47058823704719543,0.0,0.4833333492279053
stable_plain,stable_plain,56,51+,24,-0.6758091449737549,0.5,0.7058823704719543,0.0,0.5
stable_plain,stable_plain,56,51+,32,-0.4535769820213318,0.6333333253860474,0.9411764740943909,0.0,0.36666667461395264
stable_plain,stable_plain,56,51+,48,0.4054771363735199,1.0,1.0,0.39988744258880615,0.0
stable_plain,stable_plain,56,51+,64,0.4560149013996124,1.0,1.0,0.4998593032360077,0.0
stable_plain,stable_plain,56,51+,96,0.5560471415519714,1.0,1.0,0.5998311638832092,0.0
stable_plain,stable_plain,56,51+,128,0.616848349571228,1.0,1.0,0.6583109498023987,0.0
stable_plain,stable_plain,56,51+,192,0.6754807233810425,1.0,1.0,0.7319867610931396,0.0
stable_plain,stable_plain,56,51+,256,0.7086904048919678,1.0,1.0,0.780515730381012,0.0
stable_plain,stable_plain,56,51+,384,0.7559084892272949,1.0,1.0,0.8457050919532776,0.0
stable_plain,stable_plain,56,51+,512,0.7919535040855408,1.0,1.0,0.8904383778572083,0.0
stable_plain,stable_plain,56,51+,768,0.8428848385810852,1.0,1.0,0.9520881772041321,0.0
stable_plain,stable_plain,56,51+,1024,0.8766295909881592,1.0,1.0,0.995139479637146,0.0
stable_plain,collapsed_plain,1,0,0,-0.6492335200309753,0.12727272510528564,0.0,0.0,0.8727272748947144
stable_plain,collapsed_plain,1,0,1,-1.382780909538269,0.6181818246841431,0.20000000298023224,0.0,0.38181817531585693
stable_plain,collapsed_plain,1,0,2,-1.3322397470474243,0.7636363506317139,0.4000000059604645,0.0,0.23636364936828613
stable_plain,collapsed_plain,1,0,4,-1.448967695236206,0.9090909361839294,0.800000011920929,0.0,0.09090906381607056
stable_plain,collapsed_plain,1,0,8,-1.5868029594421387,1.0,1.0,0.23212747275829315,0.0
stable_plain,collapsed_plain,1,0,12,-1.8509341478347778,1.0,1.0,0.316903293132782,0.0
stable_plain,collapsed_plain,1,0,16,-1.9939707517623901,1.0,1.0,0.3699398338794708,0.0
stable_plain,collapsed_plain,1,0,24,-2.10115909576416,1.0,1.0,0.43910813331604004,0.0
stable_plain,collapsed_plain,1,0,32,-2.1292741298675537,1.0,1.0,0.4856613576412201,0.0
stable_plain,collapsed_plain,1,0,48,-2.1333701610565186,1.0,1.0,0.5490307807922363,0.0
stable_plain,collapsed_plain,1,0,64,-2.119028329849243,1.0,1.0,0.5929068326950073,0.0
stable_plain,collapsed_plain,1,0,96,-2.0870044231414795,1.0,1.0,0.6537318229675293,0.0
stable_plain,collapsed_plain,1,0,128,-2.067688465118408,1.0,1.0,0.6963824033737183,0.0
stable_plain,collapsed_plain,1,0,192,-2.0787155628204346,1.0,1.0,0.756011426448822,0.0
stable_plain,collapsed_plain,1,0,256,-2.143033266067505,1.0,1.0,0.7980747222900391,0.0
stable_plain,collapsed_plain,1,0,384,-2.421454668045044,1.0,1.0,0.8571234345436096,0.0
stable_plain,collapsed_plain,1,0,512,-2.744342088699341,1.0,1.0,0.8988991379737854,0.0
stable_plain,collapsed_plain,1,0,768,-3.091804265975952,0.9818181991577148,1.0,0.0,0.018181800842285156
stable_plain,collapsed_plain,1,0,1024,-3.270759344100952,0.9272727370262146,1.0,0.0,0.0727272629737854
stable_plain,collapsed_plain,4,0,0,-0.6492329239845276,0.1428571492433548,0.0,0.0,0.8571428656578064
stable_plain,collapsed_plain,4,0,1,-1.3209612369537354,0.5535714030265808,0.20000000298023224,0.0,0.4464285969734192
stable_plain,collapsed_plain,4,0,2,-1.2359747886657715,0.7142857313156128,0.4000000059604645,0.0,0.2857142686843872
stable_plain,collapsed_plain,4,0,4,-1.402698278427124,0.9464285969734192,0.800000011920929,0.0,0.05357140302658081
stable_plain,collapsed_plain,4,0,8,-1.5884233713150024,1.0,1.0,0.23212747275829315,0.0
stable_plain,collapsed_plain,4,0,12,-1.8413479328155518,1.0,1.0,0.316903293132782,0.0
stable_plain,collapsed_plain,4,0,16,-1.9609954357147217,1.0,1.0,0.3699398338794708,0.0
stable_plain,collapsed_plain,4,0,24,-2.0369150638580322,1.0,1.0,0.43910813331604004,0.0
stable_plain,collapsed_plain,4,0,32,-2.049250841140747,1.0,1.0,0.4856613576412201,0.0
stable_plain,collapsed_plain,4,0,48,-2.0425798892974854,1.0,1.0,0.5490307807922363,0.0
stable_plain,collapsed_plain,4,0,64,-2.032020092010498,1.0,1.0,0.5929068326950073,0.0
stable_plain,collapsed_plain,4,0,96,-2.0029654502868652,1.0,1.0,0.6537318229675293,0.0
stable_plain,collapsed_plain,4,0,128,-1.9630048274993896,1.0,1.0,0.6963824033737183,0.0
stable_plain,collapsed_plain,4,0,192,-1.8881829977035522,1.0,1.0,0.756011426448822,0.0
stable_plain,collapsed_plain,4,0,256,-1.891832947731018,1.0,1.0,0.7980747222900391,0.0
stable_plain,collapsed_plain,4,0,384,-1.947411060333252,1.0,1.0,0.8571234345436096,0.0
stable_plain,collapsed_plain,4,0,512,-1.9452145099639893,1.0,1.0,0.8988991379737854,0.0
stable_plain,collapsed_plain,4,0,768,-2.6877942085266113,0.9464285969734192,1.0,0.0,0.05357140302658081
stable_plain,collapsed_plain,4,0,1024,-3.4966723918914795,0.625,1.0,0.0,0.375
stable_plain,collapsed_plain,8,0,0,-0.6492332220077515,0.1090909093618393,0.0,0.0,0.8909090757369995
stable_plain,collapsed_plain,8,0,1,-1.3489018678665161,0.581818163394928,0.20000000298023224,0.0,0.418181836605072
stable_plain,collapsed_plain,8,0,2,-1.3355693817138672,0.7636363506317139,0.4000000059604645,0.0,0.23636364936828613
stable_plain,collapsed_plain,8,0,4,-1.0468014478683472,0.8181818127632141,0.800000011920929,0.0,0.1818181872367859
stable_plain,collapsed_plain,8,0,8,-1.4393188953399658,1.0,1.0,0.23212747275829315,0.0
stable_plain,collapsed_plain,8,0,12,-1.8487277030944824,1.0,1.0,0.316903293132782,0.0
stable_plain,collapsed_plain,8,0,16,-2.022251844406128,1.0,1.0,0.3699398338794708,0.0
stable_plain,collapsed_plain,8,0,24,-2.132585048675537,1.0,1.0,0.43910813331604004,0.0
stable_plain,collapsed_plain,8,0,32,-2.1582303047180176,1.0,1.0,0.4856613576412201,0.0
stable_plain,collapsed_plain,8,0,48,-2.1554436683654785,1.0,1.0,0.5490307807922363,0.0
stable_plain,collapsed_plain,8,0,64,-2.139930009841919,1.0,1.0,0.5929068326950073,0.0
stable_plain,collapsed_plain,8,0,96,-2.1145131587982178,1.0,1.0,0.6537318229675293,0.0
stable_plain,collapsed_plain,8,0,128,-2.1027324199676514,1.0,1.0,0.6963824033737183,0.0
stable_plain,collapsed_plain,8,0,192,-2.0978152751922607,1.0,1.0,0.756011426448822,0.0
stable_plain,collapsed_plain,8,0,256,-2.141029119491577,1.0,1.0,0.7980747222900391,0.0
stable_plain,collapsed_plain,8,0,384,-2.2640299797058105,1.0,1.0,0.8571234345436096,0.0
stable_plain,collapsed_plain,8,0,512,-2.443464517593384,1.0,1.0,0.8988991379737854,0.0
stable_plain,collapsed_plain,8,0,768,-2.828097343444824,0.9818181991577148,1.0,0.0,0.018181800842285156
stable_plain,collapsed_plain,8,0,1024,-3.312617063522339,0.6909090876579285,1.0,0.0,0.30909091234207153
stable_plain,collapsed_plain,9,0,0,-0.6492334008216858,0.1111111119389534,0.0,0.0,0.8888888955116272
stable_plain,collapsed_plain,9,0,1,-1.1958351135253906,0.6111111044883728,0.1666666716337204,0.0,0.3888888955116272
stable_plain,collapsed_plain,9,0,2,-1.2260135412216187,0.7037037014961243,0.3333333432674408,0.0,0.29629629850387573
stable_plain,collapsed_plain,9,0,4,-1.093421459197998,0.7222222089767456,0.6666666865348816,0.0,0.2777777910232544
stable_plain,collapsed_plain,9,0,8,-1.3588584661483765,1.0,1.0,0.19994372129440308,0.0
stable_plain,collapsed_plain,9,0,12,-1.7288976907730103,1.0,1.0,0.2999155819416046,0.0
stable_plain,collapsed_plain,9,0,16,-1.905128836631775,1.0,1.0,0.35839536786079407,0.0
stable_plain,collapsed_plain,9,0,24,-2.0026497840881348,1.0,1.0,0.43207117915153503,0.0
stable_plain,collapsed_plain,9,0,32,-2.0177972316741943,1.0,1.0,0.4806002080440521,0.0
stable_plain,collapsed_plain,9,0,48,-2.002215623855591,1.0,1.0,0.5457895398139954,0.0
stable_plain,collapsed_plain,9,0,64,-1.982456088066101,1.0,1.0,0.590522825717926,0.0
stable_plain,collapsed_plain,9,0,96,-1.9417798519134521,1.0,1.0,0.6521726250648499,0.0
stable_plain,collapsed_plain,9,0,128,-1.9068456888198853,1.0,1.0,0.6952239274978638,0.0
stable_plain,collapsed_plain,9,0,192,-1.8652968406677246,1.0,1.0,0.7552462816238403,0.0
stable_plain,collapsed_plain,9,0,256,-1.8582689762115479,1.0,1.0,0.7975034713745117,0.0
stable_plain,collapsed_plain,9,0,384,-1.9215850830078125,1.0,1.0,0.8567444086074829,0.0
stable_plain,collapsed_plain,9,0,512,-2.0227530002593994,1.0,1.0,0.8986155390739441,0.0
stable_plain,collapsed_plain,9,0,768,-2.6077911853790283,0.9444444179534912,1.0,0.0,0.05555558204650879
stable_plain,collapsed_plain,9,0,1024,-3.373199939727783,0.7407407164573669,1.0,0.0,0.25925928354263306
stable_plain,collapsed_plain,12,1-2,0,-0.6492334008216858,0.09090909361839294,0.0,0.0,0.9090908765792847
stable_plain,collapsed_plain,12,1-2,1,-2.3181090354919434,0.6000000238418579,0.1428571492433548,0.0,0.3999999761581421
stable_plain,collapsed_plain,12,1-2,2,-2.0532608032226562,0.6727272868156433,0.2857142984867096,0.0,0.3272727131843567
stable_plain,collapsed_plain,12,1-2,4,-1.9815099239349365,0.7636363506317139,0.5714285969734192,0.0,0.23636364936828613
stable_plain,collapsed_plain,12,1-2,8,-1.9073224067687988,1.0,1.0,0.158451646566391,0.0
stable_plain,collapsed_plain,12,1-2,12,-1.6901541948318481,1.0,1.0,0.28065648674964905,0.0
stable_plain,collapsed_plain,12,1-2,16,-1.889486312866211,1.0,1.0,0.3458458185195923,0.0
stable_plain,collapsed_plain,12,1-2,24,-2.1506869792938232,1.0,1.0,0.4246731996536255,0.0
stable_plain,collapsed_plain,12,1-2,32,-2.245303153991699,1.0,1.0,0.475354939699173,0.0
stable_plain,collapsed_plain,12,1-2,48,-2.28391695022583,1.0,1.0,0.5424737930297852,0.0
stable_plain,collapsed_plain,12,1-2,64,-2.2842884063720703,1.0,1.0,0.5880987644195557,0.0
stable_plain,collapsed_plain,12,1-2,96,-2.2725000381469727,1.0,1.0,0.6505963206291199,0.0
stable_plain,collapsed_plain,12,1-2,128,-2.2730278968811035,1.0,1.0,0.6940560936927795,0.0
stable_plain,collapsed_plain,12,1-2,192,-2.3861923217773438,1.0,1.0,0.7544770836830139,0.0
stable_plain,collapsed_plain,12,1-2,256,-2.548874616622925,1.0,1.0,0.7969300150871277,0.0
stable_plain,collapsed_plain,12,1-2,384,-2.8038406372070312,1.0,1.0,0.8563643097877502,0.0
stable_plain,collapsed_plain,12,1-2,512,-3.105719566345215,1.0,1.0,0.8983312845230103,0.0
stable_plain,collapsed_plain,12,1-2,768,-3.2332651615142822,0.9636363387107849,1.0,0.0,0.03636366128921509
stable_plain,collapsed_plain,12,1-2,1024,-3.3594987392425537,0.9272727370262146,1.0,0.0,0.0727272629737854
stable_plain,collapsed_plain,13,1-2,0,-0.6492332220077515,0.09090909361839294,0.0,0.0,0.9090908765792847
stable_plain,collapsed_plain,13,1-2,1,-1.2632408142089844,0.5636363625526428,0.02857142873108387,0.0,0.4363636374473572
stable_plain,collapsed_plain,13,1-2,2,-1.245836853981018,0.5272727012634277,0.05714285746216774,0.0,0.47272729873657227
stable_plain,collapsed_plain,13,1-2,4,-1.0605533123016357,0.6363636255264282,0.11428571492433548,0.0,0.3636363744735718
stable_plain,collapsed_plain,13,1-2,8,-0.7451567053794861,0.5636363625526428,0.22857142984867096,0.0,0.4363636374473572
stable_plain,collapsed_plain,13,1-2,12,-0.7740285396575928,0.5454545617103577,0.34285715222358704,0.0,0.45454543828964233
stable_plain,collapsed_plain,13,1-2,16,-0.7110714912414551,0.6727272868156433,0.4571428596973419,0.0,0.3272727131843567
stable_plain,collapsed_plain,13,1-2,24,-0.6345695853233337,0.6363636255264282,0.6857143044471741,0.0,0.3636363744735718
stable_plain,collapsed_plain,13,1-2,32,-0.5820186734199524,0.7636363506317139,0.9142857193946838,0.0,0.23636364936828613
stable_plain,collapsed_plain,13,1-2,48,-1.9018774032592773,1.0,1.0,0.39057910442352295,0.0
stable_plain,collapsed_plain,13,1-2,64,-2.1237449645996094,1.0,1.0,0.4952802062034607,0.0
stable_plain,collapsed_plain,13,1-2,96,-2.1630563735961914,1.0,1.0,0.5975597500801086,0.0
stable_plain,collapsed_plain,13,1-2,128,-2.1584410667419434,1.0,1.0,0.6568006873130798,0.0
stable_plain,collapsed_plain,13,1-2,192,-2.148300886154175,1.0,1.0,0.7310824990272522,0.0
stable_plain,collapsed_plain,13,1-2,256,-2.1553971767425537,1.0,1.0,0.7798704504966736,0.0
stable_plain,collapsed_plain,13,1-2,384,-2.2319846153259277,1.0,1.0,0.8452947735786438,0.0
stable_plain,collapsed_plain,13,1-2,512,-2.3683695793151855,1.0,1.0,0.8901376128196716,0.0
stable_plain,collapsed_plain,13,1-2,768,-3.0537760257720947,0.8181818127632141,1.0,0.0,0.1818181872367859
stable_plain,collapsed_plain,13,1-2,1024,-3.2994205951690674,0.5272727012634277,1.0,0.0,0.47272729873657227
stable_plain,collapsed_plain,20,1-2,0,-0.6492329239845276,0.0892857164144516,0.0,0.0,0.9107142686843872
stable_plain,collapsed_plain,20,1-2,1,-1.1655009984970093,0.5892857313156128,0.20000000298023224,0.0,0.4107142686843872
stable_plain,collapsed_plain,20,1-2,2,-1.204908013343811,0.7142857313156128,0.4000000059604645,0.0,0.2857142686843872
stable_plain,collapsed_plain,20,1-2,4,-1.2297470569610596,0.8928571343421936,0.800000011920929,0.0,0.1071428656578064
stable_plain,collapsed_plain,20,1-2,8,-1.4626439809799194,1.0,1.0,0.23212747275829315,0.0
stable_plain,collapsed_plain,20,1-2,12,-1.847406029701233,1.0,1.0,0.316903293132782,0.0
stable_plain,collapsed_plain,20,1-2,16,-2.0245954990386963,1.0,1.0,0.3699398338794708,0.0
stable_plain,collapsed_plain,20,1-2,24,-2.15110445022583,1.0,1.0,0.43910813331604004,0.0
stable_plain,collapsed_plain,20,1-2,32,-2.1907799243927,1.0,1.0,0.4856613576412201,0.0
stable_plain,collapsed_plain,20,1-2,48,-2.1999306678771973,1.0,1.0,0.5490307807922363,0.0
stable_plain,collapsed_plain,20,1-2,64,-2.192761182785034,1.0,1.0,0.5929068326950073,0.0
stable_plain,collapsed_plain,20,1-2,96,-2.1743452548980713,1.0,1.0,0.6537318229675293,0.0
stable_plain,collapsed_plain,20,1-2,128,-2.169665575027466,1.0,1.0,0.6963824033737183,0.0
stable_plain,collapsed_plain,20,1-2,192,-2.1983065605163574,1.0,1.0,0.756011426448822,0.0
stable_plain,collapsed_plain,20,1-2,256,-2.254361867904663,1.0,1.0,0.7980747222900391,0.0
stable_plain,collapsed_plain,20,1-2,384,-2.4434540271759033,1.0,1.0,0.8571234345436096,0.0
stable_plain,collapsed_plain,20,1-2,512,-2.507718563079834,1.0,1.0,0.8988991379737854,0.0
stable_plain,collapsed_plain,20,1-2,768,-3.186349391937256,0.8392857313156128,1.0,0.0,0.1607142686843872
stable_plain,collapsed_plain,20,1-2,1024,-3.223031997680664,0.7678571343421936,1.0,0.0,0.2321428656578064
stable_plain,collapsed_plain,22,1-2,0,-0.6492332220077515,0.109375,0.0,0.0,0.890625
stable_plain,collapsed_plain,22,1-2,1,-1.831610918045044,0.375,0.1428571492433548,0.0,0.625
stable_plain,collapsed_plain,22,1-2,2,-1.8540401458740234,0.5625,0.2857142984867096,0.0,0.4375
stable_plain,collapsed_plain,22,1-2,4,-1.5905925035476685,0.828125,0.5714285969734192,0.0,0.171875
stable_plain,collapsed_plain,22,1-2,8,-1.531322956085205,1.0,1.0,0.158451646566391,0.0
stable_plain,collapsed_plain,22,1-2,12,-1.8762168884277344,1.0,1.0,0.28065648674964905,0.0
stable_plain,collapsed_plain,22,1-2,16,-2.053133964538574,1.0,1.0,0.3458458185195923,0.0
stable_plain,collapsed_plain,22,1-2,24,-2.176286458969116,1.0,1.0,0.4246731996536255,0.0
stable_plain,collapsed_plain,22,1-2,32,-2.2094523906707764,1.0,1.0,0.475354939699173,0.0
stable_plain,collapsed_plain,22,1-2,48,-2.2028324604034424,1.0,1.0,0.5424737930297852,0.0
stable_plain,collapsed_plain,22,1-2,64,-2.1773874759674072,1.0,1.0,0.5880987644195557,0.0
stable_plain,collapsed_plain,22,1-2,96,-2.1291134357452393,1.0,1.0,0.6505963206291199,0.0
stable_plain,collapsed_plain,22,1-2,128,-2.08536958694458,1.0,1.0,0.6940560936927795,0.0
stable_plain,collapsed_plain,22,1-2,192,-2.0283522605895996,1.0,1.0,0.7544770836830139,0.0
stable_plain,collapsed_plain,22,1-2,256,-2.024738073348999,1.0,1.0,0.7969300150871277,0.0
stable_plain,collapsed_plain,22,1-2,384,-2.0887136459350586,1.0,1.0,0.8563643097877502,0.0
stable_plain,collapsed_plain,22,1-2,512,-2.2146828174591064,1.0,1.0,0.8983312845230103,0.0
stable_plain,collapsed_plain,22,1-2,768,-2.48363995552063,1.0,1.0,0.9572844505310059,0.0
stable_plain,collapsed_plain,22,1-2,1024,-2.8677608966827393,0.8125,1.0,0.0,0.1875
stable_plain,collapsed_plain,27,3-10,0,-0.6492335200309753,0.12727272510528564,0.0,0.0,0.8727272748947144
stable_plain,collapsed_plain,27,3-10,1,-1.7004714012145996,0.5454545617103577,0.1666666716337204,0.0,0.45454543828964233
stable_plain,collapsed_plain,27,3-10,2,-1.4360190629959106,0.6545454263687134,0.3333333432674408,0.0,0.3454545736312866
stable_plain,collapsed_plain,27,3-10,4,-1.4357050657272339,0.7272727489471436,0.6666666865348816,0.0,0.27272725105285645
stable_plain,collapsed_plain,27,3-10,8,-1.4169672727584839,1.0,1.0,0.19994372129440308,0.0
stable_plain,collapsed_plain,27,3-10,12,-1.7311335802078247,1.0,1.0,0.2999155819416046,0.0
stable_plain,collapsed_plain,27,3-10,16,-1.9589427709579468,1.0,1.0,0.35839536786079407,0.0
stable_plain,collapsed_plain,27,3-10,24,-2.132112503051758,1.0,1.0,0.43207117915153503,0.0
stable_plain,collapsed_plain,27,3-10,32,-2.1771745681762695,1.0,1.0,0.4806002080440521,0.0
stable_plain,collapsed_plain,27,3-10,48,-2.1907920837402344,1.0,1.0,0.5457895398139954,0.0
stable_plain,collapsed_plain,27,3-10,64,-2.188755512237549,1.0,1.0,0.590522825717926,0.0
stable_plain,collapsed_plain,27,3-10,96,-2.1809194087982178,1.0,1.0,0.6521726250648499,0.0
stable_plain,collapsed_plain,27,3-10,128,-2.180392265319824,1.0,1.0,0.6952239274978638,0.0
stable_plain,collapsed_plain,27,3-10,192,-2.2612907886505127,1.0,1.0,0.7552462816238403,0.0
stable_plain,collapsed_plain,27,3-10,256,-2.4276673793792725,1.0,1.0,0.7975034713745117,0.0
stable_plain,collapsed_plain,27,3-10,384,-2.530015707015991,1.0,1.0,0.8567444086074829,0.0
stable_plain,collapsed_plain,27,3-10,512,-2.4603121280670166,1.0,1.0,0.8986155390739441,0.0
stable_plain,collapsed_plain,27,3-10,768,-2.6007297039031982,0.9636363387107849,1.0,0.0,0.03636366128921509
stable_plain,collapsed_plain,27,3-10,1024,-2.9265546798706055,0.8363636136054993,1.0,0.0,0.16363638639450073
stable_plain,collapsed_plain,29,3-10,0,-0.6492331027984619,0.1111111119389534,0.0,0.0,0.8888888955116272
stable_plain,collapsed_plain,29,3-10,1,-1.815268635749817,0.5185185074806213,0.1428571492433548,0.0,0.48148149251937866
stable_plain,collapsed_plain,29,3-10,2,-1.912561058998108,0.5555555820465088,0.2857142984867096,0.0,0.4444444179534912
stable_plain,collapsed_plain,29,3-10,4,-1.917356252670288,0.7592592835426331,0.5714285969734192,0.0,0.24074071645736694
stable_plain,collapsed_plain,29,3-10,8,-1.7602635622024536,1.0,1.0,0.158451646566391,0.0
stable_plain,collapsed_plain,29,3-10,12,-1.8518050909042358,1.0,1.0,0.28065648674964905,0.0
stable_plain,collapsed_plain,29,3-10,16,-2.0620198249816895,1.0,1.0,0.3458458185195923,0.0
stable_plain,collapsed_plain,29,3-10,24,-2.2802062034606934,1.0,1.0,0.4246731996536255,0.0
stable_plain,collapsed_plain,29,3-10,32,-2.3627676963806152,1.0,1.0,0.475354939699173,0.0
stable_plain,collapsed_plain,29,3-10,48,-2.389911413192749,1.0,1.0,0.5424737930297852,0.0
stable_plain,collapsed_plain,29,3-10,64,-2.3797481060028076,1.0,1.0,0.5880987644195557,0.0
stable_plain,collapsed_plain,29,3-10,96,-2.3498692512512207,1.0,1.0,0.6505963206291199,0.0
stable_plain,collapsed_plain,29,3-10,128,-2.3277053833007812,1.0,1.0,0.6940560936927795,0.0
stable_plain,collapsed_plain,29,3-10,192,-2.3363142013549805,1.0,1.0,0.7544770836830139,0.0
stable_plain,collapsed_plain,29,3-10,256,-2.403029203414917,1.0,1.0,0.7969300150871277,0.0
stable_plain,collapsed_plain,29,3-10,384,-2.5164027214050293,1.0,1.0,0.8563643097877502,0.0
stable_plain,collapsed_plain,29,3-10,512,-2.599581718444824,1.0,1.0,0.8983312845230103,0.0
stable_plain,collapsed_plain,29,3-10,768,-2.6541903018951416,1.0,1.0,0.9572844505310059,0.0
stable_plain,collapsed_plain,29,3-10,1024,-2.73630690574646,0.9814814925193787,1.0,0.0,0.018518507480621338
stable_plain,collapsed_plain,30,3-10,0,-0.6492332220077515,0.1071428582072258,0.0,0.0,0.8928571343421936
stable_plain,collapsed_plain,30,3-10,1,-1.3470888137817383,0.4642857015132904,0.1666666716337204,0.0,0.5357142686843872
stable_plain,collapsed_plain,30,3-10,2,-1.5999783277511597,0.5892857313156128,0.3333333432674408,0.0,0.4107142686843872
stable_plain,collapsed_plain,30,3-10,4,-1.405065655708313,0.7678571343421936,0.6666666865348816,0.0,0.2321428656578064
stable_plain,collapsed_plain,30,3-10,8,-1.1909104585647583,1.0,1.0,0.19994372129440308,0.0
stable_plain,collapsed_plain,30,3-10,12,-1.634835958480835,1.0,1.0,0.2999155819416046,0.0
stable_plain,collapsed_plain,30,3-10,16,-1.9532607793807983,1.0,1.0,0.35839536786079407,0.0
stable_plain,collapsed_plain,30,3-10,24,-2.167598009109497,1.0,1.0,0.43207117915153503,0.0
stable_plain,collapsed_plain,30,3-10,32,-2.226273536682129,1.0,1.0,0.4806002080440521,0.0
stable_plain,collapsed_plain,30,3-10,48,-2.255702018737793,1.0,1.0,0.5457895398139954,0.0
stable_plain,collapsed_plain,30,3-10,64,-2.261068820953369,1.0,1.0,0.590522825717926,0.0
stable_plain,collapsed_plain,30,3-10,96,-2.253734588623047,1.0,1.0,0.6521726250648499,0.0
stable_plain,collapsed_plain,30,3-10,128,-2.242394208908081,1.0,1.0,0.6952239274978638,0.0
stable_plain,collapsed_plain,30,3-10,192,-2.236196517944336,1.0,1.0,0.7552462816238403,0.0
stable_plain,collapsed_plain,30,3-10,256,-2.2725934982299805,1.0,1.0,0.7975034713745117,0.0
stable_plain,collapsed_plain,30,3-10,384,-2.4456114768981934,1.0,1.0,0.8567444086074829,0.0
stable_plain,collapsed_plain,30,3-10,512,-2.64829683303833,1.0,1.0,0.8986155390739441,0.0
stable_plain,collapsed_plain,30,3-10,768,-3.191472291946411,0.875,1.0,0.0,0.125
stable_plain,collapsed_plain,30,3-10,1024,-3.5290825366973877,0.7678571343421936,1.0,0.0,0.2321428656578064
stable_plain,collapsed_plain,35,3-10,0,-0.6492331027984619,0.12068965286016464,0.0,0.0,0.8793103694915771
stable_plain,collapsed_plain,35,3-10,1,-1.4368265867233276,0.36206895112991333,0.012048192322254181,0.0,0.6379310488700867
stable_plain,collapsed_plain,35,3-10,2,-1.7345978021621704,0.517241358757019,0.024096384644508362,0.0,0.48275864124298096
stable_plain,collapsed_plain,35,3-10,4,-1.810861349105835,0.4482758641242981,0.048192769289016724,0.0,0.5517241358757019
stable_plain,collapsed_plain,35,3-10,8,-1.4766591787338257,0.6206896305084229,0.09638553857803345,0.0,0.37931036949157715
stable_plain,collapsed_plain,35,3-10,12,-1.1554151773452759,0.5517241358757019,0.14457830786705017,0.0,0.4482758641242981
stable_plain,collapsed_plain,35,3-10,16,-0.7375597357749939,0.4655172526836395,0.1927710771560669,0.0,0.5344827175140381
stable_plain,collapsed_plain,35,3-10,24,-0.8525012731552124,0.3965517282485962,0.28915661573410034,0.0,0.6034482717514038
stable_plain,collapsed_plain,35,3-10,32,-0.6837968230247498,0.48275861144065857,0.3855421543121338,0.0,0.517241358757019
stable_plain,collapsed_plain,35,3-10,48,-0.4106573760509491,0.48275861144065857,0.5783132314682007,0.0,0.517241358757019
stable_plain,collapsed_plain,35,3-10,64,-0.013116950169205666,0.4482758641242981,0.7710843086242676,0.0,0.5517241358757019
stable_plain,collapsed_plain,35,3-10,96,-1.523331642150879,1.0,1.0,0.39057910442352295,0.0
stable_plain,collapsed_plain,35,3-10,128,-1.9967434406280518,1.0,1.0,0.5553025603294373,0.0
stable_plain,collapsed_plain,35,3-10,192,-2.041642904281616,1.0,1.0,0.6792504191398621,0.0
stable_plain,collapsed_plain,35,3-10,256,-2.025228500366211,1.0,1.0,0.7449113726615906,0.0
stable_plain,collapsed_plain,35,3-10,384,-1.9713757038116455,1.0,1.0,0.8240854144096375,0.0
stable_plain,collapsed_plain,35,3-10,512,-1.9605152606964111,1.0,1.0,0.8749081492424011,0.0
stable_plain,collapsed_plain,35,3-10,768,-2.066157102584839,1.0,1.0,0.9421514272689819,0.0
stable_plain,collapsed_plain,35,3-10,1024,-2.2951548099517822,1.0,1.0,0.9878333210945129,0.0
stable_plain,collapsed_plain,36,11-50,0,-0.6492332816123962,0.072727270424366,0.0,0.0,0.9272727370262146
stable_plain,collapsed_plain,36,11-50,1,-2.1313443183898926,0.5272727012634277,0.20000000298023224,0.0,0.47272729873657227
stable_plain,collapsed_plain,36,11-50,2,-2.3603105545043945,0.7090908885002136,0.4000000059604645,0.0,0.2909091114997864
stable_plain,collapsed_plain,36,11-50,4,-2.232090950012207,0.9636363387107849,0.800000011920929,0.0,0.03636366128921509
stable_plain,collapsed_plain,36,11-50,8,-2.0243842601776123,1.0,1.0,0.23212747275829315,0.0
stable_plain,collapsed_plain,36,11-50,12,-2.178135871887207,1.0,1.0,0.316903293132782,0.0
stable_plain,collapsed_plain,36,11-50,16,-2.283841609954834,1.0,1.0,0.3699398338794708,0.0
stable_plain,collapsed_plain,36,11-50,24,-2.3771543502807617,1.0,1.0,0.43910813331604004,0.0
stable_plain,collapsed_plain,36,11-50,32,-2.407538890838623,1.0,1.0,0.4856613576412201,0.0
stable_plain,collapsed_plain,36,11-50,48,-2.408217430114746,1.0,1.0,0.5490307807922363,0.0
stable_plain,collapsed_plain,36,11-50,64,-2.396980047225952,1.0,1.0,0.5929068326950073,0.0
stable_plain,collapsed_plain,36,11-50,96,-2.3781754970550537,1.0,1.0,0.6537318229675293,0.0
stable_plain,collapsed_plain,36,11-50,128,-2.366483211517334,1.0,1.0,0.6963824033737183,0.0
stable_plain,collapsed_plain,36,11-50,192,-2.364067554473877,1.0,1.0,0.756011426448822,0.0
stable_plain,collapsed_plain,36,11-50,256,-2.422544479370117,1.0,1.0,0.7980747222900391,0.0
stable_plain,collapsed_plain,36,11-50,384,-2.614021062850952,1.0,1.0,0.8571234345436096,0.0
stable_plain,collapsed_plain,36,11-50,512,-2.762641191482544,1.0,1.0,0.8988991379737854,0.0
stable_plain,collapsed_plain,36,11-50,768,-2.9793825149536133,0.9636363387107849,1.0,0.0,0.03636366128921509
stable_plain,collapsed_plain,36,11-50,1024,-3.165829658508301,0.9272727370262146,1.0,0.0,0.0727272629737854
stable_plain,collapsed_plain,38,11-50,0,-0.6492332220077515,0.072727270424366,0.0,0.0,0.9272727370262146
stable_plain,collapsed_plain,38,11-50,1,-1.6790956258773804,0.4909090995788574,0.1428571492433548,0.0,0.5090909004211426
stable_plain,collapsed_plain,38,11-50,2,-1.9133416414260864,0.6000000238418579,0.2857142984867096,0.0,0.3999999761581421
stable_plain,collapsed_plain,38,11-50,4,-1.7528334856033325,0.7818182110786438,0.5714285969734192,0.0,0.2181817889213562
stable_plain,collapsed_plain,38,11-50,8,-1.6905525922775269,1.0,1.0,0.158451646566391,0.0
stable_plain,collapsed_plain,38,11-50,12,-1.7000298500061035,1.0,1.0,0.28065648674964905,0.0
stable_plain,collapsed_plain,38,11-50,16,-1.889202356338501,1.0,1.0,0.3458458185195923,0.0
stable_plain,collapsed_plain,38,11-50,24,-2.0526413917541504,1.0,1.0,0.4246731996536255,0.0
stable_plain,collapsed_plain,38,11-50,32,-2.1007273197174072,1.0,1.0,0.475354939699173,0.0
stable_plain,collapsed_plain,38,11-50,48,-2.1066272258758545,1.0,1.0,0.5424737930297852,0.0
stable_plain,collapsed_plain,38,11-50,64,-2.087935209274292,1.0,1.0,0.5880987644195557,0.0
stable_plain,collapsed_plain,38,11-50,96,-2.058488130569458,1.0,1.0,0.6505963206291199,0.0
stable_plain,collapsed_plain,38,11-50,128,-2.033994197845459,1.0,1.0,0.6940560936927795,0.0
stable_plain,collapsed_plain,38,11-50,192,-2.010622024536133,1.0,1.0,0.7544770836830139,0.0
stable_plain,collapsed_plain,38,11-50,256,-2.0261385440826416,1.0,1.0,0.7969300150871277,0.0
stable_plain,collapsed_plain,38,11-50,384,-2.0561704635620117,1.0,1.0,0.8563643097877502,0.0
stable_plain,collapsed_plain,38,11-50,512,-2.0637032985687256,1.0,1.0,0.8983312845230103,0.0
stable_plain,collapsed_plain,38,11-50,768,-2.2861216068267822,0.9454545378684998,1.0,0.0,0.054545462131500244
stable_plain,collapsed_plain,38,11-50,1024,-2.568370819091797,0.7272727489471436,1.0,0.0,0.27272725105285645
stable_plain,collapsed_plain,41,11-50,0,-0.6492331027984619,0.08771929889917374,0.0,0.0,0.9122806787490845
stable_plain,collapsed_plain,41,11-50,1,-2.192103624343872,0.5438596606254578,0.25,0.0,0.45614033937454224
stable_plain,collapsed_plain,41,11-50,2,-2.427737236022949,0.719298243522644,0.5,0.0,0.28070175647735596
stable_plain,collapsed_plain,41,11-50,4,-1.9086798429489136,1.0,1.0,0.09997186064720154,0.0
stable_plain,collapsed_plain,41,11-50,8,-1.8433878421783447,1.0,1.0,0.25842350721359253,0.0
stable_plain,collapsed_plain,41,11-50,12,-1.9651654958724976,1.0,1.0,0.3320993185043335,0.0
stable_plain,collapsed_plain,41,11-50,16,-2.0438694953918457,1.0,1.0,0.3806283473968506,0.0
stable_plain,collapsed_plain,41,11-50,24,-2.132009267807007,1.0,1.0,0.4458176791667938,0.0
stable_plain,collapsed_plain,41,11-50,32,-2.163048267364502,1.0,1.0,0.4905509650707245,0.0
stable_plain,collapsed_plain,41,11-50,48,-2.1627182960510254,1.0,1.0,0.5522007346153259,0.0
stable_plain,collapsed_plain,41,11-50,64,-2.148420572280884,1.0,1.0,0.5952520370483398,0.0
stable_plain,collapsed_plain,41,11-50,96,-2.1159191131591797,1.0,1.0,0.6552744507789612,0.0
stable_plain,collapsed_plain,41,11-50,128,-2.0875232219696045,1.0,1.0,0.6975316405296326,0.0
stable_plain,collapsed_plain,41,11-50,192,-2.0780768394470215,1.0,1.0,0.756772518157959,0.0
stable_plain,collapsed_plain,41,11-50,256,-2.1429548263549805,1.0,1.0,0.7986436486244202,0.0
stable_plain,collapsed_plain,41,11-50,384,-2.3610262870788574,1.0,1.0,0.8575015068054199,0.0
stable_plain,collapsed_plain,41,11-50,512,-2.495788812637329,1.0,1.0,0.8991822004318237,0.0
stable_plain,collapsed_plain,41,11-50,768,-3.114967107772827,0.9473684430122375,1.0,0.0,0.05263155698776245
stable_plain,collapsed_plain,41,11-50,1024,-3.347203016281128,0.9298245906829834,1.0,0.0,0.0701754093170166
stable_plain,collapsed_plain,47,11-50,0,-0.6492334008216858,0.08771929889917374,0.0,0.0,0.9122806787490845
stable_plain,collapsed_plain,47,11-50,1,-1.6980682611465454,0.4035087823867798,0.023255813866853714,0.0,0.5964912176132202
stable_plain,collapsed_plain,47,11-50,2,-1.8929920196533203,0.3333333432674408,0.04651162773370743,0.0,0.6666666269302368
stable_plain,collapsed_plain,47,11-50,4,-1.8391307592391968,0.15789473056793213,0.09302325546741486,0.0,0.8421052694320679
stable_plain,collapsed_plain,47,11-50,8,-1.334712028503418,0.31578946113586426,0.1860465109348297,0.0,0.6842105388641357
stable_plain,collapsed_plain,47,11-50,12,-1.476203441619873,0.3333333432674408,0.27906978130340576,0.0,0.6666666269302368
stable_plain,collapsed_plain,47,11-50,16,-1.3647944927215576,0.3684210479259491,0.3720930218696594,0.0,0.6315789222717285
stable_plain,collapsed_plain,47,11-50,24,-0.8319123983383179,0.31578946113586426,0.5581395626068115,0.0,0.6842105388641357
stable_plain,collapsed_plain,47,11-50,32,-0.8550595641136169,0.45614033937454224,0.7441860437393188,0.0,0.5438596606254578
stable_plain,collapsed_plain,47,11-50,48,-1.0962642431259155,1.0,1.0,0.28065648674964905,0.0
stable_plain,collapsed_plain,47,11-50,64,-1.9692610502243042,1.0,1.0,0.4522289037704468,0.0
stable_plain,collapsed_plain,47,11-50,96,-2.1311137676239014,1.0,1.0,0.5779733061790466,0.0
stable_plain,collapsed_plain,47,11-50,128,-2.141396999359131,1.0,1.0,0.6441130042076111,0.0
stable_plain,collapsed_plain,47,11-50,192,-2.1127445697784424,1.0,1.0,0.7236367464065552,0.0
stable_plain,collapsed_plain,47,11-50,256,-2.108339786529541,1.0,1.0,0.7746012210845947,0.0
stable_plain,collapsed_plain,47,11-50,384,-2.2046165466308594,1.0,1.0,0.8419694304466248,0.0
stable_plain,collapsed_plain,47,11-50,512,-2.417898654937744,1.0,1.0,0.8877084255218506,0.0
stable_plain,collapsed_plain,47,11-50,768,-2.7396676540374756,0.8771929740905762,1.0,0.0,0.12280702590942383
stable_plain,collapsed_plain,47,11-50,1024,-3.7216639518737793,0.6666666865348816,1.0,0.0,0.3333333134651184
stable_plain,collapsed_plain,51,51+,0,-0.6492334008216858,0.08620689809322357,0.0,0.0,0.9137930870056152
stable_plain,collapsed_plain,51,51+,1,-1.5004340410232544,0.4482758641242981,0.0833333358168602,0.0,0.5517241358757019
stable_plain,collapsed_plain,51,51+,2,-1.7203181982040405,0.5344827771186829,0.1666666716337204,0.0,0.46551722288131714
stable_plain,collapsed_plain,51,51+,4,-1.6389613151550293,0.7758620977401733,0.3333333432674408,0.0,0.22413790225982666
stable_plain,collapsed_plain,51,51+,8,-1.5607235431671143,0.8620689511299133,0.6666666865348816,0.0,0.13793104887008667
stable_plain,collapsed_plain,51,51+,12,-1.5581666231155396,1.0,1.0,0.09997186064720154,0.0
stable_plain,collapsed_plain,51,51+,16,-1.6357423067092896,1.0,1.0,0.25842350721359253,0.0
stable_plain,collapsed_plain,51,51+,24,-1.9824848175048828,1.0,1.0,0.3806283473968506,0.0
stable_plain,collapsed_plain,51,51+,32,-2.1057538986206055,1.0,1.0,0.4458176791667938,0.0
stable_plain,collapsed_plain,51,51+,48,-2.161018133163452,1.0,1.0,0.5246450304985046,0.0
stable_plain,collapsed_plain,51,51+,64,-2.1582412719726562,1.0,1.0,0.5753268003463745,0.0
stable_plain,collapsed_plain,51,51+,96,-2.143397569656372,1.0,1.0,0.6424456238746643,0.0
stable_plain,collapsed_plain,51,51+,128,-2.135071277618408,1.0,1.0,0.6880705952644348,0.0
stable_plain,collapsed_plain,51,51+,192,-2.121445417404175,1.0,1.0,0.750568151473999,0.0
stable_plain,collapsed_plain,51,51+,256,-2.139462947845459,1.0,1.0,0.7940279245376587,0.0
stable_plain,collapsed_plain,51,51+,384,-2.2152247428894043,1.0,1.0,0.8544489145278931,0.0
stable_plain,collapsed_plain,51,51+,512,-2.2969844341278076,1.0,1.0,0.8969019055366516,0.0
stable_plain,collapsed_plain,51,51+,768,-2.4281909465789795,0.982758641242981,1.0,0.0,0.017241358757019043
stable_plain,collapsed_plain,51,51+,1024,-3.0632309913635254,0.7758620977401733,1.0,0.0,0.22413790225982666
stable_plain,collapsed_plain,52,51+,0,-0.6492332220077515,0.1071428582072258,0.0,0.0,0.8928571343421936
stable_plain,collapsed_plain,52,51+,1,-1.7055425643920898,0.4464285671710968,0.05882352963089943,0.0,0.5535714626312256
stable_plain,collapsed_plain,52,51+,2,-1.9495439529418945,0.4821428656578064,0.11764705926179886,0.0,0.5178571343421936
stable_plain,collapsed_plain,52,51+,4,-1.8684008121490479,0.5714285969734192,0.23529411852359772,0.0,0.4285714030265808
stable_plain,collapsed_plain,52,51+,8,-1.5844666957855225,0.6964285969734192,0.47058823704719543,0.0,0.3035714030265808
stable_plain,collapsed_plain,52,51+,12,-1.6014738082885742,0.6964285969734192,0.7058823704719543,0.0,0.3035714030265808
stable_plain,collapsed_plain,52,51+,16,-1.407620906829834,0.9821428656578064,0.9411764740943909,0.0,0.017857134342193604
stable_plain,collapsed_plain,52,51+,24,-1.6182481050491333,1.0,1.0,0.316903293132782,0.0
stable_plain,collapsed_plain,52,51+,32,-1.8876969814300537,1.0,1.0,0.40863126516342163,0.0
stable_plain,collapsed_plain,52,51+,48,-2.02362322807312,1.0,1.0,0.5042974352836609,0.0
stable_plain,collapsed_plain,52,51+,64,-2.0519230365753174,1.0,1.0,0.5613129734992981,0.0
stable_plain,collapsed_plain,52,51+,96,-2.051072597503662,1.0,1.0,0.633806586265564,0.0
stable_plain,collapsed_plain,52,51+,128,-2.031994342803955,1.0,1.0,0.6818259954452515,0.0
stable_plain,collapsed_plain,52,51+,192,-1.9937905073165894,1.0,1.0,0.746550440788269,0.0
stable_plain,collapsed_plain,52,51+,256,-2.023855447769165,1.0,1.0,0.7910662293434143,0.0
stable_plain,collapsed_plain,52,51+,384,-2.1279988288879395,1.0,1.0,0.8525077104568481,0.0
stable_plain,collapsed_plain,52,51+,512,-2.2594051361083984,1.0,1.0,0.8954581022262573,0.0
stable_plain,collapsed_plain,52,51+,768,-2.541806697845459,0.9821428656578064,1.0,0.0,0.017857134342193604
stable_plain,collapsed_plain,52,51+,1024,-2.863677501678467,0.9642857313156128,1.0,0.0,0.03571426868438721
stable_plain,collapsed_plain,53,51+,0,-0.6492334008216858,0.145454540848732,0.0,0.0,0.8545454740524292
stable_plain,collapsed_plain,53,51+,1,-2.4522242546081543,0.5272727012634277,0.20000000298023224,0.0,0.47272729873657227
stable_plain,collapsed_plain,53,51+,2,-2.5837528705596924,0.6727272868156433,0.4000000059604645,0.0,0.3272727131843567
stable_plain,collapsed_plain,53,51+,4,-2.5692739486694336,0.9818181991577148,0.800000011920929,0.0,0.018181800842285156
stable_plain,collapsed_plain,53,51+,8,-2.1837635040283203,1.0,1.0,0.23212747275829315,0.0
stable_plain,collapsed_plain,53,51+,12,-2.2026381492614746,1.0,1.0,0.316903293132782,0.0
stable_plain,collapsed_plain,53,51+,16,-2.2492332458496094,1.0,1.0,0.3699398338794708,0.0
stable_plain,collapsed_plain,53,51+,24,-2.300196409225464,1.0,1.0,0.43910813331604004,0.0
stable_plain,collapsed_plain,53,51+,32,-2.322220802307129,1.0,1.0,0.4856613576412201,0.0
stable_plain,collapsed_plain,53,51+,48,-2.3245978355407715,1.0,1.0,0.5490307807922363,0.0
stable_plain,collapsed_plain,53,51+,64,-2.3172614574432373,1.0,1.0,0.5929068326950073,0.0
stable_plain,collapsed_plain,53,51+,96,-2.306368589401245,1.0,1.0,0.6537318229675293,0.0
stable_plain,collapsed_plain,53,51+,128,-2.302661895751953,1.0,1.0,0.6963824033737183,0.0
stable_plain,collapsed_plain,53,51+,192,-2.3341078758239746,1.0,1.0,0.756011426448822,0.0
stable_plain,collapsed_plain,53,51+,256,-2.5137710571289062,1.0,1.0,0.7980747222900391,0.0
stable_plain,collapsed_plain,53,51+,384,-2.760730266571045,1.0,1.0,0.8571234345436096,0.0
stable_plain,collapsed_plain,53,51+,512,-2.8749289512634277,1.0,1.0,0.8988991379737854,0.0
stable_plain,collapsed_plain,53,51+,768,-3.0017828941345215,0.9636363387107849,1.0,0.0,0.03636366128921509
stable_plain,collapsed_plain,53,51+,1024,-3.1118805408477783,0.9272727370262146,1.0,0.0,0.0727272629737854
stable_plain,collapsed_plain,56,51+,0,-0.6492332220077515,0.11666666716337204,0.0,0.0,0.8833333253860474
stable_plain,collapsed_plain,56,51+,1,-1.7748209238052368,0.36666667461395264,0.043478261679410934,0.0,0.6333333253860474
stable_plain,collapsed_plain,56,51+,2,-1.7665207386016846,0.5166666507720947,0.08695652335882187,0.0,0.4833333492279053
stable_plain,collapsed_plain,56,51+,4,-1.8104389905929565,0.5333333611488342,0.17391304671764374,0.0,0.46666663885116577
stable_plain,collapsed_plain,56,51+,8,-1.614379644393921,0.5666666626930237,0.3478260934352875,0.0,0.4333333373069763
stable_plain,collapsed_plain,56,51+,12,-1.2637752294540405,0.6833333373069763,0.52173912525177,0.0,0.3166666626930237
stable_plain,collapsed_plain,56,51+,16,-1.319156527519226,0.5,0.695652186870575,0.0,0.5
stable_plain,collapsed_plain,56,51+,24,-1.2052931785583496,1.0,1.0,0.158451646566391,0.0
stable_plain,collapsed_plain,56,51+,32,-1.7945728302001953,1.0,1.0,0.3458458185195923,0.0
stable_plain,collapsed_plain,56,51+,48,-2.177452564239502,1.0,1.0,0.475354939699173,0.0
stable_plain,collapsed_plain,56,51+,64,-2.2203989028930664,1.0,1.0,0.5424737930297852,0.0
stable_plain,collapsed_plain,56,51+,96,-2.2160532474517822,1.0,1.0,0.6227065920829773,0.0
stable_plain,collapsed_plain,56,51+,128,-2.1965179443359375,1.0,1.0,0.6739569306373596,0.0
stable_plain,collapsed_plain,56,51+,192,-2.1668522357940674,1.0,1.0,0.7415764927864075,0.0
stable_plain,collapsed_plain,56,51+,256,-2.1858701705932617,1.0,1.0,0.7874300479888916,0.0
stable_plain,collapsed_plain,56,51+,384,-2.25498628616333,1.0,1.0,0.8501432538032532,0.0
stable_plain,collapsed_plain,56,51+,512,-2.2853171825408936,1.0,1.0,0.8937063217163086,0.0
stable_plain,collapsed_plain,56,51+,768,-2.387033224105835,0.9666666388511658,1.0,0.0,0.03333336114883423
stable_plain,collapsed_plain,56,51+,1024,-3.2720305919647217,0.8166666626930237,1.0,0.0,0.18333333730697632
stable_plain,late_state_ce,1,0,0,-1.4113001823425293,0.12727272510528564,0.0,0.0,0.8727272748947144
stable_plain,late_state_ce,1,0,1,-0.7286708354949951,0.6363636255264282,0.20000000298023224,0.0,0.3636363744735718
stable_plain,late_state_ce,1,0,2,-0.14919184148311615,0.7818182110786438,0.4000000059604645,0.0,0.2181817889213562
stable_plain,late_state_ce,1,0,4,-0.14679594337940216,0.9454545378684998,0.800000011920929,0.0,0.054545462131500244
stable_plain,late_state_ce,1,0,8,-1.2409040927886963,1.0,1.0,0.23212747275829315,0.0
stable_plain,late_state_ce,1,0,12,-1.235013723373413,1.0,1.0,0.316903293132782,0.0
stable_plain,late_state_ce,1,0,16,-1.1426750421524048,1.0,1.0,0.3699398338794708,0.0
stable_plain,late_state_ce,1,0,24,-1.0258285999298096,1.0,1.0,0.43910813331604004,0.0
stable_plain,late_state_ce,1,0,32,-1.1321732997894287,1.0,1.0,0.4856613576412201,0.0
stable_plain,late_state_ce,1,0,48,-1.5977014303207397,1.0,1.0,0.5490307807922363,0.0
stable_plain,late_state_ce,1,0,64,-1.9392757415771484,1.0,1.0,0.5929068326950073,0.0
stable_plain,late_state_ce,1,0,96,-2.41559100151062,1.0,1.0,0.6537318229675293,0.0
stable_plain,late_state_ce,1,0,128,-2.6906068325042725,1.0,1.0,0.6963824033737183,0.0
stable_plain,late_state_ce,1,0,192,-2.712984085083008,1.0,1.0,0.756011426448822,0.0
stable_plain,late_state_ce,1,0,256,-2.70491886138916,1.0,1.0,0.7980747222900391,0.0
stable_plain,late_state_ce,1,0,384,-2.8138375282287598,1.0,1.0,0.8571234345436096,0.0
stable_plain,late_state_ce,1,0,512,-2.828425884246826,1.0,1.0,0.8988991379737854,0.0
stable_plain,late_state_ce,1,0,768,-2.8158726692199707,1.0,1.0,0.9576619863510132,0.0
stable_plain,late_state_ce,1,0,1024,-2.790809154510498,1.0,1.0,0.9992954134941101,0.0
stable_plain,late_state_ce,4,0,0,-1.4113000631332397,0.1071428582072258,0.0,0.0,0.8928571343421936
stable_plain,late_state_ce,4,0,1,-0.5128190517425537,0.5357142686843872,0.20000000298023224,0.0,0.4642857313156128
stable_plain,late_state_ce,4,0,2,0.045399259775877,0.6607142686843872,0.4000000059604645,0.0,0.3392857313156128
stable_plain,late_state_ce,4,0,4,-0.17839786410331726,0.9107142686843872,0.800000011920929,0.0,0.08928573131561279
stable_plain,late_state_ce,4,0,8,-1.2318816184997559,1.0,1.0,0.23212747275829315,0.0
stable_plain,late_state_ce,4,0,12,-1.2184926271438599,1.0,1.0,0.316903293132782,0.0
stable_plain,late_state_ce,4,0,16,-1.1585984230041504,1.0,1.0,0.3699398338794708,0.0
stable_plain,late_state_ce,4,0,24,-1.0639898777008057,1.0,1.0,0.43910813331604004,0.0
stable_plain,late_state_ce,4,0,32,-1.1618282794952393,1.0,1.0,0.4856613576412201,0.0
stable_plain,late_state_ce,4,0,48,-1.8081156015396118,1.0,1.0,0.5490307807922363,0.0
stable_plain,late_state_ce,4,0,64,-2.2981081008911133,1.0,1.0,0.5929068326950073,0.0
stable_plain,late_state_ce,4,0,96,-2.757797956466675,1.0,1.0,0.6537318229675293,0.0
stable_plain,late_state_ce,4,0,128,-2.9587206840515137,1.0,1.0,0.6963824033737183,0.0
stable_plain,late_state_ce,4,0,192,-3.029559850692749,1.0,1.0,0.756011426448822,0.0
stable_plain,late_state_ce,4,0,256,-3.1104326248168945,1.0,1.0,0.7980747222900391,0.0
stable_plain,late_state_ce,4,0,384,-3.250575065612793,1.0,1.0,0.8571234345436096,0.0
stable_plain,late_state_ce,4,0,512,-3.38509464263916,1.0,1.0,0.8988991379737854,0.0
stable_plain,late_state_ce,4,0,768,-3.6177923679351807,1.0,1.0,0.9576619863510132,0.0
stable_plain,late_state_ce,4,0,1024,-3.7950315475463867,1.0,1.0,0.9992954134941101,0.0
stable_plain,late_state_ce,8,0,0,-1.4113001823425293,0.09090909361839294,0.0,0.0,0.9090908765792847
stable_plain,late_state_ce,8,0,1,-0.869782030582428,0.6181818246841431,0.20000000298023224,0.0,0.38181817531585693
stable_plain,late_state_ce,8,0,2,-0.49426713585853577,0.7454545497894287,0.4000000059604645,0.0,0.2545454502105713
stable_plain,late_state_ce,8,0,4,-0.31698694825172424,0.9454545378684998,0.800000011920929,0.0,0.054545462131500244
stable_plain,late_state_ce,8,0,8,-1.2867445945739746,1.0,1.0,0.23212747275829315,0.0
stable_plain,late_state_ce,8,0,12,-1.30198335647583,1.0,1.0,0.316903293132782,0.0
stable_plain,late_state_ce,8,0,16,-1.221989393234253,1.0,1.0,0.3699398338794708,0.0
stable_plain,late_state_ce,8,0,24,-1.0965795516967773,1.0,1.0,0.43910813331604004,0.0
stable_plain,late_state_ce,8,0,32,-1.1368306875228882,1.0,1.0,0.4856613576412201,0.0
stable_plain,late_state_ce,8,0,48,-1.700994610786438,1.0,1.0,0.5490307807922363,0.0
stable_plain,late_state_ce,8,0,64,-2.329449415206909,1.0,1.0,0.5929068326950073,0.0
stable_plain,late_state_ce,8,0,96,-2.746833562850952,1.0,1.0,0.6537318229675293,0.0
stable_plain,late_state_ce,8,0,128,-2.7950825691223145,1.0,1.0,0.6963824033737183,0.0
stable_plain,late_state_ce,8,0,192,-2.9227654933929443,1.0,1.0,0.756011426448822,0.0
stable_plain,late_state_ce,8,0,256,-3.1479012966156006,1.0,1.0,0.7980747222900391,0.0
stable_plain,late_state_ce,8,0,384,-3.5011448860168457,1.0,1.0,0.8571234345436096,0.0
stable_plain,late_state_ce,8,0,512,-3.6166703701019287,1.0,1.0,0.8988991379737854,0.0
stable_plain,late_state_ce,8,0,768,-3.8175201416015625,1.0,1.0,0.9576619863510132,0.0
stable_plain,late_state_ce,8,0,1024,-3.971367597579956,1.0,1.0,0.9992954134941101,0.0
stable_plain,late_state_ce,9,0,0,-1.4112999439239502,0.1111111119389534,0.0,0.0,0.8888888955116272
stable_plain,late_state_ce,9,0,1,-0.28031864762306213,0.5370370149612427,0.1428571492433548,0.0,0.4629629850387573
stable_plain,late_state_ce,9,0,2,0.01820291578769684,0.7222222089767456,0.2857142984867096,0.0,0.2777777910232544
stable_plain,late_state_ce,9,0,4,0.14848020672798157,0.6851851940155029,0.5714285969734192,0.0,0.31481480598449707
stable_plain,late_state_ce,9,0,8,-1.062983751296997,1.0,1.0,0.158451646566391,0.0
stable_plain,late_state_ce,9,0,12,-1.0823068618774414,1.0,1.0,0.28065648674964905,0.0
stable_plain,late_state_ce,9,0,16,-1.0920491218566895,1.0,1.0,0.3458458185195923,0.0
stable_plain,late_state_ce,9,0,24,-1.0014078617095947,1.0,1.0,0.4246731996536255,0.0
stable_plain,late_state_ce,9,0,32,-1.0632927417755127,1.0,1.0,0.475354939699173,0.0
stable_plain,late_state_ce,9,0,48,-1.7057499885559082,1.0,1.0,0.5424737930297852,0.0
stable_plain,late_state_ce,9,0,64,-2.1583688259124756,1.0,1.0,0.5880987644195557,0.0
stable_plain,late_state_ce,9,0,96,-2.491410255432129,1.0,1.0,0.6505963206291199,0.0
stable_plain,late_state_ce,9,0,128,-2.767747402191162,1.0,1.0,0.6940560936927795,0.0
stable_plain,late_state_ce,9,0,192,-2.810805082321167,1.0,1.0,0.7544770836830139,0.0
stable_plain,late_state_ce,9,0,256,-2.9074625968933105,1.0,1.0,0.7969300150871277,0.0
stable_plain,late_state_ce,9,0,384,-3.0177125930786133,1.0,1.0,0.8563643097877502,0.0
stable_plain,late_state_ce,9,0,512,-3.0514748096466064,1.0,1.0,0.8983312845230103,0.0
stable_plain,late_state_ce,9,0,768,-3.169909954071045,1.0,1.0,0.9572844505310059,0.0
stable_plain,late_state_ce,9,0,1024,-3.2011008262634277,1.0,1.0,0.9990125894546509,0.0
stable_plain,late_state_ce,12,1-2,0,-1.4112999439239502,0.12727272510528564,0.0,0.0,0.8727272748947144
stable_plain,late_state_ce,12,1-2,1,-1.1742645502090454,0.5454545617103577,0.20000000298023224,0.0,0.45454543828964233
stable_plain,late_state_ce,12,1-2,2,-0.42166322469711304,0.6727272868156433,0.4000000059604645,0.0,0.3272727131843567
stable_plain,late_state_ce,12,1-2,4,-0.4344860911369324,0.8909090757369995,0.800000011920929,0.0,0.10909092426300049
stable_plain,late_state_ce,12,1-2,8,-1.306024432182312,1.0,1.0,0.23212747275829315,0.0
stable_plain,late_state_ce,12,1-2,12,-1.2791223526000977,1.0,1.0,0.316903293132782,0.0
stable_plain,late_state_ce,12,1-2,16,-1.182816743850708,1.0,1.0,0.3699398338794708,0.0
stable_plain,late_state_ce,12,1-2,24,-1.0666457414627075,1.0,1.0,0.43910813331604004,0.0
stable_plain,late_state_ce,12,1-2,32,-1.1848284006118774,1.0,1.0,0.4856613576412201,0.0
stable_plain,late_state_ce,12,1-2,48,-1.7472141981124878,1.0,1.0,0.5490307807922363,0.0
stable_plain,late_state_ce,12,1-2,64,-2.230069637298584,1.0,1.0,0.5929068326950073,0.0
stable_plain,late_state_ce,12,1-2,96,-2.7465853691101074,1.0,1.0,0.6537318229675293,0.0
stable_plain,late_state_ce,12,1-2,128,-2.96328067779541,1.0,1.0,0.6963824033737183,0.0
stable_plain,late_state_ce,12,1-2,192,-3.066657304763794,1.0,1.0,0.756011426448822,0.0
stable_plain,late_state_ce,12,1-2,256,-3.2128331661224365,1.0,1.0,0.7980747222900391,0.0
stable_plain,late_state_ce,12,1-2,384,-3.3654911518096924,1.0,1.0,0.8571234345436096,0.0
stable_plain,late_state_ce,12,1-2,512,-3.4504756927490234,1.0,1.0,0.8988991379737854,0.0
stable_plain,late_state_ce,12,1-2,768,-3.619213342666626,1.0,1.0,0.9576619863510132,0.0
stable_plain,late_state_ce,12,1-2,1024,-3.7273921966552734,1.0,1.0,0.9992954134941101,0.0
stable_plain,late_state_ce,13,1-2,0,-1.4112999439239502,0.1090909093618393,0.0,0.0,0.8909090757369995
stable_plain,late_state_ce,13,1-2,1,-1.0624274015426636,0.5636363625526428,0.03703703731298447,0.0,0.4363636374473572
stable_plain,late_state_ce,13,1-2,2,-0.4737481474876404,0.5636363625526428,0.07407407462596893,0.0,0.4363636374473572
stable_plain,late_state_ce,13,1-2,4,-0.3826291263103485,0.6727272868156433,0.14814814925193787,0.0,0.3272727131843567
stable_plain,late_state_ce,13,1-2,8,-0.519144594669342,0.6727272868156433,0.29629629850387573,0.0,0.3272727131843567
stable_plain,late_state_ce,13,1-2,12,-0.7046322226524353,0.6000000238418579,0.4444444477558136,0.0,0.3999999761581421
stable_plain,late_state_ce,13,1-2,16,-0.8737854957580566,0.6000000238418579,0.5925925970077515,0.0,0.3999999761581421
stable_plain,late_state_ce,13,1-2,24,-0.9130895137786865,0.7090908885002136,0.8888888955116272,0.0,0.2909091114997864
stable_plain,late_state_ce,13,1-2,32,-1.2563673257827759,1.0,1.0,0.28065648674964905,0.0
stable_plain,late_state_ce,13,1-2,48,-1.123871922492981,1.0,1.0,0.4522289037704468,0.0
stable_plain,late_state_ce,13,1-2,64,-1.339176893234253,1.0,1.0,0.5283914804458618,0.0
stable_plain,late_state_ce,13,1-2,96,-1.705807089805603,1.0,1.0,0.6148016452789307,0.0
stable_plain,late_state_ce,13,1-2,128,-1.9527581930160522,1.0,1.0,0.6684618592262268,0.0
stable_plain,late_state_ce,13,1-2,192,-2.364824056625366,1.0,1.0,0.738162636756897,0.0
stable_plain,late_state_ce,13,1-2,256,-2.547767400741577,1.0,1.0,0.7849539518356323,0.0
stable_plain,late_state_ce,13,1-2,384,-2.4961535930633545,1.0,1.0,0.8485451340675354,0.0
stable_plain,late_state_ce,13,1-2,512,-2.6233153343200684,1.0,1.0,0.8925265073776245,0.0
stable_plain,late_state_ce,13,1-2,768,-2.8422467708587646,1.0,1.0,0.9534534215927124,0.0
stable_plain,late_state_ce,13,1-2,1024,-2.8945207595825195,1.0,1.0,0.996153712272644,0.0
stable_plain,late_state_ce,20,1-2,0,-1.4112999439239502,0.125,0.0,0.0,0.875
stable_plain,late_state_ce,20,1-2,1,-0.8138808012008667,0.5892857313156128,0.1666666716337204,0.0,0.4107142686843872
stable_plain,late_state_ce,20,1-2,2,-0.3238842487335205,0.6607142686843872,0.3333333432674408,0.0,0.3392857313156128
stable_plain,late_state_ce,20,1-2,4,-0.31538689136505127,0.875,0.6666666865348816,0.0,0.125
stable_plain,late_state_ce,20,1-2,8,-1.4467430114746094,1.0,1.0,0.19994372129440308,0.0
stable_plain,late_state_ce,20,1-2,12,-1.3882498741149902,1.0,1.0,0.2999155819416046,0.0
stable_plain,late_state_ce,20,1-2,16,-1.3048287630081177,1.0,1.0,0.35839536786079407,0.0
stable_plain,late_state_ce,20,1-2,24,-1.1883105039596558,1.0,1.0,0.43207117915153503,0.0
stable_plain,late_state_ce,20,1-2,32,-1.254474401473999,1.0,1.0,0.4806002080440521,0.0
stable_plain,late_state_ce,20,1-2,48,-1.799177646636963,1.0,1.0,0.5457895398139954,0.0
stable_plain,late_state_ce,20,1-2,64,-2.435960054397583,1.0,1.0,0.590522825717926,0.0
stable_plain,late_state_ce,20,1-2,96,-3.028627395629883,1.0,1.0,0.6521726250648499,0.0
stable_plain,late_state_ce,20,1-2,128,-3.1602890491485596,1.0,1.0,0.6952239274978638,0.0
stable_plain,late_state_ce,20,1-2,192,-3.290498733520508,1.0,1.0,0.7552462816238403,0.0
stable_plain,late_state_ce,20,1-2,256,-3.378011703491211,1.0,1.0,0.7975034713745117,0.0
stable_plain,late_state_ce,20,1-2,384,-3.6750855445861816,1.0,1.0,0.8567444086074829,0.0
stable_plain,late_state_ce,20,1-2,512,-3.854599714279175,1.0,1.0,0.8986155390739441,0.0
stable_plain,late_state_ce,20,1-2,768,-4.048608779907227,1.0,1.0,0.9574733972549438,0.0
stable_plain,late_state_ce,20,1-2,1024,-4.187572002410889,1.0,1.0,0.9991540908813477,0.0
stable_plain,late_state_ce,22,1-2,0,-1.4112999439239502,0.09375,0.0,0.0,0.90625
stable_plain,late_state_ce,22,1-2,1,-0.786422073841095,0.40625,0.1666666716337204,0.0,0.59375
stable_plain,late_state_ce,22,1-2,2,-0.5639880895614624,0.5625,0.3333333432674408,0.0,0.4375
stable_plain,late_state_ce,22,1-2,4,-0.27433162927627563,0.859375,0.6666666865348816,0.0,0.140625
stable_plain,late_state_ce,22,1-2,8,-1.4131653308868408,1.0,1.0,0.19994372129440308,0.0
stable_plain,late_state_ce,22,1-2,12,-1.41791570186615,1.0,1.0,0.2999155819416046,0.0
stable_plain,late_state_ce,22,1-2,16,-1.350023627281189,1.0,1.0,0.35839536786079407,0.0
stable_plain,late_state_ce,22,1-2,24,-1.1914989948272705,1.0,1.0,0.43207117915153503,0.0
stable_plain,late_state_ce,22,1-2,32,-1.2581357955932617,1.0,1.0,0.4806002080440521,0.0
stable_plain,late_state_ce,22,1-2,48,-1.925298810005188,1.0,1.0,0.5457895398139954,0.0
stable_plain,late_state_ce,22,1-2,64,-2.333062171936035,1.0,1.0,0.590522825717926,0.0
stable_plain,late_state_ce,22,1-2,96,-3.022243022918701,1.0,1.0,0.6521726250648499,0.0
stable_plain,late_state_ce,22,1-2,128,-3.202939987182617,1.0,1.0,0.6952239274978638,0.0
stable_plain,late_state_ce,22,1-2,192,-3.326814889907837,1.0,1.0,0.7552462816238403,0.0
stable_plain,late_state_ce,22,1-2,256,-3.4436445236206055,1.0,1.0,0.7975034713745117,0.0
stable_plain,late_state_ce,22,1-2,384,-3.658414602279663,1.0,1.0,0.8567444086074829,0.0
stable_plain,late_state_ce,22,1-2,512,-3.7962892055511475,1.0,1.0,0.8986155390739441,0.0
stable_plain,late_state_ce,22,1-2,768,-3.931145429611206,1.0,1.0,0.9574733972549438,0.0
stable_plain,late_state_ce,22,1-2,1024,-4.120213985443115,1.0,1.0,0.9991540908813477,0.0
stable_plain,late_state_ce,27,3-10,0,-1.4112999439239502,0.072727270424366,0.0,0.0,0.9272727370262146
stable_plain,late_state_ce,27,3-10,1,-0.79026198387146,0.581818163394928,0.20000000298023224,0.0,0.418181836605072
stable_plain,late_state_ce,27,3-10,2,-0.04978758096694946,0.6545454263687134,0.4000000059604645,0.0,0.3454545736312866
stable_plain,late_state_ce,27,3-10,4,0.04485408961772919,0.8727272748947144,0.800000011920929,0.0,0.12727272510528564
stable_plain,late_state_ce,27,3-10,8,-1.220971703529358,1.0,1.0,0.23212747275829315,0.0
stable_plain,late_state_ce,27,3-10,12,-1.229742169380188,1.0,1.0,0.316903293132782,0.0
stable_plain,late_state_ce,27,3-10,16,-1.150212049484253,1.0,1.0,0.3699398338794708,0.0
stable_plain,late_state_ce,27,3-10,24,-1.0398939847946167,1.0,1.0,0.43910813331604004,0.0
stable_plain,late_state_ce,27,3-10,32,-1.113732933998108,1.0,1.0,0.4856613576412201,0.0
stable_plain,late_state_ce,27,3-10,48,-1.5847387313842773,1.0,1.0,0.5490307807922363,0.0
stable_plain,late_state_ce,27,3-10,64,-2.037713050842285,1.0,1.0,0.5929068326950073,0.0
stable_plain,late_state_ce,27,3-10,96,-2.6173036098480225,1.0,1.0,0.6537318229675293,0.0
stable_plain,late_state_ce,27,3-10,128,-2.8223958015441895,1.0,1.0,0.6963824033737183,0.0
stable_plain,late_state_ce,27,3-10,192,-2.8847744464874268,1.0,1.0,0.756011426448822,0.0
stable_plain,late_state_ce,27,3-10,256,-2.9397997856140137,1.0,1.0,0.7980747222900391,0.0
stable_plain,late_state_ce,27,3-10,384,-3.0844566822052,1.0,1.0,0.8571234345436096,0.0
stable_plain,late_state_ce,27,3-10,512,-3.1406264305114746,1.0,1.0,0.8988991379737854,0.0
stable_plain,late_state_ce,27,3-10,768,-3.2160403728485107,1.0,1.0,0.9576619863510132,0.0
stable_plain,late_state_ce,27,3-10,1024,-3.2634947299957275,1.0,1.0,0.9992954134941101,0.0
stable_plain,late_state_ce,29,3-10,0,-1.4113000631332397,0.07407407462596893,0.0,0.0,0.9259259104728699
stable_plain,late_state_ce,29,3-10,1,-1.5366064310073853,0.4444444477558136,0.1666666716337204,0.0,0.5555555820465088
stable_plain,late_state_ce,29,3-10,2,-2.1661972999572754,0.6111111044883728,0.3333333432674408,0.0,0.3888888955116272
stable_plain,late_state_ce,29,3-10,4,-1.6056584119796753,0.7592592835426331,0.6666666865348816,0.0,0.24074071645736694
stable_plain,late_state_ce,29,3-10,8,-1.8787888288497925,1.0,1.0,0.19994372129440308,0.0
stable_plain,late_state_ce,29,3-10,12,-1.6280794143676758,1.0,1.0,0.2999155819416046,0.0
stable_plain,late_state_ce,29,3-10,16,-1.4596740007400513,1.0,1.0,0.35839536786079407,0.0
stable_plain,late_state_ce,29,3-10,24,-1.2709580659866333,1.0,1.0,0.43207117915153503,0.0
stable_plain,late_state_ce,29,3-10,32,-1.2378218173980713,1.0,1.0,0.4806002080440521,0.0
stable_plain,late_state_ce,29,3-10,48,-1.6284977197647095,1.0,1.0,0.5457895398139954,0.0
stable_plain,late_state_ce,29,3-10,64,-2.096055030822754,1.0,1.0,0.590522825717926,0.0
stable_plain,late_state_ce,29,3-10,96,-2.645758628845215,1.0,1.0,0.6521726250648499,0.0
stable_plain,late_state_ce,29,3-10,128,-2.7793452739715576,1.0,1.0,0.6952239274978638,0.0
stable_plain,late_state_ce,29,3-10,192,-2.8905160427093506,1.0,1.0,0.7552462816238403,0.0
stable_plain,late_state_ce,29,3-10,256,-3.015448570251465,1.0,1.0,0.7975034713745117,0.0
stable_plain,late_state_ce,29,3-10,384,-3.160209894180298,1.0,1.0,0.8567444086074829,0.0
stable_plain,late_state_ce,29,3-10,512,-3.2794389724731445,1.0,1.0,0.8986155390739441,0.0
stable_plain,late_state_ce,29,3-10,768,-3.539771795272827,1.0,1.0,0.9574733972549438,0.0
stable_plain,late_state_ce,29,3-10,1024,-3.559511184692383,1.0,1.0,0.9991540908813477,0.0
stable_plain,late_state_ce,30,3-10,0,-1.4113000631332397,0.1071428582072258,0.0,0.0,0.8928571343421936
stable_plain,late_state_ce,30,3-10,1,-0.8189725279808044,0.4464285671710968,0.1666666716337204,0.0,0.5535714626312256
stable_plain,late_state_ce,30,3-10,2,-0.866033673286438,0.6428571343421936,0.3333333432674408,0.0,0.3571428656578064
stable_plain,late_state_ce,30,3-10,4,-0.8234577178955078,0.7142857313156128,0.6666666865348816,0.0,0.2857142686843872
stable_plain,late_state_ce,30,3-10,8,-1.9159271717071533,1.0,1.0,0.19994372129440308,0.0
stable_plain,late_state_ce,30,3-10,12,-1.5326403379440308,1.0,1.0,0.2999155819416046,0.0
stable_plain,late_state_ce,30,3-10,16,-1.3626219034194946,1.0,1.0,0.35839536786079407,0.0
stable_plain,late_state_ce,30,3-10,24,-1.1401424407958984,1.0,1.0,0.43207117915153503,0.0
stable_plain,late_state_ce,30,3-10,32,-1.180063247680664,1.0,1.0,0.4806002080440521,0.0
stable_plain,late_state_ce,30,3-10,48,-1.8304628133773804,1.0,1.0,0.5457895398139954,0.0
stable_plain,late_state_ce,30,3-10,64,-2.2818596363067627,1.0,1.0,0.590522825717926,0.0
stable_plain,late_state_ce,30,3-10,96,-2.7829790115356445,1.0,1.0,0.6521726250648499,0.0
stable_plain,late_state_ce,30,3-10,128,-3.0415961742401123,1.0,1.0,0.6952239274978638,0.0
stable_plain,late_state_ce,30,3-10,192,-3.062971353530884,1.0,1.0,0.7552462816238403,0.0
stable_plain,late_state_ce,30,3-10,256,-3.0397305488586426,1.0,1.0,0.7975034713745117,0.0
stable_plain,late_state_ce,30,3-10,384,-3.0813539028167725,1.0,1.0,0.8567444086074829,0.0
stable_plain,late_state_ce,30,3-10,512,-3.0732381343841553,1.0,1.0,0.8986155390739441,0.0
stable_plain,late_state_ce,30,3-10,768,-3.1494810581207275,1.0,1.0,0.9574733972549438,0.0
stable_plain,late_state_ce,30,3-10,1024,-3.3183252811431885,1.0,1.0,0.9991540908813477,0.0
stable_plain,late_state_ce,35,3-10,0,-1.4113001823425293,0.08620689809322357,0.0,0.0,0.9137930870056152
stable_plain,late_state_ce,35,3-10,1,-0.7379642724990845,0.3965517282485962,0.07692307978868484,0.0,0.6034482717514038
stable_plain,late_state_ce,35,3-10,2,-0.8657172322273254,0.5,0.1538461595773697,0.0,0.5
stable_plain,late_state_ce,35,3-10,4,-0.7923440933227539,0.48275861144065857,0.3076923191547394,0.0,0.517241358757019
stable_plain,late_state_ce,35,3-10,8,-0.8693692088127136,0.6551724076271057,0.6153846383094788,0.0,0.3448275923728943
stable_plain,late_state_ce,35,3-10,12,-1.0522377490997314,0.8103448152542114,0.9230769276618958,0.0,0.18965518474578857
stable_plain,late_state_ce,35,3-10,16,-1.6610242128372192,1.0,1.0,0.23212747275829315,0.0
stable_plain,late_state_ce,35,3-10,24,-1.1936471462249756,1.0,1.0,0.3699398338794708,0.0
stable_plain,late_state_ce,35,3-10,32,-1.127436637878418,1.0,1.0,0.43910813331604004,0.0
stable_plain,late_state_ce,35,3-10,48,-1.470962405204773,1.0,1.0,0.5207987427711487,0.0
stable_plain,late_state_ce,35,3-10,64,-1.877830147743225,1.0,1.0,0.5726308226585388,0.0
stable_plain,late_state_ce,35,3-10,96,-2.3799171447753906,1.0,1.0,0.6407586932182312,0.0
stable_plain,late_state_ce,35,3-10,128,-2.7385339736938477,1.0,1.0,0.6868431568145752,0.0
stable_plain,late_state_ce,35,3-10,192,-2.843903064727783,1.0,1.0,0.7497735023498535,0.0
stable_plain,late_state_ce,35,3-10,256,-2.8691928386688232,1.0,1.0,0.7934404611587524,0.0
stable_plain,late_state_ce,35,3-10,384,-3.040760040283203,1.0,1.0,0.8540627360343933,0.0
stable_plain,late_state_ce,35,3-10,512,-3.1284916400909424,1.0,1.0,0.8966143131256104,0.0
stable_plain,late_state_ce,35,3-10,768,-3.2537002563476562,1.0,1.0,0.9561457633972168,0.0
stable_plain,late_state_ce,35,3-10,1024,-3.269900321960449,1.0,1.0,0.9981608390808105,0.0
stable_plain,late_state_ce,36,11-50,0,-1.4112999439239502,0.09090909361839294,0.0,0.0,0.9090908765792847
stable_plain,late_state_ce,36,11-50,1,-1.4765440225601196,0.5090909004211426,0.20000000298023224,0.0,0.4909090995788574
stable_plain,late_state_ce,36,11-50,2,-2.047247886657715,0.6909090876579285,0.4000000059604645,0.0,0.30909091234207153
stable_plain,late_state_ce,36,11-50,4,-1.3590413331985474,0.9272727370262146,0.800000011920929,0.0,0.0727272629737854
stable_plain,late_state_ce,36,11-50,8,-1.627442479133606,1.0,1.0,0.23212747275829315,0.0
stable_plain,late_state_ce,36,11-50,12,-1.4712704420089722,1.0,1.0,0.316903293132782,0.0
stable_plain,late_state_ce,36,11-50,16,-1.3574578762054443,1.0,1.0,0.3699398338794708,0.0
stable_plain,late_state_ce,36,11-50,24,-1.1945444345474243,1.0,1.0,0.43910813331604004,0.0
stable_plain,late_state_ce,36,11-50,32,-1.2034095525741577,1.0,1.0,0.4856613576412201,0.0
stable_plain,late_state_ce,36,11-50,48,-1.6415156126022339,1.0,1.0,0.5490307807922363,0.0
stable_plain,late_state_ce,36,11-50,64,-2.090471029281616,1.0,1.0,0.5929068326950073,0.0
stable_plain,late_state_ce,36,11-50,96,-2.6019272804260254,1.0,1.0,0.6537318229675293,0.0
stable_plain,late_state_ce,36,11-50,128,-2.778696060180664,1.0,1.0,0.6963824033737183,0.0
stable_plain,late_state_ce,36,11-50,192,-2.809518337249756,1.0,1.0,0.756011426448822,0.0
stable_plain,late_state_ce,36,11-50,256,-2.8707947731018066,1.0,1.0,0.7980747222900391,0.0
stable_plain,late_state_ce,36,11-50,384,-2.902758836746216,1.0,1.0,0.8571234345436096,0.0
stable_plain,late_state_ce,36,11-50,512,-2.957444190979004,1.0,1.0,0.8988991379737854,0.0
stable_plain,late_state_ce,36,11-50,768,-3.027824878692627,1.0,1.0,0.9576619863510132,0.0
stable_plain,late_state_ce,36,11-50,1024,-3.0305004119873047,1.0,1.0,0.9992954134941101,0.0
stable_plain,late_state_ce,38,11-50,0,-1.4112999439239502,0.1090909093618393,0.0,0.0,0.8909090757369995
stable_plain,late_state_ce,38,11-50,1,-1.0744471549987793,0.4909090995788574,0.1666666716337204,0.0,0.5090909004211426
stable_plain,late_state_ce,38,11-50,2,-1.7415486574172974,0.6363636255264282,0.3333333432674408,0.0,0.3636363744735718
stable_plain,late_state_ce,38,11-50,4,-1.238439679145813,0.8181818127632141,0.6666666865348816,0.0,0.1818181872367859
stable_plain,late_state_ce,38,11-50,8,-1.6876448392868042,1.0,1.0,0.19994372129440308,0.0
stable_plain,late_state_ce,38,11-50,12,-1.561319351196289,1.0,1.0,0.2999155819416046,0.0
stable_plain,late_state_ce,38,11-50,16,-1.4547581672668457,1.0,1.0,0.35839536786079407,0.0
stable_plain,late_state_ce,38,11-50,24,-1.2667819261550903,1.0,1.0,0.43207117915153503,0.0
stable_plain,late_state_ce,38,11-50,32,-1.271344542503357,1.0,1.0,0.4806002080440521,0.0
stable_plain,late_state_ce,38,11-50,48,-2.009129762649536,1.0,1.0,0.5457895398139954,0.0
stable_plain,late_state_ce,38,11-50,64,-2.6029984951019287,1.0,1.0,0.590522825717926,0.0
stable_plain,late_state_ce,38,11-50,96,-3.1090121269226074,1.0,1.0,0.6521726250648499,0.0
stable_plain,late_state_ce,38,11-50,128,-3.2201662063598633,1.0,1.0,0.6952239274978638,0.0
stable_plain,late_state_ce,38,11-50,192,-3.413439989089966,1.0,1.0,0.7552462816238403,0.0
stable_plain,late_state_ce,38,11-50,256,-3.5027432441711426,1.0,1.0,0.7975034713745117,0.0
stable_plain,late_state_ce,38,11-50,384,-3.6125435829162598,1.0,1.0,0.8567444086074829,0.0
stable_plain,late_state_ce,38,11-50,512,-3.6995015144348145,1.0,1.0,0.8986155390739441,0.0
stable_plain,late_state_ce,38,11-50,768,-3.798628091812134,1.0,1.0,0.9574733972549438,0.0
stable_plain,late_state_ce,38,11-50,1024,-3.7869555950164795,1.0,1.0,0.9991540908813477,0.0
stable_plain,late_state_ce,41,11-50,0,-1.4112999439239502,0.08771929889917374,0.0,0.0,0.9122806787490845
stable_plain,late_state_ce,41,11-50,1,-0.5101562738418579,0.5438596606254578,0.25,0.0,0.45614033937454224
stable_plain,late_state_ce,41,11-50,2,-1.2787986993789673,0.7894737124443054,0.5,0.0,0.21052628755569458
stable_plain,late_state_ce,41,11-50,4,-0.9975383877754211,1.0,1.0,0.09997186064720154,0.0
stable_plain,late_state_ce,41,11-50,8,-1.4141483306884766,1.0,1.0,0.25842350721359253,0.0
stable_plain,late_state_ce,41,11-50,12,-1.252276062965393,1.0,1.0,0.3320993185043335,0.0
stable_plain,late_state_ce,41,11-50,16,-1.1104987859725952,1.0,1.0,0.3806283473968506,0.0
stable_plain,late_state_ce,41,11-50,24,-0.9445282816886902,1.0,1.0,0.4458176791667938,0.0
stable_plain,late_state_ce,41,11-50,32,-1.0063066482543945,1.0,1.0,0.4905509650707245,0.0
stable_plain,late_state_ce,41,11-50,48,-1.6529991626739502,1.0,1.0,0.5522007346153259,0.0
stable_plain,late_state_ce,41,11-50,64,-2.1217715740203857,1.0,1.0,0.5952520370483398,0.0
stable_plain,late_state_ce,41,11-50,96,-2.5407795906066895,1.0,1.0,0.6552744507789612,0.0
stable_plain,late_state_ce,41,11-50,128,-2.686068534851074,1.0,1.0,0.6975316405296326,0.0
stable_plain,late_state_ce,41,11-50,192,-2.792634963989258,1.0,1.0,0.756772518157959,0.0
stable_plain,late_state_ce,41,11-50,256,-3.006694793701172,1.0,1.0,0.7986436486244202,0.0
stable_plain,late_state_ce,41,11-50,384,-3.29801082611084,1.0,1.0,0.8575015068054199,0.0
stable_plain,late_state_ce,41,11-50,512,-3.533695936203003,1.0,1.0,0.8991822004318237,0.0
stable_plain,late_state_ce,41,11-50,768,-3.7623131275177,1.0,1.0,0.9578503966331482,0.0
stable_plain,late_state_ce,41,11-50,1024,-3.9792532920837402,1.0,1.0,0.999436616897583,0.0
stable_plain,late_state_ce,47,11-50,0,-1.4113000631332397,0.08771929889917374,0.0,0.0,0.9122806787490845
stable_plain,late_state_ce,47,11-50,1,-0.8104768991470337,0.4385964870452881,0.014925372786819935,0.0,0.5614035129547119
stable_plain,late_state_ce,47,11-50,2,-0.8487668037414551,0.4035087823867798,0.02985074557363987,0.0,0.5964912176132202
stable_plain,late_state_ce,47,11-50,4,-1.0400316715240479,0.3684210479259491,0.05970149114727974,0.0,0.6315789222717285
stable_plain,late_state_ce,47,11-50,8,-1.0296639204025269,0.2982456088066101,0.11940298229455948,0.0,0.7017543911933899
stable_plain,late_state_ce,47,11-50,12,-1.1652323007583618,0.4035087823867798,0.17910447716712952,0.0,0.5964912176132202
stable_plain,late_state_ce,47,11-50,16,-1.2589701414108276,0.5614035129547119,0.23880596458911896,0.0,0.4385964870452881
stable_plain,late_state_ce,47,11-50,24,-1.5351440906524658,0.4035087823867798,0.35820895433425903,0.0,0.5964912176132202
stable_plain,late_state_ce,47,11-50,32,-1.5284104347229004,0.31578946113586426,0.4776119291782379,0.0,0.6842105388641357
stable_plain,late_state_ce,47,11-50,48,-1.9267174005508423,0.35087719559669495,0.7164179086685181,0.0,0.6491228342056274
stable_plain,late_state_ce,47,11-50,64,-2.0093986988067627,0.5087719559669495,0.9552238583564758,0.0,0.49122804403305054
stable_plain,late_state_ce,47,11-50,96,-1.3491896390914917,1.0,1.0,0.4952802062034607,0.0
stable_plain,late_state_ce,47,11-50,128,-1.5744690895080566,1.0,1.0,0.5975597500801086,0.0
stable_plain,late_state_ce,47,11-50,192,-1.8080635070800781,1.0,1.0,0.698671817779541,0.0
stable_plain,late_state_ce,47,11-50,256,-1.9806102514266968,1.0,1.0,0.7575296759605408,0.0
stable_plain,late_state_ce,47,11-50,384,-2.1939191818237305,1.0,1.0,0.8315072059631348,0.0
stable_plain,late_state_ce,47,11-50,512,-2.2875659465789795,1.0,1.0,0.8801653385162354,0.0
stable_plain,late_state_ce,47,11-50,768,-2.137136459350586,1.0,1.0,0.9454719424247742,0.0
stable_plain,late_state_ce,47,11-50,1024,-2.1252007484436035,1.0,1.0,0.9902599453926086,0.0
stable_plain,late_state_ce,51,51+,0,-1.4112999439239502,0.12068965286016464,0.0,0.0,0.8793103694915771
stable_plain,late_state_ce,51,51+,1,-1.139323353767395,0.4137931168079376,0.125,0.0,0.5862069129943848
stable_plain,late_state_ce,51,51+,2,-1.1637667417526245,0.43103447556495667,0.25,0.0,0.5689655542373657
stable_plain,late_state_ce,51,51+,4,-0.785446286201477,0.6724137663841248,0.5,0.0,0.32758623361587524
stable_plain,late_state_ce,51,51+,8,-1.0849583148956299,1.0,1.0,0.09997186064720154,0.0
stable_plain,late_state_ce,51,51+,12,-1.4813283681869507,1.0,1.0,0.25842350721359253,0.0
stable_plain,late_state_ce,51,51+,16,-1.3776700496673584,1.0,1.0,0.3320993185043335,0.0
stable_plain,late_state_ce,51,51+,24,-1.194557547569275,1.0,1.0,0.4168751537799835,0.0
stable_plain,late_state_ce,51,51+,32,-1.267299771308899,1.0,1.0,0.46991166472435,0.0
stable_plain,late_state_ce,51,51+,48,-1.8615037202835083,1.0,1.0,0.539080023765564,0.0
stable_plain,late_state_ce,51,51+,64,-2.337440013885498,1.0,1.0,0.5856332182884216,0.0
stable_plain,late_state_ce,51,51+,96,-2.895555257797241,1.0,1.0,0.6490026116371155,0.0
stable_plain,late_state_ce,51,51+,128,-3.142653226852417,1.0,1.0,0.6928786635398865,0.0
stable_plain,late_state_ce,51,51+,192,-3.3793985843658447,1.0,1.0,0.7537037134170532,0.0
stable_plain,late_state_ce,51,51+,256,-3.5022475719451904,1.0,1.0,0.7963542938232422,0.0
stable_plain,late_state_ce,51,51+,384,-3.710296630859375,1.0,1.0,0.8559832572937012,0.0
stable_plain,late_state_ce,51,51+,512,-3.873471260070801,1.0,1.0,0.8980465531349182,0.0
stable_plain,late_state_ce,51,51+,768,-4.026925563812256,1.0,1.0,0.9570953249931335,0.0
stable_plain,late_state_ce,51,51+,1024,-4.119312763214111,1.0,1.0,0.9988710284233093,0.0
stable_plain,late_state_ce,52,51+,0,-1.4113000631332397,0.1428571492433548,0.0,0.0,0.8571428656578064
stable_plain,late_state_ce,52,51+,1,-0.7121962904930115,0.4642857015132904,0.1111111119389534,0.0,0.5357142686843872
stable_plain,late_state_ce,52,51+,2,-0.9467328786849976,0.4464285671710968,0.2222222238779068,0.0,0.5535714626312256
stable_plain,late_state_ce,52,51+,4,-0.8115046620368958,0.5714285969734192,0.4444444477558136,0.0,0.4285714030265808
stable_plain,late_state_ce,52,51+,8,-0.9756115078926086,0.9285714030265808,0.8888888955116272,0.0,0.07142859697341919
stable_plain,late_state_ce,52,51+,12,-1.5433332920074463,1.0,1.0,0.23212747275829315,0.0
stable_plain,late_state_ce,52,51+,16,-1.3574774265289307,1.0,1.0,0.316903293132782,0.0
stable_plain,late_state_ce,52,51+,24,-1.1352674961090088,1.0,1.0,0.40863126516342163,0.0
stable_plain,late_state_ce,52,51+,32,-1.1535042524337769,1.0,1.0,0.4642549455165863,0.0
stable_plain,late_state_ce,52,51+,48,-1.4808199405670166,1.0,1.0,0.5356044173240662,0.0
stable_plain,late_state_ce,52,51+,64,-1.7648820877075195,1.0,1.0,0.5831248164176941,0.0
stable_plain,late_state_ce,52,51+,96,-2.2824296951293945,1.0,1.0,0.647391140460968,0.0
stable_plain,late_state_ce,52,51+,128,-2.630430221557617,1.0,1.0,0.6916916370391846,0.0
stable_plain,late_state_ce,52,51+,192,-2.8000340461730957,1.0,1.0,0.752926230430603,0.0
stable_plain,late_state_ce,52,51+,256,-2.8334195613861084,1.0,1.0,0.7957761287689209,0.0
stable_plain,late_state_ce,52,51+,384,-2.9744434356689453,1.0,1.0,0.8556012511253357,0.0
stable_plain,late_state_ce,52,51+,512,-3.063887357711792,1.0,1.0,0.8977612257003784,0.0
stable_plain,late_state_ce,52,51+,768,-3.270975112915039,1.0,1.0,0.9569059014320374,0.0
stable_plain,late_state_ce,52,51+,1024,-3.3452014923095703,1.0,1.0,0.9987292885780334,0.0
stable_plain,late_state_ce,53,51+,0,-1.4112999439239502,0.072727270424366,0.0,0.0,0.9272727370262146
stable_plain,late_state_ce,53,51+,1,-1.169074296951294,0.581818163394928,0.20000000298023224,0.0,0.418181836605072
stable_plain,late_state_ce,53,51+,2,-1.9472016096115112,0.6909090876579285,0.4000000059604645,0.0,0.30909091234207153
stable_plain,late_state_ce,53,51+,4,-1.1571333408355713,0.9818181991577148,0.800000011920929,0.0,0.018181800842285156
stable_plain,late_state_ce,53,51+,8,-1.4585977792739868,1.0,1.0,0.23212747275829315,0.0
stable_plain,late_state_ce,53,51+,12,-1.3027548789978027,1.0,1.0,0.316903293132782,0.0
stable_plain,late_state_ce,53,51+,16,-1.1799904108047485,1.0,1.0,0.3699398338794708,0.0
stable_plain,late_state_ce,53,51+,24,-1.015320062637329,1.0,1.0,0.43910813331604004,0.0
stable_plain,late_state_ce,53,51+,32,-0.9922423362731934,1.0,1.0,0.4856613576412201,0.0
stable_plain,late_state_ce,53,51+,48,-1.2580411434173584,1.0,1.0,0.5490307807922363,0.0
stable_plain,late_state_ce,53,51+,64,-1.6822254657745361,1.0,1.0,0.5929068326950073,0.0
stable_plain,late_state_ce,53,51+,96,-2.259697675704956,1.0,1.0,0.6537318229675293,0.0
stable_plain,late_state_ce,53,51+,128,-2.5239319801330566,1.0,1.0,0.6963824033737183,0.0
stable_plain,late_state_ce,53,51+,192,-2.6030263900756836,1.0,1.0,0.756011426448822,0.0
stable_plain,late_state_ce,53,51+,256,-2.6031551361083984,1.0,1.0,0.7980747222900391,0.0
stable_plain,late_state_ce,53,51+,384,-2.6972317695617676,1.0,1.0,0.8571234345436096,0.0
stable_plain,late_state_ce,53,51+,512,-2.7911829948425293,1.0,1.0,0.8988991379737854,0.0
stable_plain,late_state_ce,53,51+,768,-2.9002156257629395,1.0,1.0,0.9576619863510132,0.0
stable_plain,late_state_ce,53,51+,1024,-2.9674930572509766,1.0,1.0,0.9992954134941101,0.0
stable_plain,late_state_ce,56,51+,0,-1.4112999439239502,0.10000000149011612,0.0,0.0,0.8999999761581421
stable_plain,late_state_ce,56,51+,1,-0.9685034155845642,0.4333333373069763,0.07692307978868484,0.0,0.5666666626930237
stable_plain,late_state_ce,56,51+,2,-0.9583895206451416,0.4833333194255829,0.1538461595773697,0.0,0.5166666507720947
stable_plain,late_state_ce,56,51+,4,-0.8695266246795654,0.5,0.3076923191547394,0.0,0.5
stable_plain,late_state_ce,56,51+,8,-0.8835167288780212,0.6666666865348816,0.6153846383094788,0.0,0.3333333134651184
stable_plain,late_state_ce,56,51+,12,-0.9699395298957825,0.7166666388511658,0.9230769276618958,0.0,0.28333336114883423
stable_plain,late_state_ce,56,51+,16,-1.7829540967941284,1.0,1.0,0.23212747275829315,0.0
stable_plain,late_state_ce,56,51+,24,-1.1965287923812866,1.0,1.0,0.3699398338794708,0.0
stable_plain,late_state_ce,56,51+,32,-1.1090632677078247,1.0,1.0,0.43910813331604004,0.0
stable_plain,late_state_ce,56,51+,48,-1.50581693649292,1.0,1.0,0.5207987427711487,0.0
stable_plain,late_state_ce,56,51+,64,-1.9402811527252197,1.0,1.0,0.5726308226585388,0.0
stable_plain,late_state_ce,56,51+,96,-2.36873459815979,1.0,1.0,0.6407586932182312,0.0
stable_plain,late_state_ce,56,51+,128,-2.693114757537842,1.0,1.0,0.6868431568145752,0.0
stable_plain,late_state_ce,56,51+,192,-2.866044282913208,1.0,1.0,0.7497735023498535,0.0
stable_plain,late_state_ce,56,51+,256,-2.998534679412842,1.0,1.0,0.7934404611587524,0.0
stable_plain,late_state_ce,56,51+,384,-3.04333758354187,1.0,1.0,0.8540627360343933,0.0
stable_plain,late_state_ce,56,51+,512,-2.990884780883789,1.0,1.0,0.8966143131256104,0.0
stable_plain,late_state_ce,56,51+,768,-2.9466683864593506,1.0,1.0,0.9561457633972168,0.0
stable_plain,late_state_ce,56,51+,1024,-2.9328079223632812,1.0,1.0,0.9981608390808105,0.0
stable_plain,combined_margin,1,0,0,0.7967225313186646,0.12727272510528564,0.0,0.0,0.8727272748947144
stable_plain,combined_margin,1,0,1,-0.011763292364776134,0.6545454263687134,0.20000000298023224,0.0,0.3454545736312866
stable_plain,combined_margin,1,0,2,-0.5075829029083252,0.7454545497894287,0.4000000059604645,0.0,0.2545454502105713
stable_plain,combined_margin,1,0,4,-0.8623100519180298,0.9272727370262146,0.800000011920929,0.0,0.0727272629737854
stable_plain,combined_margin,1,0,8,-1.14400315284729,1.0,1.0,0.23212747275829315,0.0
stable_plain,combined_margin,1,0,12,-0.8290248513221741,1.0,1.0,0.316903293132782,0.0
stable_plain,combined_margin,1,0,16,-0.7899162769317627,1.0,1.0,0.3699398338794708,0.0
stable_plain,combined_margin,1,0,24,-0.942374587059021,1.0,1.0,0.43910813331604004,0.0
stable_plain,combined_margin,1,0,32,-0.8967782258987427,1.0,1.0,0.4856613576412201,0.0
stable_plain,combined_margin,1,0,48,-0.6538882255554199,1.0,1.0,0.5490307807922363,0.0
stable_plain,combined_margin,1,0,64,-0.654880166053772,1.0,1.0,0.5929068326950073,0.0
stable_plain,combined_margin,1,0,96,-1.0334841012954712,1.0,1.0,0.6537318229675293,0.0
stable_plain,combined_margin,1,0,128,-1.39640212059021,1.0,1.0,0.6963824033737183,0.0
stable_plain,combined_margin,1,0,192,-1.966131329536438,1.0,1.0,0.756011426448822,0.0
stable_plain,combined_margin,1,0,256,-2.404249906539917,1.0,1.0,0.7980747222900391,0.0
stable_plain,combined_margin,1,0,384,-3.0206422805786133,1.0,1.0,0.8571234345436096,0.0
stable_plain,combined_margin,1,0,512,-3.405872344970703,1.0,1.0,0.8988991379737854,0.0
stable_plain,combined_margin,1,0,768,-3.847273111343384,1.0,1.0,0.9576619863510132,0.0
stable_plain,combined_margin,1,0,1024,-4.107658863067627,1.0,1.0,0.9992954134941101,0.0
stable_plain,combined_margin,4,0,0,0.7967223525047302,0.1071428582072258,0.0,0.0,0.8928571343421936
stable_plain,combined_margin,4,0,1,0.20253928005695343,0.5714285969734192,0.20000000298023224,0.0,0.4285714030265808
stable_plain,combined_margin,4,0,2,-0.21382994949817657,0.6785714030265808,0.4000000059604645,0.0,0.3214285969734192
stable_plain,combined_margin,4,0,4,-0.6202108263969421,0.9642857313156128,0.800000011920929,0.0,0.03571426868438721
stable_plain,combined_margin,4,0,8,-1.1732912063598633,1.0,1.0,0.23212747275829315,0.0
stable_plain,combined_margin,4,0,12,-0.8606485724449158,1.0,1.0,0.316903293132782,0.0
stable_plain,combined_margin,4,0,16,-0.8046876192092896,1.0,1.0,0.3699398338794708,0.0
stable_plain,combined_margin,4,0,24,-1.0553117990493774,1.0,1.0,0.43910813331604004,0.0
stable_plain,combined_margin,4,0,32,-1.1923319101333618,1.0,1.0,0.4856613576412201,0.0
stable_plain,combined_margin,4,0,48,-1.0377353429794312,1.0,1.0,0.5490307807922363,0.0
stable_plain,combined_margin,4,0,64,-0.741146445274353,1.0,1.0,0.5929068326950073,0.0
stable_plain,combined_margin,4,0,96,-0.7980875968933105,1.0,1.0,0.6537318229675293,0.0
stable_plain,combined_margin,4,0,128,-1.2005398273468018,1.0,1.0,0.6963824033737183,0.0
stable_plain,combined_margin,4,0,192,-1.774321436882019,1.0,1.0,0.756011426448822,0.0
stable_plain,combined_margin,4,0,256,-2.1781013011932373,1.0,1.0,0.7980747222900391,0.0
stable_plain,combined_margin,4,0,384,-2.8306000232696533,1.0,1.0,0.8571234345436096,0.0
stable_plain,combined_margin,4,0,512,-3.2885236740112305,1.0,1.0,0.8988991379737854,0.0
stable_plain,combined_margin,4,0,768,-3.7835583686828613,1.0,1.0,0.9576619863510132,0.0
stable_plain,combined_margin,4,0,1024,-4.014347076416016,1.0,1.0,0.9992954134941101,0.0
stable_plain,combined_margin,8,0,0,0.7967225313186646,0.09090909361839294,0.0,0.0,0.9090908765792847
stable_plain,combined_margin,8,0,1,0.2644859254360199,0.6181818246841431,0.20000000298023224,0.0,0.38181817531585693
stable_plain,combined_margin,8,0,2,0.18034501373767853,0.7272727489471436,0.4000000059604645,0.0,0.27272725105285645
stable_plain,combined_margin,8,0,4,-0.3792847990989685,0.9090909361839294,0.800000011920929,0.0,0.09090906381607056
stable_plain,combined_margin,8,0,8,-1.2452783584594727,1.0,1.0,0.23212747275829315,0.0
stable_plain,combined_margin,8,0,12,-1.049941062927246,1.0,1.0,0.316903293132782,0.0
stable_plain,combined_margin,8,0,16,-1.055546760559082,1.0,1.0,0.3699398338794708,0.0
stable_plain,combined_margin,8,0,24,-1.2502360343933105,1.0,1.0,0.43910813331604004,0.0
stable_plain,combined_margin,8,0,32,-1.25286066532135,1.0,1.0,0.4856613576412201,0.0
stable_plain,combined_margin,8,0,48,-1.0533159971237183,1.0,1.0,0.5490307807922363,0.0
stable_plain,combined_margin,8,0,64,-1.018054723739624,1.0,1.0,0.5929068326950073,0.0
stable_plain,combined_margin,8,0,96,-1.4323062896728516,1.0,1.0,0.6537318229675293,0.0
stable_plain,combined_margin,8,0,128,-1.805551528930664,1.0,1.0,0.6963824033737183,0.0
stable_plain,combined_margin,8,0,192,-2.4892959594726562,1.0,1.0,0.756011426448822,0.0
stable_plain,combined_margin,8,0,256,-3.007965087890625,1.0,1.0,0.7980747222900391,0.0
stable_plain,combined_margin,8,0,384,-3.538839817047119,1.0,1.0,0.8571234345436096,0.0
stable_plain,combined_margin,8,0,512,-3.797072172164917,1.0,1.0,0.8988991379737854,0.0
stable_plain,combined_margin,8,0,768,-4.114218711853027,1.0,1.0,0.9576619863510132,0.0
stable_plain,combined_margin,8,0,1024,-4.276536464691162,1.0,1.0,0.9992954134941101,0.0
stable_plain,combined_margin,9,0,0,0.7967225313186646,0.1111111119389534,0.0,0.0,0.8888888955116272
stable_plain,combined_margin,9,0,1,-0.06687163561582565,0.5,0.1666666716337204,0.0,0.5
stable_plain,combined_margin,9,0,2,-0.16620369255542755,0.7037037014961243,0.3333333432674408,0.0,0.29629629850387573
stable_plain,combined_margin,9,0,4,-0.7023345232009888,0.7037037014961243,0.6666666865348816,0.0,0.29629629850387573
stable_plain,combined_margin,9,0,8,-1.3237242698669434,1.0,1.0,0.19994372129440308,0.0
stable_plain,combined_margin,9,0,12,-0.9628700017929077,1.0,1.0,0.2999155819416046,0.0
stable_plain,combined_margin,9,0,16,-0.8788586258888245,1.0,1.0,0.35839536786079407,0.0
stable_plain,combined_margin,9,0,24,-1.0754809379577637,1.0,1.0,0.43207117915153503,0.0
stable_plain,combined_margin,9,0,32,-1.1255829334259033,1.0,1.0,0.4806002080440521,0.0
stable_plain,combined_margin,9,0,48,-0.914010763168335,1.0,1.0,0.5457895398139954,0.0
stable_plain,combined_margin,9,0,64,-0.8138932585716248,1.0,1.0,0.590522825717926,0.0
stable_plain,combined_margin,9,0,96,-1.043164610862732,1.0,1.0,0.6521726250648499,0.0
stable_plain,combined_margin,9,0,128,-1.3236150741577148,1.0,1.0,0.6952239274978638,0.0
stable_plain,combined_margin,9,0,192,-1.7626508474349976,1.0,1.0,0.7552462816238403,0.0
stable_plain,combined_margin,9,0,256,-2.1003994941711426,1.0,1.0,0.7975034713745117,0.0
stable_plain,combined_margin,9,0,384,-2.566786527633667,1.0,1.0,0.8567444086074829,0.0
stable_plain,combined_margin,9,0,512,-2.8702285289764404,1.0,1.0,0.8986155390739441,0.0
stable_plain,combined_margin,9,0,768,-3.2272233963012695,1.0,1.0,0.9574733972549438,0.0
stable_plain,combined_margin,9,0,1024,-3.437189817428589,1.0,1.0,0.9991540908813477,0.0
stable_plain,combined_margin,12,1-2,0,0.7967225313186646,0.12727272510528564,0.0,0.0,0.8727272748947144
stable_plain,combined_margin,12,1-2,1,0.07538554817438126,0.5272727012634277,0.20000000298023224,0.0,0.47272729873657227
stable_plain,combined_margin,12,1-2,2,0.0032398507464677095,0.6000000238418579,0.4000000059604645,0.0,0.3999999761581421
stable_plain,combined_margin,12,1-2,4,-0.32909056544303894,0.8727272748947144,0.800000011920929,0.0,0.12727272510528564
stable_plain,combined_margin,12,1-2,8,-1.1669650077819824,1.0,1.0,0.23212747275829315,0.0
stable_plain,combined_margin,12,1-2,12,-1.0032320022583008,1.0,1.0,0.316903293132782,0.0
stable_plain,combined_margin,12,1-2,16,-0.9066455960273743,1.0,1.0,0.3699398338794708,0.0
stable_plain,combined_margin,12,1-2,24,-1.0130597352981567,1.0,1.0,0.43910813331604004,0.0
stable_plain,combined_margin,12,1-2,32,-0.9951407313346863,1.0,1.0,0.4856613576412201,0.0
stable_plain,combined_margin,12,1-2,48,-0.8166149258613586,1.0,1.0,0.5490307807922363,0.0
stable_plain,combined_margin,12,1-2,64,-0.9131895303726196,1.0,1.0,0.5929068326950073,0.0
stable_plain,combined_margin,12,1-2,96,-1.2613797187805176,1.0,1.0,0.6537318229675293,0.0
stable_plain,combined_margin,12,1-2,128,-1.5765652656555176,1.0,1.0,0.6963824033737183,0.0
stable_plain,combined_margin,12,1-2,192,-2.1179699897766113,1.0,1.0,0.756011426448822,0.0
stable_plain,combined_margin,12,1-2,256,-2.5339014530181885,1.0,1.0,0.7980747222900391,0.0
stable_plain,combined_margin,12,1-2,384,-3.0977160930633545,1.0,1.0,0.8571234345436096,0.0
stable_plain,combined_margin,12,1-2,512,-3.4251492023468018,1.0,1.0,0.8988991379737854,0.0
stable_plain,combined_margin,12,1-2,768,-3.7575323581695557,1.0,1.0,0.9576619863510132,0.0
stable_plain,combined_margin,12,1-2,1024,-3.927105665206909,1.0,1.0,0.9992954134941101,0.0
stable_plain,combined_margin,13,1-2,0,0.7967225313186646,0.1090909093618393,0.0,0.0,0.8909090757369995
stable_plain,combined_margin,13,1-2,1,-0.07656934857368469,0.5272727012634277,0.04545454680919647,0.0,0.47272729873657227
stable_plain,combined_margin,13,1-2,2,-0.06075190380215645,0.4909090995788574,0.09090909361839294,0.0,0.5090909004211426
stable_plain,combined_margin,13,1-2,4,-0.15383782982826233,0.6545454263687134,0.1818181872367859,0.0,0.3454545736312866
stable_plain,combined_margin,13,1-2,8,-0.2714986205101013,0.581818163394928,0.3636363744735718,0.0,0.418181836605072
stable_plain,combined_margin,13,1-2,12,-0.47484639286994934,0.4545454680919647,0.5454545617103577,0.0,0.5454545021057129
stable_plain,combined_margin,13,1-2,16,-0.5950003862380981,0.5636363625526428,0.7272727489471436,0.0,0.4363636374473572
stable_plain,combined_margin,13,1-2,24,-1.338786005973816,1.0,1.0,0.19994372129440308,0.0
stable_plain,combined_margin,13,1-2,32,-1.1348836421966553,1.0,1.0,0.35839536786079407,0.0
stable_plain,combined_margin,13,1-2,48,-1.0364960432052612,1.0,1.0,0.4806002080440521,0.0
stable_plain,combined_margin,13,1-2,64,-0.9391910433769226,1.0,1.0,0.5457895398139954,0.0
stable_plain,combined_margin,13,1-2,96,-1.2857897281646729,1.0,1.0,0.6246169209480286,0.0
stable_plain,combined_margin,13,1-2,128,-1.5882233381271362,1.0,1.0,0.6752986311912537,0.0
stable_plain,combined_margin,13,1-2,192,-2.131303071975708,1.0,1.0,0.7424174547195435,0.0
stable_plain,combined_margin,13,1-2,256,-2.4864492416381836,1.0,1.0,0.7880424857139587,0.0
stable_plain,combined_margin,13,1-2,384,-2.9674949645996094,1.0,1.0,0.850540041923523,0.0
stable_plain,combined_margin,13,1-2,512,-3.2250170707702637,1.0,1.0,0.8939997553825378,0.0
stable_plain,combined_margin,13,1-2,768,-3.5303330421447754,1.0,1.0,0.954420804977417,0.0
stable_plain,combined_margin,13,1-2,1024,-3.688533067703247,1.0,1.0,0.9968737363815308,0.0
stable_plain,combined_margin,20,1-2,0,0.7967223525047302,0.125,0.0,0.0,0.875
stable_plain,combined_margin,20,1-2,1,0.5933723449707031,0.5714285969734192,0.1666666716337204,0.0,0.4285714030265808
stable_plain,combined_margin,20,1-2,2,0.3735688626766205,0.625,0.3333333432674408,0.0,0.375
stable_plain,combined_margin,20,1-2,4,-0.07920865714550018,0.875,0.6666666865348816,0.0,0.125
stable_plain,combined_margin,20,1-2,8,-1.016242265701294,1.0,1.0,0.19994372129440308,0.0
stable_plain,combined_margin,20,1-2,12,-0.8332737684249878,1.0,1.0,0.2999155819416046,0.0
stable_plain,combined_margin,20,1-2,16,-0.8003836274147034,1.0,1.0,0.35839536786079407,0.0
stable_plain,combined_margin,20,1-2,24,-0.9550066590309143,1.0,1.0,0.43207117915153503,0.0
stable_plain,combined_margin,20,1-2,32,-0.9272601008415222,1.0,1.0,0.4806002080440521,0.0
stable_plain,combined_margin,20,1-2,48,-0.6212756037712097,1.0,1.0,0.5457895398139954,0.0
stable_plain,combined_margin,20,1-2,64,-0.6383121609687805,1.0,1.0,0.590522825717926,0.0
stable_plain,combined_margin,20,1-2,96,-1.0472990274429321,1.0,1.0,0.6521726250648499,0.0
stable_plain,combined_margin,20,1-2,128,-1.3681495189666748,1.0,1.0,0.6952239274978638,0.0
stable_plain,combined_margin,20,1-2,192,-1.8800733089447021,1.0,1.0,0.7552462816238403,0.0
stable_plain,combined_margin,20,1-2,256,-2.2908120155334473,1.0,1.0,0.7975034713745117,0.0
stable_plain,combined_margin,20,1-2,384,-2.905512809753418,1.0,1.0,0.8567444086074829,0.0
stable_plain,combined_margin,20,1-2,512,-3.2320163249969482,1.0,1.0,0.8986155390739441,0.0
stable_plain,combined_margin,20,1-2,768,-3.535449266433716,1.0,1.0,0.9574733972549438,0.0
stable_plain,combined_margin,20,1-2,1024,-3.6862549781799316,1.0,1.0,0.9991540908813477,0.0
stable_plain,combined_margin,22,1-2,0,0.7967225313186646,0.09375,0.0,0.0,0.90625
stable_plain,combined_margin,22,1-2,1,0.8804082870483398,0.390625,0.1666666716337204,0.0,0.609375
stable_plain,combined_margin,22,1-2,2,0.7135720252990723,0.59375,0.3333333432674408,0.0,0.40625
stable_plain,combined_margin,22,1-2,4,0.20657305419445038,0.875,0.6666666865348816,0.0,0.125
stable_plain,combined_margin,22,1-2,8,-1.164831280708313,1.0,1.0,0.19994372129440308,0.0
stable_plain,combined_margin,22,1-2,12,-0.9691812992095947,1.0,1.0,0.2999155819416046,0.0
stable_plain,combined_margin,22,1-2,16,-0.8620095252990723,1.0,1.0,0.35839536786079407,0.0
stable_plain,combined_margin,22,1-2,24,-1.1178004741668701,1.0,1.0,0.43207117915153503,0.0
stable_plain,combined_margin,22,1-2,32,-1.260036587715149,1.0,1.0,0.4806002080440521,0.0
stable_plain,combined_margin,22,1-2,48,-1.033399224281311,1.0,1.0,0.5457895398139954,0.0
stable_plain,combined_margin,22,1-2,64,-0.799643337726593,1.0,1.0,0.590522825717926,0.0
stable_plain,combined_margin,22,1-2,96,-0.9215148687362671,1.0,1.0,0.6521726250648499,0.0
stable_plain,combined_margin,22,1-2,128,-1.1544147729873657,1.0,1.0,0.6952239274978638,0.0
stable_plain,combined_margin,22,1-2,192,-1.5684138536453247,1.0,1.0,0.7552462816238403,0.0
stable_plain,combined_margin,22,1-2,256,-1.9097169637680054,1.0,1.0,0.7975034713745117,0.0
stable_plain,combined_margin,22,1-2,384,-2.4171204566955566,1.0,1.0,0.8567444086074829,0.0
stable_plain,combined_margin,22,1-2,512,-2.800980806350708,1.0,1.0,0.8986155390739441,0.0
stable_plain,combined_margin,22,1-2,768,-2.95906400680542,1.0,1.0,0.9574733972549438,0.0
stable_plain,combined_margin,22,1-2,1024,-2.9553112983703613,1.0,1.0,0.9991540908813477,0.0
stable_plain,combined_margin,27,3-10,0,0.7967225313186646,0.072727270424366,0.0,0.0,0.9272727370262146
stable_plain,combined_margin,27,3-10,1,0.25686395168304443,0.4545454680919647,0.1666666716337204,0.0,0.5454545021057129
stable_plain,combined_margin,27,3-10,2,-0.04188317060470581,0.6545454263687134,0.3333333432674408,0.0,0.3454545736312866
stable_plain,combined_margin,27,3-10,4,-0.3576788008213043,0.8181818127632141,0.6666666865348816,0.0,0.1818181872367859
stable_plain,combined_margin,27,3-10,8,-1.3171480894088745,1.0,1.0,0.19994372129440308,0.0
stable_plain,combined_margin,27,3-10,12,-1.0773377418518066,1.0,1.0,0.2999155819416046,0.0
stable_plain,combined_margin,27,3-10,16,-1.0071020126342773,1.0,1.0,0.35839536786079407,0.0
stable_plain,combined_margin,27,3-10,24,-1.2270781993865967,1.0,1.0,0.43207117915153503,0.0
stable_plain,combined_margin,27,3-10,32,-1.2978804111480713,1.0,1.0,0.4806002080440521,0.0
stable_plain,combined_margin,27,3-10,48,-1.1929305791854858,1.0,1.0,0.5457895398139954,0.0
stable_plain,combined_margin,27,3-10,64,-1.03600013256073,1.0,1.0,0.590522825717926,0.0
stable_plain,combined_margin,27,3-10,96,-1.143308401107788,1.0,1.0,0.6521726250648499,0.0
stable_plain,combined_margin,27,3-10,128,-1.40458083152771,1.0,1.0,0.6952239274978638,0.0
stable_plain,combined_margin,27,3-10,192,-1.8709831237792969,1.0,1.0,0.7552462816238403,0.0
stable_plain,combined_margin,27,3-10,256,-2.206915855407715,1.0,1.0,0.7975034713745117,0.0
stable_plain,combined_margin,27,3-10,384,-2.656290054321289,1.0,1.0,0.8567444086074829,0.0
stable_plain,combined_margin,27,3-10,512,-2.9253041744232178,1.0,1.0,0.8986155390739441,0.0
stable_plain,combined_margin,27,3-10,768,-3.221719980239868,1.0,1.0,0.9574733972549438,0.0
stable_plain,combined_margin,27,3-10,1024,-3.3737268447875977,1.0,1.0,0.9991540908813477,0.0
stable_plain,combined_margin,29,3-10,0,0.7967223525047302,0.07407407462596893,0.0,0.0,0.9259259104728699
stable_plain,combined_margin,29,3-10,1,-0.1452004611492157,0.40740740299224854,0.125,0.0,0.5925925970077515
stable_plain,combined_margin,29,3-10,2,-0.540192186832428,0.48148149251937866,0.25,0.0,0.5185185074806213
stable_plain,combined_margin,29,3-10,4,-0.4770844876766205,0.7592592835426331,0.5,0.0,0.24074071645736694
stable_plain,combined_margin,29,3-10,8,-0.7103542685508728,1.0,1.0,0.09997186064720154,0.0
stable_plain,combined_margin,29,3-10,12,-1.0988280773162842,1.0,1.0,0.25842350721359253,0.0
stable_plain,combined_margin,29,3-10,16,-1.025662899017334,1.0,1.0,0.3320993185043335,0.0
stable_plain,combined_margin,29,3-10,24,-1.1463245153427124,1.0,1.0,0.4168751537799835,0.0
stable_plain,combined_margin,29,3-10,32,-1.2847578525543213,1.0,1.0,0.46991166472435,0.0
stable_plain,combined_margin,29,3-10,48,-1.1244364976882935,1.0,1.0,0.539080023765564,0.0
stable_plain,combined_margin,29,3-10,64,-1.0885062217712402,1.0,1.0,0.5856332182884216,0.0
stable_plain,combined_margin,29,3-10,96,-1.4966068267822266,1.0,1.0,0.6490026116371155,0.0
stable_plain,combined_margin,29,3-10,128,-1.858004093170166,1.0,1.0,0.6928786635398865,0.0
stable_plain,combined_margin,29,3-10,192,-2.4033801555633545,1.0,1.0,0.7537037134170532,0.0
stable_plain,combined_margin,29,3-10,256,-2.9000661373138428,1.0,1.0,0.7963542938232422,0.0
stable_plain,combined_margin,29,3-10,384,-3.495575428009033,1.0,1.0,0.8559832572937012,0.0
stable_plain,combined_margin,29,3-10,512,-3.852412462234497,1.0,1.0,0.8980465531349182,0.0
stable_plain,combined_margin,29,3-10,768,-4.212153911590576,1.0,1.0,0.9570953249931335,0.0
stable_plain,combined_margin,29,3-10,1024,-4.3558759689331055,1.0,1.0,0.9988710284233093,0.0
stable_plain,combined_margin,30,3-10,0,0.7967225313186646,0.1071428582072258,0.0,0.0,0.8928571343421936
stable_plain,combined_margin,30,3-10,1,0.38671252131462097,0.4642857015132904,0.1666666716337204,0.0,0.5357142686843872
stable_plain,combined_margin,30,3-10,2,0.5510285496711731,0.5535714030265808,0.3333333432674408,0.0,0.4464285969734192
stable_plain,combined_margin,30,3-10,4,-0.013477002270519733,0.6785714030265808,0.6666666865348816,0.0,0.3214285969734192
stable_plain,combined_margin,30,3-10,8,-1.3395700454711914,1.0,1.0,0.19994372129440308,0.0
stable_plain,combined_margin,30,3-10,12,-1.0150575637817383,1.0,1.0,0.2999155819416046,0.0
stable_plain,combined_margin,30,3-10,16,-0.8385031819343567,1.0,1.0,0.35839536786079407,0.0
stable_plain,combined_margin,30,3-10,24,-1.0037481784820557,1.0,1.0,0.43207117915153503,0.0
stable_plain,combined_margin,30,3-10,32,-1.1098504066467285,1.0,1.0,0.4806002080440521,0.0
stable_plain,combined_margin,30,3-10,48,-0.8492891788482666,1.0,1.0,0.5457895398139954,0.0
stable_plain,combined_margin,30,3-10,64,-0.6793619394302368,1.0,1.0,0.590522825717926,0.0
stable_plain,combined_margin,30,3-10,96,-1.0465202331542969,1.0,1.0,0.6521726250648499,0.0
stable_plain,combined_margin,30,3-10,128,-1.4311174154281616,1.0,1.0,0.6952239274978638,0.0
stable_plain,combined_margin,30,3-10,192,-2.0118210315704346,1.0,1.0,0.7552462816238403,0.0
stable_plain,combined_margin,30,3-10,256,-2.454881429672241,1.0,1.0,0.7975034713745117,0.0
stable_plain,combined_margin,30,3-10,384,-2.9873318672180176,1.0,1.0,0.8567444086074829,0.0
stable_plain,combined_margin,30,3-10,512,-3.3145594596862793,1.0,1.0,0.8986155390739441,0.0
stable_plain,combined_margin,30,3-10,768,-3.702831506729126,1.0,1.0,0.9574733972549438,0.0
stable_plain,combined_margin,30,3-10,1024,-3.920271158218384,1.0,1.0,0.9991540908813477,0.0
stable_plain,combined_margin,35,3-10,0,0.7967223525047302,0.08620689809322357,0.0,0.0,0.9137930870056152
stable_plain,combined_margin,35,3-10,1,0.556546688079834,0.4482758641242981,0.0833333358168602,0.0,0.5517241358757019
stable_plain,combined_margin,35,3-10,2,0.5652770400047302,0.5344827771186829,0.1666666716337204,0.0,0.46551722288131714
stable_plain,combined_margin,35,3-10,4,0.2063746154308319,0.5344827771186829,0.3333333432674408,0.0,0.46551722288131714
stable_plain,combined_margin,35,3-10,8,-0.4136984944343567,0.6724137663841248,0.6666666865348816,0.0,0.32758623361587524
stable_plain,combined_margin,35,3-10,12,-0.9571758508682251,1.0,1.0,0.09997186064720154,0.0
stable_plain,combined_margin,35,3-10,16,-1.0687862634658813,1.0,1.0,0.25842350721359253,0.0
stable_plain,combined_margin,35,3-10,24,-0.9899200201034546,1.0,1.0,0.3806283473968506,0.0
stable_plain,combined_margin,35,3-10,32,-0.9713443517684937,1.0,1.0,0.4458176791667938,0.0
stable_plain,combined_margin,35,3-10,48,-0.9065374732017517,1.0,1.0,0.5246450304985046,0.0
stable_plain,combined_margin,35,3-10,64,-1.058510184288025,1.0,1.0,0.5753268003463745,0.0
stable_plain,combined_margin,35,3-10,96,-1.5062240362167358,1.0,1.0,0.6424456238746643,0.0
stable_plain,combined_margin,35,3-10,128,-1.8607081174850464,1.0,1.0,0.6880705952644348,0.0
stable_plain,combined_margin,35,3-10,192,-2.372453451156616,1.0,1.0,0.750568151473999,0.0
stable_plain,combined_margin,35,3-10,256,-2.6971850395202637,1.0,1.0,0.7940279245376587,0.0
stable_plain,combined_margin,35,3-10,384,-3.082350730895996,1.0,1.0,0.8544489145278931,0.0
stable_plain,combined_margin,35,3-10,512,-3.3035669326782227,1.0,1.0,0.8969019055366516,0.0
stable_plain,combined_margin,35,3-10,768,-3.490203857421875,1.0,1.0,0.9563362002372742,0.0
stable_plain,combined_margin,35,3-10,1024,-3.5839202404022217,1.0,1.0,0.9983031749725342,0.0
stable_plain,combined_margin,36,11-50,0,0.7967225313186646,0.09090909361839294,0.0,0.0,0.9090908765792847
stable_plain,combined_margin,36,11-50,1,-0.20982219278812408,0.4909090995788574,0.1666666716337204,0.0,0.5090909004211426
stable_plain,combined_margin,36,11-50,2,-0.37878748774528503,0.6545454263687134,0.3333333432674408,0.0,0.3454545736312866
stable_plain,combined_margin,36,11-50,4,-0.530707597732544,0.7454545497894287,0.6666666865348816,0.0,0.2545454502105713
stable_plain,combined_margin,36,11-50,8,-1.3066943883895874,1.0,1.0,0.19994372129440308,0.0
stable_plain,combined_margin,36,11-50,12,-1.0727459192276,1.0,1.0,0.2999155819416046,0.0
stable_plain,combined_margin,36,11-50,16,-1.0077358484268188,1.0,1.0,0.35839536786079407,0.0
stable_plain,combined_margin,36,11-50,24,-1.1419588327407837,1.0,1.0,0.43207117915153503,0.0
stable_plain,combined_margin,36,11-50,32,-1.1765824556350708,1.0,1.0,0.4806002080440521,0.0
stable_plain,combined_margin,36,11-50,48,-1.0224370956420898,1.0,1.0,0.5457895398139954,0.0
stable_plain,combined_margin,36,11-50,64,-0.975692093372345,1.0,1.0,0.590522825717926,0.0
stable_plain,combined_margin,36,11-50,96,-1.1997700929641724,1.0,1.0,0.6521726250648499,0.0
stable_plain,combined_margin,36,11-50,128,-1.4783515930175781,1.0,1.0,0.6952239274978638,0.0
stable_plain,combined_margin,36,11-50,192,-1.9945908784866333,1.0,1.0,0.7552462816238403,0.0
stable_plain,combined_margin,36,11-50,256,-2.365985631942749,1.0,1.0,0.7975034713745117,0.0
stable_plain,combined_margin,36,11-50,384,-2.918098211288452,1.0,1.0,0.8567444086074829,0.0
stable_plain,combined_margin,36,11-50,512,-3.2881336212158203,1.0,1.0,0.8986155390739441,0.0
stable_plain,combined_margin,36,11-50,768,-3.730835199356079,1.0,1.0,0.9574733972549438,0.0
stable_plain,combined_margin,36,11-50,1024,-3.8502235412597656,1.0,1.0,0.9991540908813477,0.0
stable_plain,combined_margin,38,11-50,0,0.7967225313186646,0.1090909093618393,0.0,0.0,0.8909090757369995
stable_plain,combined_margin,38,11-50,1,-0.31233271956443787,0.4545454680919647,0.1666666716337204,0.0,0.5454545021057129
stable_plain,combined_margin,38,11-50,2,-0.7164989709854126,0.6727272868156433,0.3333333432674408,0.0,0.3272727131843567
stable_plain,combined_margin,38,11-50,4,-0.5919933915138245,0.8363636136054993,0.6666666865348816,0.0,0.16363638639450073
stable_plain,combined_margin,38,11-50,8,-1.112813115119934,1.0,1.0,0.19994372129440308,0.0
stable_plain,combined_margin,38,11-50,12,-0.94810551404953,1.0,1.0,0.2999155819416046,0.0
stable_plain,combined_margin,38,11-50,16,-0.9098647236824036,1.0,1.0,0.35839536786079407,0.0
stable_plain,combined_margin,38,11-50,24,-1.0781335830688477,1.0,1.0,0.43207117915153503,0.0
stable_plain,combined_margin,38,11-50,32,-1.1684776544570923,1.0,1.0,0.4806002080440521,0.0
stable_plain,combined_margin,38,11-50,48,-1.0376856327056885,1.0,1.0,0.5457895398139954,0.0
stable_plain,combined_margin,38,11-50,64,-0.9281855225563049,1.0,1.0,0.590522825717926,0.0
stable_plain,combined_margin,38,11-50,96,-1.2228639125823975,1.0,1.0,0.6521726250648499,0.0
stable_plain,combined_margin,38,11-50,128,-1.5545520782470703,1.0,1.0,0.6952239274978638,0.0
stable_plain,combined_margin,38,11-50,192,-2.0625197887420654,1.0,1.0,0.7552462816238403,0.0
stable_plain,combined_margin,38,11-50,256,-2.4635674953460693,1.0,1.0,0.7975034713745117,0.0
stable_plain,combined_margin,38,11-50,384,-2.9997024536132812,1.0,1.0,0.8567444086074829,0.0
stable_plain,combined_margin,38,11-50,512,-3.365220785140991,1.0,1.0,0.8986155390739441,0.0
stable_plain,combined_margin,38,11-50,768,-3.7916834354400635,1.0,1.0,0.9574733972549438,0.0
stable_plain,combined_margin,38,11-50,1024,-3.9784250259399414,1.0,1.0,0.9991540908813477,0.0
stable_plain,combined_margin,41,11-50,0,0.7967225313186646,0.08771929889917374,0.0,0.0,0.9122806787490845
stable_plain,combined_margin,41,11-50,1,0.1228235736489296,0.5614035129547119,0.25,0.0,0.4385964870452881
stable_plain,combined_margin,41,11-50,2,-0.5528959035873413,0.7543859481811523,0.5,0.0,0.24561405181884766
stable_plain,combined_margin,41,11-50,4,-1.0544624328613281,1.0,1.0,0.09997186064720154,0.0
stable_plain,combined_margin,41,11-50,8,-1.335564136505127,1.0,1.0,0.25842350721359253,0.0
stable_plain,combined_margin,41,11-50,12,-1.0495178699493408,1.0,1.0,0.3320993185043335,0.0
stable_plain,combined_margin,41,11-50,16,-1.0685317516326904,1.0,1.0,0.3806283473968506,0.0
stable_plain,combined_margin,41,11-50,24,-1.296738862991333,1.0,1.0,0.4458176791667938,0.0
stable_plain,combined_margin,41,11-50,32,-1.3717460632324219,1.0,1.0,0.4905509650707245,0.0
stable_plain,combined_margin,41,11-50,48,-1.1699450016021729,1.0,1.0,0.5522007346153259,0.0
stable_plain,combined_margin,41,11-50,64,-0.9759988188743591,1.0,1.0,0.5952520370483398,0.0
stable_plain,combined_margin,41,11-50,96,-1.1799073219299316,1.0,1.0,0.6552744507789612,0.0
stable_plain,combined_margin,41,11-50,128,-1.5404528379440308,1.0,1.0,0.6975316405296326,0.0
stable_plain,combined_margin,41,11-50,192,-2.0643184185028076,1.0,1.0,0.756772518157959,0.0
stable_plain,combined_margin,41,11-50,256,-2.4252920150756836,1.0,1.0,0.7986436486244202,0.0
stable_plain,combined_margin,41,11-50,384,-2.8316476345062256,1.0,1.0,0.8575015068054199,0.0
stable_plain,combined_margin,41,11-50,512,-3.029904842376709,1.0,1.0,0.8991822004318237,0.0
stable_plain,combined_margin,41,11-50,768,-3.181973695755005,1.0,1.0,0.9578503966331482,0.0
stable_plain,combined_margin,41,11-50,1024,-3.2271461486816406,1.0,1.0,0.999436616897583,0.0
stable_plain,combined_margin,47,11-50,0,0.7967224717140198,0.08771929889917374,0.0,0.0,0.9122806787490845
stable_plain,combined_margin,47,11-50,1,0.6174619793891907,0.4385964870452881,0.043478261679410934,0.0,0.5614035129547119
stable_plain,combined_margin,47,11-50,2,0.6244511008262634,0.35087719559669495,0.08695652335882187,0.0,0.6491228342056274
stable_plain,combined_margin,47,11-50,4,0.3609890639781952,0.3333333432674408,0.17391304671764374,0.0,0.6666666269302368
stable_plain,combined_margin,47,11-50,8,-0.14823296666145325,0.31578946113586426,0.3478260934352875,0.0,0.6842105388641357
stable_plain,combined_margin,47,11-50,12,-0.15542684495449066,0.35087719559669495,0.52173912525177,0.0,0.6491228342056274
stable_plain,combined_margin,47,11-50,16,0.008586522191762924,0.35087719559669495,0.695652186870575,0.0,0.6491228342056274
stable_plain,combined_margin,47,11-50,24,-1.1858869791030884,1.0,1.0,0.158451646566391,0.0
stable_plain,combined_margin,47,11-50,32,-1.2983566522598267,1.0,1.0,0.3458458185195923,0.0
stable_plain,combined_margin,47,11-50,48,-1.192801833152771,1.0,1.0,0.475354939699173,0.0
stable_plain,combined_margin,47,11-50,64,-1.007445216178894,1.0,1.0,0.5424737930297852,0.0
stable_plain,combined_margin,47,11-50,96,-1.2763917446136475,1.0,1.0,0.6227065920829773,0.0
stable_plain,combined_margin,47,11-50,128,-1.6876428127288818,1.0,1.0,0.6739569306373596,0.0
stable_plain,combined_margin,47,11-50,192,-2.350968599319458,1.0,1.0,0.7415764927864075,0.0
stable_plain,combined_margin,47,11-50,256,-2.7638044357299805,1.0,1.0,0.7874300479888916,0.0
stable_plain,combined_margin,47,11-50,384,-3.2096364498138428,1.0,1.0,0.8501432538032532,0.0
stable_plain,combined_margin,47,11-50,512,-3.4517569541931152,1.0,1.0,0.8937063217163086,0.0
stable_plain,combined_margin,47,11-50,768,-3.731016159057617,1.0,1.0,0.9542278051376343,0.0
stable_plain,combined_margin,47,11-50,1024,-3.840500593185425,1.0,1.0,0.9967300295829773,0.0
stable_plain,combined_margin,51,51+,0,0.7967225313186646,0.12068965286016464,0.0,0.0,0.8793103694915771
stable_plain,combined_margin,51,51+,1,0.9657841920852661,0.4137931168079376,0.0833333358168602,0.0,0.5862069129943848
stable_plain,combined_margin,51,51+,2,0.6837269067764282,0.48275861144065857,0.1666666716337204,0.0,0.517241358757019
stable_plain,combined_margin,51,51+,4,0.5639290809631348,0.7586206793785095,0.3333333432674408,0.0,0.24137932062149048
stable_plain,combined_margin,51,51+,8,-0.24591782689094543,0.8103448152542114,0.6666666865348816,0.0,0.18965518474578857
stable_plain,combined_margin,51,51+,12,-0.7303337454795837,1.0,1.0,0.09997186064720154,0.0
stable_plain,combined_margin,51,51+,16,-0.9174389243125916,1.0,1.0,0.25842350721359253,0.0
stable_plain,combined_margin,51,51+,24,-0.7227740287780762,1.0,1.0,0.3806283473968506,0.0
stable_plain,combined_margin,51,51+,32,-0.7617312669754028,1.0,1.0,0.4458176791667938,0.0
stable_plain,combined_margin,51,51+,48,-0.6293866634368896,1.0,1.0,0.5246450304985046,0.0
stable_plain,combined_margin,51,51+,64,-0.7549296021461487,1.0,1.0,0.5753268003463745,0.0
stable_plain,combined_margin,51,51+,96,-1.1299489736557007,1.0,1.0,0.6424456238746643,0.0
stable_plain,combined_margin,51,51+,128,-1.446854591369629,1.0,1.0,0.6880705952644348,0.0
stable_plain,combined_margin,51,51+,192,-1.9662234783172607,1.0,1.0,0.750568151473999,0.0
stable_plain,combined_margin,51,51+,256,-2.3490798473358154,1.0,1.0,0.7940279245376587,0.0
stable_plain,combined_margin,51,51+,384,-2.8916993141174316,1.0,1.0,0.8544489145278931,0.0
stable_plain,combined_margin,51,51+,512,-3.2668533325195312,1.0,1.0,0.8969019055366516,0.0
stable_plain,combined_margin,51,51+,768,-3.7321176528930664,1.0,1.0,0.9563362002372742,0.0
stable_plain,combined_margin,51,51+,1024,-3.9974071979522705,1.0,1.0,0.9983031749725342,0.0
stable_plain,combined_margin,52,51+,0,0.7967223525047302,0.1428571492433548,0.0,0.0,0.8571428656578064
stable_plain,combined_margin,52,51+,1,0.9814367890357971,0.3928571343421936,0.01886792480945587,0.0,0.6071428656578064
stable_plain,combined_margin,52,51+,2,0.9250155687332153,0.4464285671710968,0.03773584961891174,0.0,0.5535714626312256
stable_plain,combined_margin,52,51+,4,0.3908710479736328,0.6071428656578064,0.07547169923782349,0.0,0.3928571343421936
stable_plain,combined_margin,52,51+,8,-0.313525527715683,0.6964285969734192,0.15094339847564697,0.0,0.3035714030265808
stable_plain,combined_margin,52,51+,12,-0.32786887884140015,0.5892857313156128,0.22641509771347046,0.0,0.4107142686843872
stable_plain,combined_margin,52,51+,16,-0.6341526508331299,0.6785714030265808,0.30188679695129395,0.0,0.3214285969734192
stable_plain,combined_margin,52,51+,24,-0.47436702251434326,0.5535714030265808,0.4528301954269409,0.0,0.4464285969734192
stable_plain,combined_margin,52,51+,32,-0.7496336698532104,0.6071428656578064,0.6037735939025879,0.0,0.3928571343421936
stable_plain,combined_margin,52,51+,48,-1.1214765310287476,0.6071428656578064,0.9056603908538818,0.0,0.3928571343421936
stable_plain,combined_margin,52,51+,64,-1.3867038488388062,1.0,1.0,0.3699398338794708,0.0
stable_plain,combined_margin,52,51+,96,-1.0466405153274536,1.0,1.0,0.5490307807922363,0.0
stable_plain,combined_margin,52,51+,128,-1.1602226495742798,1.0,1.0,0.626502275466919,0.0
stable_plain,combined_margin,52,51+,192,-1.8711785078048706,1.0,1.0,0.7137542366981506,0.0
stable_plain,combined_margin,52,51+,256,-2.381904363632202,1.0,1.0,0.7677319049835205,0.0
stable_plain,combined_margin,52,51+,384,-3.054680824279785,1.0,1.0,0.8377020359039307,0.0
stable_plain,combined_margin,52,51+,512,-3.424250602722168,1.0,1.0,0.8846132755279541,0.0
stable_plain,combined_margin,52,51+,768,-3.8289215564727783,1.0,1.0,0.9483159184455872,0.0
stable_plain,combined_margin,52,51+,1024,-4.034701347351074,1.0,1.0,0.9923502206802368,0.0
stable_plain,combined_margin,53,51+,0,0.7967225313186646,0.072727270424366,0.0,0.0,0.9272727370262146
stable_plain,combined_margin,53,51+,1,-0.2230108678340912,0.5090909004211426,0.25,0.0,0.4909090995788574
stable_plain,combined_margin,53,51+,2,-0.7889164090156555,0.6545454263687134,0.5,0.0,0.3454545736312866
stable_plain,combined_margin,53,51+,4,-0.8589197397232056,1.0,1.0,0.09997186064720154,0.0
stable_plain,combined_margin,53,51+,8,-1.2026394605636597,1.0,1.0,0.25842350721359253,0.0
stable_plain,combined_margin,53,51+,12,-0.9674058556556702,1.0,1.0,0.3320993185043335,0.0
stable_plain,combined_margin,53,51+,16,-0.9874199032783508,1.0,1.0,0.3806283473968506,0.0
stable_plain,combined_margin,53,51+,24,-1.2094498872756958,1.0,1.0,0.4458176791667938,0.0
stable_plain,combined_margin,53,51+,32,-1.2580273151397705,1.0,1.0,0.4905509650707245,0.0
stable_plain,combined_margin,53,51+,48,-1.0392584800720215,1.0,1.0,0.5522007346153259,0.0
stable_plain,combined_margin,53,51+,64,-0.8663726449012756,1.0,1.0,0.5952520370483398,0.0
stable_plain,combined_margin,53,51+,96,-1.0939674377441406,1.0,1.0,0.6552744507789612,0.0
stable_plain,combined_margin,53,51+,128,-1.4694085121154785,1.0,1.0,0.6975316405296326,0.0
stable_plain,combined_margin,53,51+,192,-2.039274215698242,1.0,1.0,0.756772518157959,0.0
stable_plain,combined_margin,53,51+,256,-2.4559810161590576,1.0,1.0,0.7986436486244202,0.0
stable_plain,combined_margin,53,51+,384,-2.994968891143799,1.0,1.0,0.8575015068054199,0.0
stable_plain,combined_margin,53,51+,512,-3.291654348373413,1.0,1.0,0.8991822004318237,0.0
stable_plain,combined_margin,53,51+,768,-3.572094678878784,1.0,1.0,0.9578503966331482,0.0
stable_plain,combined_margin,53,51+,1024,-3.7482430934906006,1.0,1.0,0.999436616897583,0.0
stable_plain,combined_margin,56,51+,0,0.7967225313186646,0.10000000149011612,0.0,0.0,0.8999999761581421
stable_plain,combined_margin,56,51+,1,0.6107587814331055,0.4166666567325592,0.0833333358168602,0.0,0.5833333730697632
stable_plain,combined_margin,56,51+,2,0.6207891702651978,0.5166666507720947,0.1666666716337204,0.0,0.4833333492279053
stable_plain,combined_margin,56,51+,4,0.23778194189071655,0.5333333611488342,0.3333333432674408,0.0,0.46666663885116577
stable_plain,combined_margin,56,51+,8,-0.3702031970024109,0.6833333373069763,0.6666666865348816,0.0,0.3166666626930237
stable_plain,combined_margin,56,51+,12,-0.4547801911830902,1.0,1.0,0.09997186064720154,0.0
stable_plain,combined_margin,56,51+,16,-1.267501950263977,1.0,1.0,0.25842350721359253,0.0
stable_plain,combined_margin,56,51+,24,-0.9766139388084412,1.0,1.0,0.3806283473968506,0.0
stable_plain,combined_margin,56,51+,32,-1.090773105621338,1.0,1.0,0.4458176791667938,0.0
stable_plain,combined_margin,56,51+,48,-1.080743432044983,1.0,1.0,0.5246450304985046,0.0
stable_plain,combined_margin,56,51+,64,-0.824222981929779,1.0,1.0,0.5753268003463745,0.0
stable_plain,combined_margin,56,51+,96,-0.8956479430198669,1.0,1.0,0.6424456238746643,0.0
stable_plain,combined_margin,56,51+,128,-1.2302013635635376,1.0,1.0,0.6880705952644348,0.0
stable_plain,combined_margin,56,51+,192,-1.6901432275772095,1.0,1.0,0.750568151473999,0.0
stable_plain,combined_margin,56,51+,256,-2.094075918197632,1.0,1.0,0.7940279245376587,0.0
stable_plain,combined_margin,56,51+,384,-2.6771368980407715,1.0,1.0,0.8544489145278931,0.0
stable_plain,combined_margin,56,51+,512,-3.088381290435791,1.0,1.0,0.8969019055366516,0.0
stable_plain,combined_margin,56,51+,768,-3.4402058124542236,1.0,1.0,0.9563362002372742,0.0
stable_plain,combined_margin,56,51+,1024,-3.6377015113830566,1.0,1.0,0.9983031749725342,0.0
collapsed_plain,stable_plain,1,0,0,-0.9282862544059753,0.12727272510528564,0.0,0.0,0.8727272748947144
collapsed_plain,stable_plain,1,0,1,-0.36832037568092346,0.6181818246841431,0.20000000298023224,0.0,0.38181817531585693
collapsed_plain,stable_plain,1,0,2,0.4193061292171478,0.7636363506317139,0.4000000059604645,0.0,0.23636364936828613
collapsed_plain,stable_plain,1,0,4,0.7026286125183105,0.9454545378684998,0.800000011920929,0.0,0.054545462131500244
collapsed_plain,stable_plain,1,0,8,1.8835573196411133,1.0,1.0,0.23212747275829315,0.0
collapsed_plain,stable_plain,1,0,12,1.8498542308807373,1.0,1.0,0.316903293132782,0.0
collapsed_plain,stable_plain,1,0,16,1.7509552240371704,1.0,1.0,0.3699398338794708,0.0
collapsed_plain,stable_plain,1,0,24,1.6401784420013428,1.0,1.0,0.43910813331604004,0.0
collapsed_plain,stable_plain,1,0,32,1.5821762084960938,1.0,1.0,0.4856613576412201,0.0
collapsed_plain,stable_plain,1,0,48,1.5115612745285034,1.0,1.0,0.5490307807922363,0.0
collapsed_plain,stable_plain,1,0,64,1.4698394536972046,1.0,1.0,0.5929068326950073,0.0
collapsed_plain,stable_plain,1,0,96,1.4271222352981567,1.0,1.0,0.6537318229675293,0.0
collapsed_plain,stable_plain,1,0,128,1.4062285423278809,1.0,1.0,0.6963824033737183,0.0
collapsed_plain,stable_plain,1,0,192,1.3794373273849487,1.0,1.0,0.756011426448822,0.0
collapsed_plain,stable_plain,1,0,256,1.3598999977111816,1.0,1.0,0.7980747222900391,0.0
collapsed_plain,stable_plain,1,0,384,1.334132432937622,1.0,1.0,0.8571234345436096,0.0
collapsed_plain,stable_plain,1,0,512,1.3191739320755005,1.0,1.0,0.8988991379737854,0.0
collapsed_plain,stable_plain,1,0,768,1.303454041481018,1.0,1.0,0.9576619863510132,0.0
collapsed_plain,stable_plain,1,0,1024,1.2950682640075684,1.0,1.0,0.9992954134941101,0.0
collapsed_plain,stable_plain,4,0,0,-0.9282862544059753,0.125,0.0,0.0,0.875
collapsed_plain,stable_plain,4,0,1,-0.2928019165992737,0.5357142686843872,0.1666666716337204,0.0,0.4642857313156128
collapsed_plain,stable_plain,4,0,2,0.12965303659439087,0.6785714030265808,0.3333333432674408,0.0,0.3214285969734192
collapsed_plain,stable_plain,4,0,4,0.43313661217689514,0.8571428656578064,0.6666666865348816,0.0,0.1428571343421936
collapsed_plain,stable_plain,4,0,8,1.7574803829193115,1.0,1.0,0.19994372129440308,0.0
collapsed_plain,stable_plain,4,0,12,1.8351229429244995,1.0,1.0,0.2999155819416046,0.0
collapsed_plain,stable_plain,4,0,16,1.7138469219207764,1.0,1.0,0.35839536786079407,0.0
collapsed_plain,stable_plain,4,0,24,1.574548363685608,1.0,1.0,0.43207117915153503,0.0
collapsed_plain,stable_plain,4,0,32,1.5040041208267212,1.0,1.0,0.4806002080440521,0.0
collapsed_plain,stable_plain,4,0,48,1.4200655221939087,1.0,1.0,0.5457895398139954,0.0
collapsed_plain,stable_plain,4,0,64,1.3699138164520264,1.0,1.0,0.590522825717926,0.0
collapsed_plain,stable_plain,4,0,96,1.3141313791275024,1.0,1.0,0.6521726250648499,0.0
collapsed_plain,stable_plain,4,0,128,1.2827643156051636,1.0,1.0,0.6952239274978638,0.0
collapsed_plain,stable_plain,4,0,192,1.240210771560669,1.0,1.0,0.7552462816238403,0.0
collapsed_plain,stable_plain,4,0,256,1.208635926246643,1.0,1.0,0.7975034713745117,0.0
collapsed_plain,stable_plain,4,0,384,1.1662335395812988,1.0,1.0,0.8567444086074829,0.0
collapsed_plain,stable_plain,4,0,512,1.1383090019226074,1.0,1.0,0.8986155390739441,0.0
collapsed_plain,stable_plain,4,0,768,1.104569911956787,1.0,1.0,0.9574733972549438,0.0
collapsed_plain,stable_plain,4,0,1024,1.0872142314910889,1.0,1.0,0.9991540908813477,0.0
collapsed_plain,stable_plain,8,0,0,-0.9282865524291992,0.1090909093618393,0.0,0.0,0.8909090757369995
collapsed_plain,stable_plain,8,0,1,-0.763493001461029,0.581818163394928,0.20000000298023224,0.0,0.418181836605072
collapsed_plain,stable_plain,8,0,2,-0.13255073130130768,0.7454545497894287,0.4000000059604645,0.0,0.2545454502105713
collapsed_plain,stable_plain,8,0,4,0.25859224796295166,0.9090909361839294,0.800000011920929,0.0,0.09090906381607056
collapsed_plain,stable_plain,8,0,8,1.7941362857818604,1.0,1.0,0.23212747275829315,0.0
collapsed_plain,stable_plain,8,0,12,1.7892295122146606,1.0,1.0,0.316903293132782,0.0
collapsed_plain,stable_plain,8,0,16,1.6622499227523804,1.0,1.0,0.3699398338794708,0.0
collapsed_plain,stable_plain,8,0,24,1.5264732837677002,1.0,1.0,0.43910813331604004,0.0
collapsed_plain,stable_plain,8,0,32,1.4606208801269531,1.0,1.0,0.4856613576412201,0.0
collapsed_plain,stable_plain,8,0,48,1.3840827941894531,1.0,1.0,0.5490307807922363,0.0
collapsed_plain,stable_plain,8,0,64,1.3430715799331665,1.0,1.0,0.5929068326950073,0.0
collapsed_plain,stable_plain,8,0,96,1.3046188354492188,1.0,1.0,0.6537318229675293,0.0
collapsed_plain,stable_plain,8,0,128,1.2860798835754395,1.0,1.0,0.6963824033737183,0.0
collapsed_plain,stable_plain,8,0,192,1.2600771188735962,1.0,1.0,0.756011426448822,0.0
collapsed_plain,stable_plain,8,0,256,1.2363780736923218,1.0,1.0,0.7980747222900391,0.0
collapsed_plain,stable_plain,8,0,384,1.203836441040039,1.0,1.0,0.8571234345436096,0.0
collapsed_plain,stable_plain,8,0,512,1.1844799518585205,1.0,1.0,0.8988991379737854,0.0
collapsed_plain,stable_plain,8,0,768,1.1644883155822754,1.0,1.0,0.9576619863510132,0.0
collapsed_plain,stable_plain,8,0,1024,1.1562505960464478,1.0,1.0,0.9992954134941101,0.0
collapsed_plain,stable_plain,9,0,0,-0.9282862544059753,0.14814814925193787,0.0,0.0,0.8518518209457397
collapsed_plain,stable_plain,9,0,1,-0.5855862498283386,0.5370370149612427,0.1666666716337204,0.0,0.4629629850387573
collapsed_plain,stable_plain,9,0,2,-0.08428050577640533,0.6851851940155029,0.3333333432674408,0.0,0.31481480598449707
collapsed_plain,stable_plain,9,0,4,0.4728664755821228,0.6666666865348816,0.6666666865348816,0.0,0.3333333134651184
collapsed_plain,stable_plain,9,0,8,1.8078941106796265,1.0,1.0,0.19994372129440308,0.0
collapsed_plain,stable_plain,9,0,12,1.9650590419769287,1.0,1.0,0.2999155819416046,0.0
collapsed_plain,stable_plain,9,0,16,1.852670669555664,1.0,1.0,0.35839536786079407,0.0
collapsed_plain,stable_plain,9,0,24,1.7163217067718506,1.0,1.0,0.43207117915153503,0.0
collapsed_plain,stable_plain,9,0,32,1.6507086753845215,1.0,1.0,0.4806002080440521,0.0
collapsed_plain,stable_plain,9,0,48,1.5774346590042114,1.0,1.0,0.5457895398139954,0.0
collapsed_plain,stable_plain,9,0,64,1.5361560583114624,1.0,1.0,0.590522825717926,0.0
collapsed_plain,stable_plain,9,0,96,1.4907567501068115,1.0,1.0,0.6521726250648499,0.0
collapsed_plain,stable_plain,9,0,128,1.4640843868255615,1.0,1.0,0.6952239274978638,0.0
collapsed_plain,stable_plain,9,0,192,1.4286307096481323,1.0,1.0,0.7552462816238403,0.0
collapsed_plain,stable_plain,9,0,256,1.4013365507125854,1.0,1.0,0.7975034713745117,0.0
collapsed_plain,stable_plain,9,0,384,1.3646804094314575,1.0,1.0,0.8567444086074829,0.0
collapsed_plain,stable_plain,9,0,512,1.3449257612228394,1.0,1.0,0.8986155390739441,0.0
collapsed_plain,stable_plain,9,0,768,1.3247768878936768,1.0,1.0,0.9574733972549438,0.0
collapsed_plain,stable_plain,9,0,1024,1.3156806230545044,1.0,1.0,0.9991540908813477,0.0
collapsed_plain,stable_plain,12,1-2,0,-0.9282865524291992,0.1090909093618393,0.0,0.0,0.8909090757369995
collapsed_plain,stable_plain,12,1-2,1,-0.9025121331214905,0.581818163394928,0.20000000298023224,0.0,0.418181836605072
collapsed_plain,stable_plain,12,1-2,2,-0.13511283695697784,0.6000000238418579,0.4000000059604645,0.0,0.3999999761581421
collapsed_plain,stable_plain,12,1-2,4,0.059214264154434204,0.800000011920929,0.800000011920929,0.0,0.19999998807907104
collapsed_plain,stable_plain,12,1-2,8,1.4495514631271362,1.0,1.0,0.23212747275829315,0.0
collapsed_plain,stable_plain,12,1-2,12,1.7874042987823486,1.0,1.0,0.316903293132782,0.0
collapsed_plain,stable_plain,12,1-2,16,1.7245984077453613,1.0,1.0,0.3699398338794708,0.0
collapsed_plain,stable_plain,12,1-2,24,1.6114615201950073,1.0,1.0,0.43910813331604004,0.0
collapsed_plain,stable_plain,12,1-2,32,1.552167296409607,1.0,1.0,0.4856613576412201,0.0
collapsed_plain,stable_plain,12,1-2,48,1.4788779020309448,1.0,1.0,0.5490307807922363,0.0
collapsed_plain,stable_plain,12,1-2,64,1.434396743774414,1.0,1.0,0.5929068326950073,0.0
collapsed_plain,stable_plain,12,1-2,96,1.3871331214904785,1.0,1.0,0.6537318229675293,0.0
collapsed_plain,stable_plain,12,1-2,128,1.3597947359085083,1.0,1.0,0.6963824033737183,0.0
collapsed_plain,stable_plain,12,1-2,192,1.324400782585144,1.0,1.0,0.756011426448822,0.0
collapsed_plain,stable_plain,12,1-2,256,1.2984744310379028,1.0,1.0,0.7980747222900391,0.0
collapsed_plain,stable_plain,12,1-2,384,1.259744644165039,1.0,1.0,0.8571234345436096,0.0
collapsed_plain,stable_plain,12,1-2,512,1.234339952468872,1.0,1.0,0.8988991379737854,0.0
collapsed_plain,stable_plain,12,1-2,768,1.2062959671020508,1.0,1.0,0.9576619863510132,0.0
collapsed_plain,stable_plain,12,1-2,1024,1.1928906440734863,1.0,1.0,0.9992954134941101,0.0
collapsed_plain,stable_plain,13,1-2,0,-0.9282863736152649,0.09090909361839294,0.0,0.0,0.9090908765792847
collapsed_plain,stable_plain,13,1-2,1,-0.742688775062561,0.4909090995788574,0.0555555559694767,0.0,0.5090909004211426
collapsed_plain,stable_plain,13,1-2,2,0.013604634441435337,0.5454545617103577,0.1111111119389534,0.0,0.45454543828964233
collapsed_plain,stable_plain,13,1-2,4,-0.061385709792375565,0.6727272868156433,0.2222222238779068,0.0,0.3272727131843567
collapsed_plain,stable_plain,13,1-2,8,-0.2815857529640198,0.5636363625526428,0.4444444477558136,0.0,0.4363636374473572
collapsed_plain,stable_plain,13,1-2,12,-0.34877943992614746,0.5090909004211426,0.6666666865348816,0.0,0.4909090995788574
collapsed_plain,stable_plain,13,1-2,16,-0.4631202220916748,0.6909090876579285,0.8888888955116272,0.0,0.30909091234207153
collapsed_plain,stable_plain,13,1-2,24,1.578527808189392,1.0,1.0,0.2999155819416046,0.0
collapsed_plain,stable_plain,13,1-2,32,1.538795828819275,1.0,1.0,0.39988744258880615,0.0
collapsed_plain,stable_plain,13,1-2,48,1.4308536052703857,1.0,1.0,0.4998593032360077,0.0
collapsed_plain,stable_plain,13,1-2,64,1.3747392892837524,1.0,1.0,0.5583390593528748,0.0
collapsed_plain,stable_plain,13,1-2,96,1.3090975284576416,1.0,1.0,0.6320148706436157,0.0
collapsed_plain,stable_plain,13,1-2,128,1.2714385986328125,1.0,1.0,0.6805438995361328,0.0
collapsed_plain,stable_plain,13,1-2,192,1.2258974313735962,1.0,1.0,0.7457332611083984,0.0
collapsed_plain,stable_plain,13,1-2,256,1.1939971446990967,1.0,1.0,0.7904665470123291,0.0
collapsed_plain,stable_plain,13,1-2,384,1.1518797874450684,1.0,1.0,0.8521163463592529,0.0
collapsed_plain,stable_plain,13,1-2,512,1.1255863904953003,1.0,1.0,0.8951676487922668,0.0
collapsed_plain,stable_plain,13,1-2,768,1.093676209449768,1.0,1.0,0.9551900029182434,0.0
collapsed_plain,stable_plain,13,1-2,1024,1.075088620185852,1.0,1.0,0.9974471926689148,0.0
collapsed_plain,stable_plain,20,1-2,0,-0.9282863736152649,0.1071428582072258,0.0,0.0,0.8928571343421936
collapsed_plain,stable_plain,20,1-2,1,-0.922981858253479,0.5714285969734192,0.1666666716337204,0.0,0.4285714030265808
collapsed_plain,stable_plain,20,1-2,2,-0.4422707259654999,0.6607142686843872,0.3333333432674408,0.0,0.3392857313156128
collapsed_plain,stable_plain,20,1-2,4,-0.23618687689304352,0.9285714030265808,0.6666666865348816,0.0,0.07142859697341919
collapsed_plain,stable_plain,20,1-2,8,1.4773123264312744,1.0,1.0,0.19994372129440308,0.0
collapsed_plain,stable_plain,20,1-2,12,1.6989368200302124,1.0,1.0,0.2999155819416046,0.0
collapsed_plain,stable_plain,20,1-2,16,1.595577359199524,1.0,1.0,0.35839536786079407,0.0
collapsed_plain,stable_plain,20,1-2,24,1.4600896835327148,1.0,1.0,0.43207117915153503,0.0
collapsed_plain,stable_plain,20,1-2,32,1.3971245288848877,1.0,1.0,0.4806002080440521,0.0
collapsed_plain,stable_plain,20,1-2,48,1.3286710977554321,1.0,1.0,0.5457895398139954,0.0
collapsed_plain,stable_plain,20,1-2,64,1.2891056537628174,1.0,1.0,0.590522825717926,0.0
collapsed_plain,stable_plain,20,1-2,96,1.2443383932113647,1.0,1.0,0.6521726250648499,0.0
collapsed_plain,stable_plain,20,1-2,128,1.2186908721923828,1.0,1.0,0.6952239274978638,0.0
collapsed_plain,stable_plain,20,1-2,192,1.1856203079223633,1.0,1.0,0.7552462816238403,0.0
collapsed_plain,stable_plain,20,1-2,256,1.1630316972732544,1.0,1.0,0.7975034713745117,0.0
collapsed_plain,stable_plain,20,1-2,384,1.1354023218154907,1.0,1.0,0.8567444086074829,0.0
collapsed_plain,stable_plain,20,1-2,512,1.1213724613189697,1.0,1.0,0.8986155390739441,0.0
collapsed_plain,stable_plain,20,1-2,768,1.111343502998352,1.0,1.0,0.9574733972549438,0.0
collapsed_plain,stable_plain,20,1-2,1024,1.1063696146011353,1.0,1.0,0.9991540908813477,0.0
collapsed_plain,stable_plain,22,1-2,0,-0.9282862544059753,0.109375,0.0,0.0,0.890625
collapsed_plain,stable_plain,22,1-2,1,-1.202460765838623,0.296875,0.1428571492433548,0.0,0.703125
collapsed_plain,stable_plain,22,1-2,2,-0.6962205767631531,0.5625,0.2857142984867096,0.0,0.4375
collapsed_plain,stable_plain,22,1-2,4,-0.12184382230043411,0.859375,0.5714285969734192,0.0,0.140625
collapsed_plain,stable_plain,22,1-2,8,1.415497899055481,1.0,1.0,0.158451646566391,0.0
collapsed_plain,stable_plain,22,1-2,12,1.7065105438232422,1.0,1.0,0.28065648674964905,0.0
collapsed_plain,stable_plain,22,1-2,16,1.6207655668258667,1.0,1.0,0.3458458185195923,0.0
collapsed_plain,stable_plain,22,1-2,24,1.4918097257614136,1.0,1.0,0.4246731996536255,0.0
collapsed_plain,stable_plain,22,1-2,32,1.422507882118225,1.0,1.0,0.475354939699173,0.0
collapsed_plain,stable_plain,22,1-2,48,1.335300326347351,1.0,1.0,0.5424737930297852,0.0
collapsed_plain,stable_plain,22,1-2,64,1.2851506471633911,1.0,1.0,0.5880987644195557,0.0
collapsed_plain,stable_plain,22,1-2,96,1.2331522703170776,1.0,1.0,0.6505963206291199,0.0
collapsed_plain,stable_plain,22,1-2,128,1.2078496217727661,1.0,1.0,0.6940560936927795,0.0
collapsed_plain,stable_plain,22,1-2,192,1.1755632162094116,1.0,1.0,0.7544770836830139,0.0
collapsed_plain,stable_plain,22,1-2,256,1.150195598602295,1.0,1.0,0.7969300150871277,0.0
collapsed_plain,stable_plain,22,1-2,384,1.1129778623580933,1.0,1.0,0.8563643097877502,0.0
collapsed_plain,stable_plain,22,1-2,512,1.0884437561035156,1.0,1.0,0.8983312845230103,0.0
collapsed_plain,stable_plain,22,1-2,768,1.060977578163147,1.0,1.0,0.9572844505310059,0.0
collapsed_plain,stable_plain,22,1-2,1024,1.0475761890411377,1.0,1.0,0.9990125894546509,0.0
collapsed_plain,stable_plain,27,3-10,0,-0.9282863736152649,0.12727272510528564,0.0,0.0,0.8727272748947144
collapsed_plain,stable_plain,27,3-10,1,-0.7388951182365417,0.5272727012634277,0.1666666716337204,0.0,0.47272729873657227
collapsed_plain,stable_plain,27,3-10,2,-0.16353273391723633,0.6727272868156433,0.3333333432674408,0.0,0.3272727131843567
collapsed_plain,stable_plain,27,3-10,4,-0.17068906128406525,0.7636363506317139,0.6666666865348816,0.0,0.23636364936828613
collapsed_plain,stable_plain,27,3-10,8,1.5346297025680542,1.0,1.0,0.19994372129440308,0.0
collapsed_plain,stable_plain,27,3-10,12,1.8723313808441162,1.0,1.0,0.2999155819416046,0.0
collapsed_plain,stable_plain,27,3-10,16,1.7857402563095093,1.0,1.0,0.35839536786079407,0.0
collapsed_plain,stable_plain,27,3-10,24,1.6721529960632324,1.0,1.0,0.43207117915153503,0.0
collapsed_plain,stable_plain,27,3-10,32,1.6196422576904297,1.0,1.0,0.4806002080440521,0.0
collapsed_plain,stable_plain,27,3-10,48,1.5542248487472534,1.0,1.0,0.5457895398139954,0.0
collapsed_plain,stable_plain,27,3-10,64,1.5133857727050781,1.0,1.0,0.590522825717926,0.0
collapsed_plain,stable_plain,27,3-10,96,1.4665141105651855,1.0,1.0,0.6521726250648499,0.0
collapsed_plain,stable_plain,27,3-10,128,1.4402062892913818,1.0,1.0,0.6952239274978638,0.0
collapsed_plain,stable_plain,27,3-10,192,1.4040549993515015,1.0,1.0,0.7552462816238403,0.0
collapsed_plain,stable_plain,27,3-10,256,1.376598834991455,1.0,1.0,0.7975034713745117,0.0
collapsed_plain,stable_plain,27,3-10,384,1.3411200046539307,1.0,1.0,0.8567444086074829,0.0
collapsed_plain,stable_plain,27,3-10,512,1.3221893310546875,1.0,1.0,0.8986155390739441,0.0
collapsed_plain,stable_plain,27,3-10,768,1.306931972503662,1.0,1.0,0.9574733972549438,0.0
collapsed_plain,stable_plain,27,3-10,1024,1.3028079271316528,1.0,1.0,0.9991540908813477,0.0
collapsed_plain,stable_plain,29,3-10,0,-0.9282862544059753,0.09259258955717087,0.0,0.0,0.9074074029922485
collapsed_plain,stable_plain,29,3-10,1,-0.8732341527938843,0.48148149251937866,0.1666666716337204,0.0,0.5185185074806213
collapsed_plain,stable_plain,29,3-10,2,-0.38524961471557617,0.5925925970077515,0.3333333432674408,0.0,0.40740740299224854
collapsed_plain,stable_plain,29,3-10,4,-0.349294513463974,0.8888888955116272,0.6666666865348816,0.0,0.1111111044883728
collapsed_plain,stable_plain,29,3-10,8,1.072803020477295,1.0,1.0,0.19994372129440308,0.0
collapsed_plain,stable_plain,29,3-10,12,1.5836862325668335,1.0,1.0,0.2999155819416046,0.0
collapsed_plain,stable_plain,29,3-10,16,1.5303397178649902,1.0,1.0,0.35839536786079407,0.0
collapsed_plain,stable_plain,29,3-10,24,1.4062975645065308,1.0,1.0,0.43207117915153503,0.0
collapsed_plain,stable_plain,29,3-10,32,1.3374863862991333,1.0,1.0,0.4806002080440521,0.0
collapsed_plain,stable_plain,29,3-10,48,1.2550874948501587,1.0,1.0,0.5457895398139954,0.0
collapsed_plain,stable_plain,29,3-10,64,1.2059199810028076,1.0,1.0,0.590522825717926,0.0
collapsed_plain,stable_plain,29,3-10,96,1.1529920101165771,1.0,1.0,0.6521726250648499,0.0
collapsed_plain,stable_plain,29,3-10,128,1.124691128730774,1.0,1.0,0.6952239274978638,0.0
collapsed_plain,stable_plain,29,3-10,192,1.0856833457946777,1.0,1.0,0.7552462816238403,0.0
collapsed_plain,stable_plain,29,3-10,256,1.0544559955596924,1.0,1.0,0.7975034713745117,0.0
collapsed_plain,stable_plain,29,3-10,384,1.0141150951385498,1.0,1.0,0.8567444086074829,0.0
collapsed_plain,stable_plain,29,3-10,512,0.9945765137672424,1.0,1.0,0.8986155390739441,0.0
collapsed_plain,stable_plain,29,3-10,768,0.9783998727798462,1.0,1.0,0.9574733972549438,0.0
collapsed_plain,stable_plain,29,3-10,1024,0.9739812016487122,1.0,1.0,0.9991540908813477,0.0
collapsed_plain,stable_plain,30,3-10,0,-0.9282862544059753,0.125,0.0,0.0,0.875
collapsed_plain,stable_plain,30,3-10,1,-0.519318699836731,0.3928571343421936,0.1428571492433548,0.0,0.6071428656578064
collapsed_plain,stable_plain,30,3-10,2,-0.10426056385040283,0.6428571343421936,0.2857142984867096,0.0,0.3571428656578064
collapsed_plain,stable_plain,30,3-10,4,-0.05269034951925278,0.7142857313156128,0.5714285969734192,0.0,0.2857142686843872
collapsed_plain,stable_plain,30,3-10,8,1.5296084880828857,1.0,1.0,0.158451646566391,0.0
collapsed_plain,stable_plain,30,3-10,12,1.8484885692596436,1.0,1.0,0.28065648674964905,0.0
collapsed_plain,stable_plain,30,3-10,16,1.7224098443984985,1.0,1.0,0.3458458185195923,0.0
collapsed_plain,stable_plain,30,3-10,24,1.56474769115448,1.0,1.0,0.4246731996536255,0.0
collapsed_plain,stable_plain,30,3-10,32,1.4934327602386475,1.0,1.0,0.475354939699173,0.0
collapsed_plain,stable_plain,30,3-10,48,1.4082021713256836,1.0,1.0,0.5424737930297852,0.0
collapsed_plain,stable_plain,30,3-10,64,1.3579062223434448,1.0,1.0,0.5880987644195557,0.0
collapsed_plain,stable_plain,30,3-10,96,1.3094074726104736,1.0,1.0,0.6505963206291199,0.0
collapsed_plain,stable_plain,30,3-10,128,1.2871274948120117,1.0,1.0,0.6940560936927795,0.0
collapsed_plain,stable_plain,30,3-10,192,1.2595125436782837,1.0,1.0,0.7544770836830139,0.0
collapsed_plain,stable_plain,30,3-10,256,1.2395901679992676,1.0,1.0,0.7969300150871277,0.0
collapsed_plain,stable_plain,30,3-10,384,1.211572527885437,1.0,1.0,0.8563643097877502,0.0
collapsed_plain,stable_plain,30,3-10,512,1.1924560070037842,1.0,1.0,0.8983312845230103,0.0
collapsed_plain,stable_plain,30,3-10,768,1.1709938049316406,1.0,1.0,0.9572844505310059,0.0
collapsed_plain,stable_plain,30,3-10,1024,1.1585716009140015,1.0,1.0,0.9990125894546509,0.0
collapsed_plain,stable_plain,35,3-10,0,-0.9282862544059753,0.12068965286016464,0.0,0.0,0.8793103694915771
collapsed_plain,stable_plain,35,3-10,1,-0.7477512955665588,0.3965517282485962,0.09090909361839294,0.0,0.6034482717514038
collapsed_plain,stable_plain,35,3-10,2,-0.03362501785159111,0.568965494632721,0.1818181872367859,0.0,0.43103450536727905
collapsed_plain,stable_plain,35,3-10,4,0.05454174429178238,0.5344827771186829,0.3636363744735718,0.0,0.46551722288131714
collapsed_plain,stable_plain,35,3-10,8,-0.30013731122016907,0.6896551847457886,0.7272727489471436,0.0,0.3103448152542114
collapsed_plain,stable_plain,35,3-10,12,0.5442308783531189,1.0,1.0,0.158451646566391,0.0
collapsed_plain,stable_plain,35,3-10,16,1.7227520942687988,1.0,1.0,0.28065648674964905,0.0
collapsed_plain,stable_plain,35,3-10,24,1.6272426843643188,1.0,1.0,0.39057910442352295,0.0
collapsed_plain,stable_plain,35,3-10,32,1.5472184419631958,1.0,1.0,0.4522289037704468,0.0
collapsed_plain,stable_plain,35,3-10,48,1.4700658321380615,1.0,1.0,0.5283914804458618,0.0
collapsed_plain,stable_plain,35,3-10,64,1.4241756200790405,1.0,1.0,0.5779733061790466,0.0
collapsed_plain,stable_plain,35,3-10,96,1.373792052268982,1.0,1.0,0.6441130042076111,0.0
collapsed_plain,stable_plain,35,3-10,128,1.3475162982940674,1.0,1.0,0.6892877221107483,0.0
collapsed_plain,stable_plain,35,3-10,192,1.3174172639846802,1.0,1.0,0.7513584494590759,0.0
collapsed_plain,stable_plain,35,3-10,256,1.2945151329040527,1.0,1.0,0.7946130633354187,0.0
collapsed_plain,stable_plain,35,3-10,384,1.2608801126480103,1.0,1.0,0.8548340797424316,0.0
collapsed_plain,stable_plain,35,3-10,512,1.2407584190368652,1.0,1.0,0.8971889019012451,0.0
collapsed_plain,stable_plain,35,3-10,768,1.2177256345748901,1.0,1.0,0.9565263390541077,0.0
collapsed_plain,stable_plain,35,3-10,1024,1.2048436403274536,1.0,1.0,0.9984452724456787,0.0
collapsed_plain,stable_plain,36,11-50,0,-0.9282865524291992,0.145454540848732,0.0,0.0,0.8545454740524292
collapsed_plain,stable_plain,36,11-50,1,-0.6748027205467224,0.4363636374473572,0.20000000298023224,0.0,0.5636363625526428
collapsed_plain,stable_plain,36,11-50,2,-0.10836035758256912,0.6909090876579285,0.4000000059604645,0.0,0.30909091234207153
collapsed_plain,stable_plain,36,11-50,4,0.415098637342453,0.9636363387107849,0.800000011920929,0.0,0.03636366128921509
collapsed_plain,stable_plain,36,11-50,8,1.7648197412490845,1.0,1.0,0.23212747275829315,0.0
collapsed_plain,stable_plain,36,11-50,12,1.7932162284851074,1.0,1.0,0.316903293132782,0.0
collapsed_plain,stable_plain,36,11-50,16,1.7087050676345825,1.0,1.0,0.3699398338794708,0.0
collapsed_plain,stable_plain,36,11-50,24,1.6050341129302979,1.0,1.0,0.43910813331604004,0.0
collapsed_plain,stable_plain,36,11-50,32,1.5455974340438843,1.0,1.0,0.4856613576412201,0.0
collapsed_plain,stable_plain,36,11-50,48,1.4711639881134033,1.0,1.0,0.5490307807922363,0.0
collapsed_plain,stable_plain,36,11-50,64,1.4270634651184082,1.0,1.0,0.5929068326950073,0.0
collapsed_plain,stable_plain,36,11-50,96,1.3835618495941162,1.0,1.0,0.6537318229675293,0.0
collapsed_plain,stable_plain,36,11-50,128,1.361899733543396,1.0,1.0,0.6963824033737183,0.0
collapsed_plain,stable_plain,36,11-50,192,1.3317198753356934,1.0,1.0,0.756011426448822,0.0
collapsed_plain,stable_plain,36,11-50,256,1.3074123859405518,1.0,1.0,0.7980747222900391,0.0
collapsed_plain,stable_plain,36,11-50,384,1.272123098373413,1.0,1.0,0.8571234345436096,0.0
collapsed_plain,stable_plain,36,11-50,512,1.2502119541168213,1.0,1.0,0.8988991379737854,0.0
collapsed_plain,stable_plain,36,11-50,768,1.2271071672439575,1.0,1.0,0.9576619863510132,0.0
collapsed_plain,stable_plain,36,11-50,1024,1.216808795928955,1.0,1.0,0.9992954134941101,0.0
collapsed_plain,stable_plain,38,11-50,0,-0.9282865524291992,0.09090909361839294,0.0,0.0,0.9090908765792847
collapsed_plain,stable_plain,38,11-50,1,-0.7928489446640015,0.5272727012634277,0.20000000298023224,0.0,0.47272729873657227
collapsed_plain,stable_plain,38,11-50,2,-0.16031162440776825,0.6363636255264282,0.4000000059604645,0.0,0.3636363744735718
collapsed_plain,stable_plain,38,11-50,4,-0.0034220796078443527,0.8181818127632141,0.800000011920929,0.0,0.1818181872367859
collapsed_plain,stable_plain,38,11-50,8,1.2613248825073242,1.0,1.0,0.23212747275829315,0.0
collapsed_plain,stable_plain,38,11-50,12,1.4964969158172607,1.0,1.0,0.316903293132782,0.0
collapsed_plain,stable_plain,38,11-50,16,1.438970685005188,1.0,1.0,0.3699398338794708,0.0
collapsed_plain,stable_plain,38,11-50,24,1.335917353630066,1.0,1.0,0.43910813331604004,0.0
collapsed_plain,stable_plain,38,11-50,32,1.2797846794128418,1.0,1.0,0.4856613576412201,0.0
collapsed_plain,stable_plain,38,11-50,48,1.2163463830947876,1.0,1.0,0.5490307807922363,0.0
collapsed_plain,stable_plain,38,11-50,64,1.1802690029144287,1.0,1.0,0.5929068326950073,0.0
collapsed_plain,stable_plain,38,11-50,96,1.1385160684585571,1.0,1.0,0.6537318229675293,0.0
collapsed_plain,stable_plain,38,11-50,128,1.1117554903030396,1.0,1.0,0.6963824033737183,0.0
collapsed_plain,stable_plain,38,11-50,192,1.073046326637268,1.0,1.0,0.756011426448822,0.0
collapsed_plain,stable_plain,38,11-50,256,1.0454556941986084,1.0,1.0,0.7980747222900391,0.0
collapsed_plain,stable_plain,38,11-50,384,1.0119681358337402,1.0,1.0,0.8571234345436096,0.0
collapsed_plain,stable_plain,38,11-50,512,0.9944719076156616,1.0,1.0,0.8988991379737854,0.0
collapsed_plain,stable_plain,38,11-50,768,0.9781602025032043,1.0,1.0,0.9576619863510132,0.0
collapsed_plain,stable_plain,38,11-50,1024,0.9722130298614502,1.0,1.0,0.9992954134941101,0.0
collapsed_plain,stable_plain,41,11-50,0,-0.9282862544059753,0.14035087823867798,0.0,0.0,0.859649121761322
collapsed_plain,stable_plain,41,11-50,1,-0.7794037461280823,0.4736842215061188,0.25,0.0,0.5263158082962036
collapsed_plain,stable_plain,41,11-50,2,-0.10019902139902115,0.7719298005104065,0.5,0.0,0.2280701994895935
collapsed_plain,stable_plain,41,11-50,4,0.454534113407135,1.0,1.0,0.09997186064720154,0.0
collapsed_plain,stable_plain,41,11-50,8,1.8677750825881958,1.0,1.0,0.25842350721359253,0.0
collapsed_plain,stable_plain,41,11-50,12,1.8434664011001587,1.0,1.0,0.3320993185043335,0.0
collapsed_plain,stable_plain,41,11-50,16,1.7351762056350708,1.0,1.0,0.3806283473968506,0.0
collapsed_plain,stable_plain,41,11-50,24,1.6134815216064453,1.0,1.0,0.4458176791667938,0.0
collapsed_plain,stable_plain,41,11-50,32,1.551751732826233,1.0,1.0,0.4905509650707245,0.0
collapsed_plain,stable_plain,41,11-50,48,1.4859672784805298,1.0,1.0,0.5522007346153259,0.0
collapsed_plain,stable_plain,41,11-50,64,1.4551643133163452,1.0,1.0,0.5952520370483398,0.0
collapsed_plain,stable_plain,41,11-50,96,1.4270366430282593,1.0,1.0,0.6552744507789612,0.0
collapsed_plain,stable_plain,41,11-50,128,1.4103823900222778,1.0,1.0,0.6975316405296326,0.0
collapsed_plain,stable_plain,41,11-50,192,1.3827064037322998,1.0,1.0,0.756772518157959,0.0
collapsed_plain,stable_plain,41,11-50,256,1.362758755683899,1.0,1.0,0.7986436486244202,0.0
collapsed_plain,stable_plain,41,11-50,384,1.3404982089996338,1.0,1.0,0.8575015068054199,0.0
collapsed_plain,stable_plain,41,11-50,512,1.3288202285766602,1.0,1.0,0.8991822004318237,0.0
collapsed_plain,stable_plain,41,11-50,768,1.3129338026046753,1.0,1.0,0.9578503966331482,0.0
collapsed_plain,stable_plain,41,11-50,1024,1.303441047668457,1.0,1.0,0.999436616897583,0.0
collapsed_plain,stable_plain,47,11-50,0,-0.9282865524291992,0.10526315867900848,0.0,0.0,0.8947368264198303
collapsed_plain,stable_plain,47,11-50,1,-0.8700172305107117,0.3684210479259491,0.05882352963089943,0.0,0.6315789222717285
collapsed_plain,stable_plain,47,11-50,2,-0.2055092304944992,0.38596490025520325,0.11764705926179886,0.0,0.6140351295471191
collapsed_plain,stable_plain,47,11-50,4,-0.4416937530040741,0.28070175647735596,0.23529411852359772,0.0,0.719298243522644
collapsed_plain,stable_plain,47,11-50,8,-0.8462258577346802,0.2631579041481018,0.47058823704719543,0.0,0.7368420958518982
collapsed_plain,stable_plain,47,11-50,12,-1.0128173828125,0.31578946113586426,0.7058823704719543,0.0,0.6842105388641357
collapsed_plain,stable_plain,47,11-50,16,-0.5195769667625427,0.8070175647735596,0.9411764740943909,0.0,0.19298243522644043
collapsed_plain,stable_plain,47,11-50,24,1.7390177249908447,1.0,1.0,0.316903293132782,0.0
collapsed_plain,stable_plain,47,11-50,32,1.5707645416259766,1.0,1.0,0.40863126516342163,0.0
collapsed_plain,stable_plain,47,11-50,48,1.4374545812606812,1.0,1.0,0.5042974352836609,0.0
collapsed_plain,stable_plain,47,11-50,64,1.3753960132598877,1.0,1.0,0.5613129734992981,0.0
collapsed_plain,stable_plain,47,11-50,96,1.3153660297393799,1.0,1.0,0.633806586265564,0.0
collapsed_plain,stable_plain,47,11-50,128,1.2852915525436401,1.0,1.0,0.6818259954452515,0.0
collapsed_plain,stable_plain,47,11-50,192,1.2474640607833862,1.0,1.0,0.746550440788269,0.0
collapsed_plain,stable_plain,47,11-50,256,1.2189598083496094,1.0,1.0,0.7910662293434143,0.0
collapsed_plain,stable_plain,47,11-50,384,1.1787487268447876,1.0,1.0,0.8525077104568481,0.0
collapsed_plain,stable_plain,47,11-50,512,1.1489695310592651,1.0,1.0,0.8954581022262573,0.0
collapsed_plain,stable_plain,47,11-50,768,1.1085659265518188,1.0,1.0,0.9553816914558411,0.0
collapsed_plain,stable_plain,47,11-50,1024,1.0851002931594849,1.0,1.0,0.9975902438163757,0.0
collapsed_plain,stable_plain,51,51+,0,-0.928286075592041,0.13793103396892548,0.0,0.0,0.8620689511299133
collapsed_plain,stable_plain,51,51+,1,-1.0693275928497314,0.4137931168079376,0.1428571492433548,0.0,0.5862069129943848
collapsed_plain,stable_plain,51,51+,2,-0.7993804216384888,0.517241358757019,0.2857142984867096,0.0,0.48275864124298096
collapsed_plain,stable_plain,51,51+,4,-0.3725648820400238,0.8103448152542114,0.5714285969734192,0.0,0.18965518474578857
collapsed_plain,stable_plain,51,51+,8,0.6261304020881653,1.0,1.0,0.158451646566391,0.0
collapsed_plain,stable_plain,51,51+,12,1.6337952613830566,1.0,1.0,0.28065648674964905,0.0
collapsed_plain,stable_plain,51,51+,16,1.6309497356414795,1.0,1.0,0.3458458185195923,0.0
collapsed_plain,stable_plain,51,51+,24,1.5228890180587769,1.0,1.0,0.4246731996536255,0.0
collapsed_plain,stable_plain,51,51+,32,1.460168480873108,1.0,1.0,0.475354939699173,0.0
collapsed_plain,stable_plain,51,51+,48,1.3809934854507446,1.0,1.0,0.5424737930297852,0.0
collapsed_plain,stable_plain,51,51+,64,1.3365733623504639,1.0,1.0,0.5880987644195557,0.0
collapsed_plain,stable_plain,51,51+,96,1.289119005203247,1.0,1.0,0.6505963206291199,0.0
collapsed_plain,stable_plain,51,51+,128,1.2622575759887695,1.0,1.0,0.6940560936927795,0.0
collapsed_plain,stable_plain,51,51+,192,1.2295767068862915,1.0,1.0,0.7544770836830139,0.0
collapsed_plain,stable_plain,51,51+,256,1.2080875635147095,1.0,1.0,0.7969300150871277,0.0
collapsed_plain,stable_plain,51,51+,384,1.1807522773742676,1.0,1.0,0.8563643097877502,0.0
collapsed_plain,stable_plain,51,51+,512,1.1652507781982422,1.0,1.0,0.8983312845230103,0.0
collapsed_plain,stable_plain,51,51+,768,1.1492987871170044,1.0,1.0,0.9572844505310059,0.0
collapsed_plain,stable_plain,51,51+,1024,1.1416921615600586,1.0,1.0,0.9990125894546509,0.0
collapsed_plain,stable_plain,52,51+,0,-0.9282862544059753,0.1428571492433548,0.0,0.0,0.8571428656578064
collapsed_plain,stable_plain,52,51+,1,-0.7459174990653992,0.4107142984867096,0.0714285746216774,0.0,0.5892857313156128
collapsed_plain,stable_plain,52,51+,2,-0.3972722887992859,0.5178571343421936,0.1428571492433548,0.0,0.4821428656578064
collapsed_plain,stable_plain,52,51+,4,0.003038196125999093,0.5357142686843872,0.2857142984867096,0.0,0.4642857313156128
collapsed_plain,stable_plain,52,51+,8,0.03255580738186836,0.625,0.5714285969734192,0.0,0.375
collapsed_plain,stable_plain,52,51+,12,-0.13432948291301727,0.8214285969734192,0.8571428656578064,0.0,0.1785714030265808
collapsed_plain,stable_plain,52,51+,16,1.3233698606491089,1.0,1.0,0.19994372129440308,0.0
collapsed_plain,stable_plain,52,51+,24,1.6976344585418701,1.0,1.0,0.35839536786079407,0.0
collapsed_plain,stable_plain,52,51+,32,1.6040430068969727,1.0,1.0,0.43207117915153503,0.0
collapsed_plain,stable_plain,52,51+,48,1.5166468620300293,1.0,1.0,0.5168470144271851,0.0
collapsed_plain,stable_plain,52,51+,64,1.4697643518447876,1.0,1.0,0.5698835253715515,0.0
collapsed_plain,stable_plain,52,51+,96,1.4153364896774292,1.0,1.0,0.6390518546104431,0.0
collapsed_plain,stable_plain,52,51+,128,1.3863402605056763,1.0,1.0,0.6856051087379456,0.0
collapsed_plain,stable_plain,52,51+,192,1.3495832681655884,1.0,1.0,0.7489745020866394,0.0
collapsed_plain,stable_plain,52,51+,256,1.3239301443099976,1.0,1.0,0.7928504943847656,0.0
collapsed_plain,stable_plain,52,51+,384,1.2915663719177246,1.0,1.0,0.8536755442619324,0.0
collapsed_plain,stable_plain,52,51+,512,1.2719199657440186,1.0,1.0,0.8963261246681213,0.0
collapsed_plain,stable_plain,52,51+,768,1.2488614320755005,1.0,1.0,0.9559551477432251,0.0
collapsed_plain,stable_plain,52,51+,1024,1.236136794090271,1.0,1.0,0.9980184435844421,0.0
collapsed_plain,stable_plain,53,51+,0,-0.9282863736152649,0.1090909093618393,0.0,0.0,0.8909090757369995
collapsed_plain,stable_plain,53,51+,1,-0.5275012850761414,0.5454545617103577,0.25,0.0,0.45454543828964233
collapsed_plain,stable_plain,53,51+,2,-0.061853040009737015,0.7636363506317139,0.5,0.0,0.23636364936828613
collapsed_plain,stable_plain,53,51+,4,0.5681998133659363,1.0,1.0,0.09997186064720154,0.0
collapsed_plain,stable_plain,53,51+,8,1.9225339889526367,1.0,1.0,0.25842350721359253,0.0
collapsed_plain,stable_plain,53,51+,12,1.8757836818695068,1.0,1.0,0.3320993185043335,0.0
collapsed_plain,stable_plain,53,51+,16,1.7643322944641113,1.0,1.0,0.3806283473968506,0.0
collapsed_plain,stable_plain,53,51+,24,1.644708514213562,1.0,1.0,0.4458176791667938,0.0
collapsed_plain,stable_plain,53,51+,32,1.58375084400177,1.0,1.0,0.4905509650707245,0.0
collapsed_plain,stable_plain,53,51+,48,1.5142123699188232,1.0,1.0,0.5522007346153259,0.0
collapsed_plain,stable_plain,53,51+,64,1.4759243726730347,1.0,1.0,0.5952520370483398,0.0
collapsed_plain,stable_plain,53,51+,96,1.4376333951950073,1.0,1.0,0.6552744507789612,0.0
collapsed_plain,stable_plain,53,51+,128,1.4153059720993042,1.0,1.0,0.6975316405296326,0.0
collapsed_plain,stable_plain,53,51+,192,1.3830739259719849,1.0,1.0,0.756772518157959,0.0
collapsed_plain,stable_plain,53,51+,256,1.3600717782974243,1.0,1.0,0.7986436486244202,0.0
collapsed_plain,stable_plain,53,51+,384,1.329935073852539,1.0,1.0,0.8575015068054199,0.0
collapsed_plain,stable_plain,53,51+,512,1.3129969835281372,1.0,1.0,0.8991822004318237,0.0
collapsed_plain,stable_plain,53,51+,768,1.2966535091400146,1.0,1.0,0.9578503966331482,0.0
collapsed_plain,stable_plain,53,51+,1024,1.2902084589004517,1.0,1.0,0.999436616897583,0.0
collapsed_plain,stable_plain,56,51+,0,-0.9282862544059753,0.11666666716337204,0.0,0.0,0.8833333253860474
collapsed_plain,stable_plain,56,51+,1,-1.0058107376098633,0.3499999940395355,0.029411764815449715,0.0,0.6499999761581421
collapsed_plain,stable_plain,56,51+,2,-0.5427814722061157,0.5166666507720947,0.05882352963089943,0.0,0.4833333492279053
collapsed_plain,stable_plain,56,51+,4,-0.3595006763935089,0.46666666865348816,0.11764705926179886,0.0,0.5333333015441895
collapsed_plain,stable_plain,56,51+,8,-0.3711185157299042,0.5333333611488342,0.23529411852359772,0.0,0.46666663885116577
collapsed_plain,stable_plain,56,51+,12,-0.21177901327610016,0.5833333134651184,0.3529411852359772,0.0,0.4166666865348816
collapsed_plain,stable_plain,56,51+,16,-0.7023594975471497,0.5166666507720947,0.47058823704719543,0.0,0.4833333492279053
collapsed_plain,stable_plain,56,51+,24,-0.8056665658950806,0.5,0.7058823704719543,0.0,0.5
collapsed_plain,stable_plain,56,51+,32,-0.8216565251350403,0.6333333253860474,0.9411764740943909,0.0,0.36666667461395264
collapsed_plain,stable_plain,56,51+,48,1.6726953983306885,1.0,1.0,0.39988744258880615,0.0
collapsed_plain,stable_plain,56,51+,64,1.5571036338806152,1.0,1.0,0.4998593032360077,0.0
collapsed_plain,stable_plain,56,51+,96,1.4698538780212402,1.0,1.0,0.5998311638832092,0.0
collapsed_plain,stable_plain,56,51+,128,1.4186047315597534,1.0,1.0,0.6583109498023987,0.0
collapsed_plain,stable_plain,56,51+,192,1.3508130311965942,1.0,1.0,0.7319867610931396,0.0
collapsed_plain,stable_plain,56,51+,256,1.3094706535339355,1.0,1.0,0.780515730381012,0.0
collapsed_plain,stable_plain,56,51+,384,1.2579014301300049,1.0,1.0,0.8457050919532776,0.0
collapsed_plain,stable_plain,56,51+,512,1.2282339334487915,1.0,1.0,0.8904383778572083,0.0
collapsed_plain,stable_plain,56,51+,768,1.1968731880187988,1.0,1.0,0.9520881772041321,0.0
collapsed_plain,stable_plain,56,51+,1024,1.1762465238571167,1.0,1.0,0.995139479637146,0.0
collapsed_plain,collapsed_plain,1,0,0,-2.1797311305999756,0.12727272510528564,0.0,0.0,0.8727272748947144
collapsed_plain,collapsed_plain,1,0,1,-1.379852294921875,0.6181818246841431,0.20000000298023224,0.0,0.38181817531585693
collapsed_plain,collapsed_plain,1,0,2,-0.7982164025306702,0.7636363506317139,0.4000000059604645,0.0,0.23636364936828613
collapsed_plain,collapsed_plain,1,0,4,-0.49584701657295227,0.9090909361839294,0.800000011920929,0.0,0.09090906381607056
collapsed_plain,collapsed_plain,1,0,8,0.3490138351917267,1.0,1.0,0.23212747275829315,0.0
collapsed_plain,collapsed_plain,1,0,12,0.43677136301994324,1.0,1.0,0.316903293132782,0.0
collapsed_plain,collapsed_plain,1,0,16,0.46390286087989807,1.0,1.0,0.3699398338794708,0.0
collapsed_plain,collapsed_plain,1,0,24,0.5133250951766968,1.0,1.0,0.43910813331604004,0.0
collapsed_plain,collapsed_plain,1,0,32,0.5593493580818176,1.0,1.0,0.4856613576412201,0.0
collapsed_plain,collapsed_plain,1,0,48,0.6331515908241272,1.0,1.0,0.5490307807922363,0.0
collapsed_plain,collapsed_plain,1,0,64,0.6876819729804993,1.0,1.0,0.5929068326950073,0.0
collapsed_plain,collapsed_plain,1,0,96,0.7676151990890503,1.0,1.0,0.6537318229675293,0.0
collapsed_plain,collapsed_plain,1,0,128,0.8246943354606628,1.0,1.0,0.6963824033737183,0.0
collapsed_plain,collapsed_plain,1,0,192,0.8919405937194824,1.0,1.0,0.756011426448822,0.0
collapsed_plain,collapsed_plain,1,0,256,0.9429237842559814,1.0,1.0,0.7980747222900391,0.0
collapsed_plain,collapsed_plain,1,0,384,0.8985705971717834,1.0,1.0,0.8571234345436096,0.0
collapsed_plain,collapsed_plain,1,0,512,0.621024489402771,1.0,1.0,0.8988991379737854,0.0
collapsed_plain,collapsed_plain,1,0,768,0.24513034522533417,0.9818181991577148,1.0,0.0,0.018181800842285156
collapsed_plain,collapsed_plain,1,0,1024,0.08979939669370651,0.9272727370262146,1.0,0.0,0.0727272629737854
collapsed_plain,collapsed_plain,4,0,0,-2.1797311305999756,0.1428571492433548,0.0,0.0,0.8571428656578064
collapsed_plain,collapsed_plain,4,0,1,-1.5177199840545654,0.5535714030265808,0.20000000298023224,0.0,0.4464285969734192
collapsed_plain,collapsed_plain,4,0,2,-1.0333184003829956,0.7142857313156128,0.4000000059604645,0.0,0.2857142686843872
collapsed_plain,collapsed_plain,4,0,4,0.014199971221387386,0.9464285969734192,0.800000011920929,0.0,0.05357140302658081
collapsed_plain,collapsed_plain,4,0,8,0.5536467432975769,1.0,1.0,0.23212747275829315,0.0
collapsed_plain,collapsed_plain,4,0,12,0.5803372859954834,1.0,1.0,0.316903293132782,0.0
collapsed_plain,collapsed_plain,4,0,16,0.5965469479560852,1.0,1.0,0.3699398338794708,0.0
collapsed_plain,collapsed_plain,4,0,24,0.6368918418884277,1.0,1.0,0.43910813331604004,0.0
collapsed_plain,collapsed_plain,4,0,32,0.6813709139823914,1.0,1.0,0.4856613576412201,0.0
collapsed_plain,collapsed_plain,4,0,48,0.7559082508087158,1.0,1.0,0.5490307807922363,0.0
collapsed_plain,collapsed_plain,4,0,64,0.8123787641525269,1.0,1.0,0.5929068326950073,0.0
collapsed_plain,collapsed_plain,4,0,96,0.8976010084152222,1.0,1.0,0.6537318229675293,0.0
collapsed_plain,collapsed_plain,4,0,128,0.9499989151954651,1.0,1.0,0.6963824033737183,0.0
collapsed_plain,collapsed_plain,4,0,192,1.0021189451217651,1.0,1.0,0.756011426448822,0.0
collapsed_plain,collapsed_plain,4,0,256,1.0498687028884888,1.0,1.0,0.7980747222900391,0.0
collapsed_plain,collapsed_plain,4,0,384,1.1308250427246094,1.0,1.0,0.8571234345436096,0.0
collapsed_plain,collapsed_plain,4,0,512,1.1400156021118164,1.0,1.0,0.8988991379737854,0.0
collapsed_plain,collapsed_plain,4,0,768,-0.2180621325969696,0.9464285969734192,1.0,0.0,0.05357140302658081
collapsed_plain,collapsed_plain,4,0,1024,-0.4255872368812561,0.625,1.0,0.0,0.375
collapsed_plain,collapsed_plain,8,0,0,-2.1797311305999756,0.1090909093618393,0.0,0.0,0.8909090757369995
collapsed_plain,collapsed_plain,8,0,1,-1.327476143836975,0.581818163394928,0.20000000298023224,0.0,0.418181836605072
collapsed_plain,collapsed_plain,8,0,2,-1.2318741083145142,0.7636363506317139,0.4000000059604645,0.0,0.23636364936828613
collapsed_plain,collapsed_plain,8,0,4,-0.6318607330322266,0.8181818127632141,0.800000011920929,0.0,0.1818181872367859
collapsed_plain,collapsed_plain,8,0,8,0.43223482370376587,1.0,1.0,0.23212747275829315,0.0
collapsed_plain,collapsed_plain,8,0,12,0.5064069628715515,1.0,1.0,0.316903293132782,0.0
collapsed_plain,collapsed_plain,8,0,16,0.5228240489959717,1.0,1.0,0.3699398338794708,0.0
collapsed_plain,collapsed_plain,8,0,24,0.550589382648468,1.0,1.0,0.43910813331604004,0.0
collapsed_plain,collapsed_plain,8,0,32,0.5814590454101562,1.0,1.0,0.4856613576412201,0.0
collapsed_plain,collapsed_plain,8,0,48,0.6430697441101074,1.0,1.0,0.5490307807922363,0.0
collapsed_plain,collapsed_plain,8,0,64,0.6880397200584412,1.0,1.0,0.5929068326950073,0.0
collapsed_plain,collapsed_plain,8,0,96,0.7506025433540344,1.0,1.0,0.6537318229675293,0.0
collapsed_plain,collapsed_plain,8,0,128,0.7910712957382202,1.0,1.0,0.6963824033737183,0.0
collapsed_plain,collapsed_plain,8,0,192,0.8357630968093872,1.0,1.0,0.756011426448822,0.0
collapsed_plain,collapsed_plain,8,0,256,0.8616787195205688,1.0,1.0,0.7980747222900391,0.0
collapsed_plain,collapsed_plain,8,0,384,0.8888692259788513,1.0,1.0,0.8571234345436096,0.0
collapsed_plain,collapsed_plain,8,0,512,0.8335192799568176,1.0,1.0,0.8988991379737854,0.0
collapsed_plain,collapsed_plain,8,0,768,0.4215296804904938,0.9818181991577148,1.0,0.0,0.018181800842285156
collapsed_plain,collapsed_plain,8,0,1024,-0.41924962401390076,0.6909090876579285,1.0,0.0,0.30909091234207153
collapsed_plain,collapsed_plain,9,0,0,-2.1797311305999756,0.1111111119389534,0.0,0.0,0.8888888955116272
collapsed_plain,collapsed_plain,9,0,1,-1.2471349239349365,0.6111111044883728,0.1666666716337204,0.0,0.3888888955116272
collapsed_plain,collapsed_plain,9,0,2,-1.0300531387329102,0.7037037014961243,0.3333333432674408,0.0,0.29629629850387573
collapsed_plain,collapsed_plain,9,0,4,-0.588184654712677,0.7222222089767456,0.6666666865348816,0.0,0.2777777910232544
collapsed_plain,collapsed_plain,9,0,8,0.5031840205192566,1.0,1.0,0.19994372129440308,0.0
collapsed_plain,collapsed_plain,9,0,12,0.5407609939575195,1.0,1.0,0.2999155819416046,0.0
collapsed_plain,collapsed_plain,9,0,16,0.5419766902923584,1.0,1.0,0.35839536786079407,0.0
collapsed_plain,collapsed_plain,9,0,24,0.5607957243919373,1.0,1.0,0.43207117915153503,0.0
collapsed_plain,collapsed_plain,9,0,32,0.5931239724159241,1.0,1.0,0.4806002080440521,0.0
collapsed_plain,collapsed_plain,9,0,48,0.6516737341880798,1.0,1.0,0.5457895398139954,0.0
collapsed_plain,collapsed_plain,9,0,64,0.6997289657592773,1.0,1.0,0.590522825717926,0.0
collapsed_plain,collapsed_plain,9,0,96,0.7692422866821289,1.0,1.0,0.6521726250648499,0.0
collapsed_plain,collapsed_plain,9,0,128,0.8262872099876404,1.0,1.0,0.6952239274978638,0.0
collapsed_plain,collapsed_plain,9,0,192,0.8950991034507751,1.0,1.0,0.7552462816238403,0.0
collapsed_plain,collapsed_plain,9,0,256,0.9493002891540527,1.0,1.0,0.7975034713745117,0.0
collapsed_plain,collapsed_plain,9,0,384,0.9671385288238525,1.0,1.0,0.8567444086074829,0.0
collapsed_plain,collapsed_plain,9,0,512,0.8940883874893188,1.0,1.0,0.8986155390739441,0.0
collapsed_plain,collapsed_plain,9,0,768,-0.0886165201663971,0.9444444179534912,1.0,0.0,0.05555558204650879
collapsed_plain,collapsed_plain,9,0,1024,-0.5251201391220093,0.7407407164573669,1.0,0.0,0.25925928354263306
collapsed_plain,collapsed_plain,12,1-2,0,-2.1797311305999756,0.09090909361839294,0.0,0.0,0.9090908765792847
collapsed_plain,collapsed_plain,12,1-2,1,-1.0407030582427979,0.6000000238418579,0.1428571492433548,0.0,0.3999999761581421
collapsed_plain,collapsed_plain,12,1-2,2,-0.9311227202415466,0.6727272868156433,0.2857142984867096,0.0,0.3272727131843567
collapsed_plain,collapsed_plain,12,1-2,4,-0.6819050312042236,0.7636363506317139,0.5714285969734192,0.0,0.23636364936828613
collapsed_plain,collapsed_plain,12,1-2,8,-0.2761951982975006,1.0,1.0,0.158451646566391,0.0
collapsed_plain,collapsed_plain,12,1-2,12,0.25423526763916016,1.0,1.0,0.28065648674964905,0.0
collapsed_plain,collapsed_plain,12,1-2,16,0.437157541513443,1.0,1.0,0.3458458185195923,0.0
collapsed_plain,collapsed_plain,12,1-2,24,0.5051131844520569,1.0,1.0,0.4246731996536255,0.0
collapsed_plain,collapsed_plain,12,1-2,32,0.5341196656227112,1.0,1.0,0.475354939699173,0.0
collapsed_plain,collapsed_plain,12,1-2,48,0.5841804146766663,1.0,1.0,0.5424737930297852,0.0
collapsed_plain,collapsed_plain,12,1-2,64,0.6267583966255188,1.0,1.0,0.5880987644195557,0.0
collapsed_plain,collapsed_plain,12,1-2,96,0.6963132619857788,1.0,1.0,0.6505963206291199,0.0
collapsed_plain,collapsed_plain,12,1-2,128,0.7483048439025879,1.0,1.0,0.6940560936927795,0.0
collapsed_plain,collapsed_plain,12,1-2,192,0.8464301228523254,1.0,1.0,0.7544770836830139,0.0
collapsed_plain,collapsed_plain,12,1-2,256,0.8285754919052124,1.0,1.0,0.7969300150871277,0.0
collapsed_plain,collapsed_plain,12,1-2,384,0.6790828108787537,1.0,1.0,0.8563643097877502,0.0
collapsed_plain,collapsed_plain,12,1-2,512,0.31205517053604126,1.0,1.0,0.8983312845230103,0.0
collapsed_plain,collapsed_plain,12,1-2,768,0.1761513203382492,0.9636363387107849,1.0,0.0,0.03636366128921509
collapsed_plain,collapsed_plain,12,1-2,1024,0.14573995769023895,0.9272727370262146,1.0,0.0,0.0727272629737854
collapsed_plain,collapsed_plain,13,1-2,0,-2.1797311305999756,0.09090909361839294,0.0,0.0,0.9090908765792847
collapsed_plain,collapsed_plain,13,1-2,1,-1.2713762521743774,0.5636363625526428,0.02857142873108387,0.0,0.4363636374473572
collapsed_plain,collapsed_plain,13,1-2,2,-1.1383390426635742,0.5272727012634277,0.05714285746216774,0.0,0.47272729873657227
collapsed_plain,collapsed_plain,13,1-2,4,-0.8068940043449402,0.6363636255264282,0.11428571492433548,0.0,0.3636363744735718
collapsed_plain,collapsed_plain,13,1-2,8,-0.7590566873550415,0.5636363625526428,0.22857142984867096,0.0,0.4363636374473572
collapsed_plain,collapsed_plain,13,1-2,12,-0.8809741735458374,0.5454545617103577,0.34285715222358704,0.0,0.45454543828964233
collapsed_plain,collapsed_plain,13,1-2,16,-0.9535742998123169,0.6727272868156433,0.4571428596973419,0.0,0.3272727131843567
collapsed_plain,collapsed_plain,13,1-2,24,-0.8958715200424194,0.6363636255264282,0.6857143044471741,0.0,0.3636363744735718
collapsed_plain,collapsed_plain,13,1-2,32,-0.923180103302002,0.7636363506317139,0.9142857193946838,0.0,0.23636364936828613
collapsed_plain,collapsed_plain,13,1-2,48,0.5166632533073425,1.0,1.0,0.39057910442352295,0.0
collapsed_plain,collapsed_plain,13,1-2,64,0.5687189698219299,1.0,1.0,0.4952802062034607,0.0
collapsed_plain,collapsed_plain,13,1-2,96,0.636676013469696,1.0,1.0,0.5975597500801086,0.0
collapsed_plain,collapsed_plain,13,1-2,128,0.703368604183197,1.0,1.0,0.6568006873130798,0.0
collapsed_plain,collapsed_plain,13,1-2,192,0.79872727394104,1.0,1.0,0.7310824990272522,0.0
collapsed_plain,collapsed_plain,13,1-2,256,0.8635592460632324,1.0,1.0,0.7798704504966736,0.0
collapsed_plain,collapsed_plain,13,1-2,384,0.8749284148216248,1.0,1.0,0.8452947735786438,0.0
collapsed_plain,collapsed_plain,13,1-2,512,0.7754256725311279,1.0,1.0,0.8901376128196716,0.0
collapsed_plain,collapsed_plain,13,1-2,768,-0.5051059722900391,0.8181818127632141,1.0,0.0,0.1818181872367859
collapsed_plain,collapsed_plain,13,1-2,1024,-0.5390332937240601,0.5272727012634277,1.0,0.0,0.47272729873657227
collapsed_plain,collapsed_plain,20,1-2,0,-2.1797311305999756,0.0892857164144516,0.0,0.0,0.9107142686843872
collapsed_plain,collapsed_plain,20,1-2,1,-1.2423408031463623,0.5892857313156128,0.20000000298023224,0.0,0.4107142686843872
collapsed_plain,collapsed_plain,20,1-2,2,-0.9621613025665283,0.7142857313156128,0.4000000059604645,0.0,0.2857142686843872
collapsed_plain,collapsed_plain,20,1-2,4,-0.579247772693634,0.8928571343421936,0.800000011920929,0.0,0.1071428656578064
collapsed_plain,collapsed_plain,20,1-2,8,0.39291301369667053,1.0,1.0,0.23212747275829315,0.0
collapsed_plain,collapsed_plain,20,1-2,12,0.4671750068664551,1.0,1.0,0.316903293132782,0.0
collapsed_plain,collapsed_plain,20,1-2,16,0.49400925636291504,1.0,1.0,0.3699398338794708,0.0
collapsed_plain,collapsed_plain,20,1-2,24,0.5310553312301636,1.0,1.0,0.43910813331604004,0.0
collapsed_plain,collapsed_plain,20,1-2,32,0.562265932559967,1.0,1.0,0.4856613576412201,0.0
collapsed_plain,collapsed_plain,20,1-2,48,0.6182690858840942,1.0,1.0,0.5490307807922363,0.0
collapsed_plain,collapsed_plain,20,1-2,64,0.6677387356758118,1.0,1.0,0.5929068326950073,0.0
collapsed_plain,collapsed_plain,20,1-2,96,0.7500699758529663,1.0,1.0,0.6537318229675293,0.0
collapsed_plain,collapsed_plain,20,1-2,128,0.8184783458709717,1.0,1.0,0.6963824033737183,0.0
collapsed_plain,collapsed_plain,20,1-2,192,0.8909879922866821,1.0,1.0,0.756011426448822,0.0
collapsed_plain,collapsed_plain,20,1-2,256,0.9301129579544067,1.0,1.0,0.7980747222900391,0.0
collapsed_plain,collapsed_plain,20,1-2,384,0.8399921655654907,1.0,1.0,0.8571234345436096,0.0
collapsed_plain,collapsed_plain,20,1-2,512,0.660020649433136,1.0,1.0,0.8988991379737854,0.0
collapsed_plain,collapsed_plain,20,1-2,768,-0.1898135244846344,0.8392857313156128,1.0,0.0,0.1607142686843872
collapsed_plain,collapsed_plain,20,1-2,1024,-0.4287600815296173,0.7678571343421936,1.0,0.0,0.2321428656578064
collapsed_plain,collapsed_plain,22,1-2,0,-2.1797311305999756,0.109375,0.0,0.0,0.890625
collapsed_plain,collapsed_plain,22,1-2,1,-1.5295063257217407,0.375,0.1428571492433548,0.0,0.625
collapsed_plain,collapsed_plain,22,1-2,2,-1.242566704750061,0.5625,0.2857142984867096,0.0,0.4375
collapsed_plain,collapsed_plain,22,1-2,4,-0.4940018057823181,0.828125,0.5714285969734192,0.0,0.171875
collapsed_plain,collapsed_plain,22,1-2,8,0.5578364133834839,1.0,1.0,0.158451646566391,0.0
collapsed_plain,collapsed_plain,22,1-2,12,0.5622761249542236,1.0,1.0,0.28065648674964905,0.0
collapsed_plain,collapsed_plain,22,1-2,16,0.585712730884552,1.0,1.0,0.3458458185195923,0.0
collapsed_plain,collapsed_plain,22,1-2,24,0.621380090713501,1.0,1.0,0.4246731996536255,0.0
collapsed_plain,collapsed_plain,22,1-2,32,0.6586788892745972,1.0,1.0,0.475354939699173,0.0
collapsed_plain,collapsed_plain,22,1-2,48,0.7240476012229919,1.0,1.0,0.5424737930297852,0.0
collapsed_plain,collapsed_plain,22,1-2,64,0.776007354259491,1.0,1.0,0.5880987644195557,0.0
collapsed_plain,collapsed_plain,22,1-2,96,0.8481060266494751,1.0,1.0,0.6505963206291199,0.0
collapsed_plain,collapsed_plain,22,1-2,128,0.8960763812065125,1.0,1.0,0.6940560936927795,0.0
collapsed_plain,collapsed_plain,22,1-2,192,0.9645330309867859,1.0,1.0,0.7544770836830139,0.0
collapsed_plain,collapsed_plain,22,1-2,256,1.0099656581878662,1.0,1.0,0.7969300150871277,0.0
collapsed_plain,collapsed_plain,22,1-2,384,1.0313725471496582,1.0,1.0,0.8563643097877502,0.0
collapsed_plain,collapsed_plain,22,1-2,512,0.9626351594924927,1.0,1.0,0.8983312845230103,0.0
collapsed_plain,collapsed_plain,22,1-2,768,0.5672948360443115,1.0,1.0,0.9572844505310059,0.0
collapsed_plain,collapsed_plain,22,1-2,1024,-0.2060115784406662,0.8125,1.0,0.0,0.1875
collapsed_plain,collapsed_plain,27,3-10,0,-2.1797311305999756,0.12727272510528564,0.0,0.0,0.8727272748947144
collapsed_plain,collapsed_plain,27,3-10,1,-1.483374834060669,0.5454545617103577,0.1666666716337204,0.0,0.45454543828964233
collapsed_plain,collapsed_plain,27,3-10,2,-1.1644917726516724,0.6545454263687134,0.3333333432674408,0.0,0.3454545736312866
collapsed_plain,collapsed_plain,27,3-10,4,-1.0401440858840942,0.7272727489471436,0.6666666865348816,0.0,0.27272725105285645
collapsed_plain,collapsed_plain,27,3-10,8,0.20163387060165405,1.0,1.0,0.19994372129440308,0.0
collapsed_plain,collapsed_plain,27,3-10,12,0.4459921419620514,1.0,1.0,0.2999155819416046,0.0
collapsed_plain,collapsed_plain,27,3-10,16,0.4992709159851074,1.0,1.0,0.35839536786079407,0.0
collapsed_plain,collapsed_plain,27,3-10,24,0.529689610004425,1.0,1.0,0.43207117915153503,0.0
collapsed_plain,collapsed_plain,27,3-10,32,0.558901309967041,1.0,1.0,0.4806002080440521,0.0
collapsed_plain,collapsed_plain,27,3-10,48,0.614214301109314,1.0,1.0,0.5457895398139954,0.0
collapsed_plain,collapsed_plain,27,3-10,64,0.6580795645713806,1.0,1.0,0.590522825717926,0.0
collapsed_plain,collapsed_plain,27,3-10,96,0.7215886116027832,1.0,1.0,0.6521726250648499,0.0
collapsed_plain,collapsed_plain,27,3-10,128,0.7645403146743774,1.0,1.0,0.6952239274978638,0.0
collapsed_plain,collapsed_plain,27,3-10,192,0.8024788498878479,1.0,1.0,0.7552462816238403,0.0
collapsed_plain,collapsed_plain,27,3-10,256,0.7643080353736877,1.0,1.0,0.7975034713745117,0.0
collapsed_plain,collapsed_plain,27,3-10,384,0.664145290851593,1.0,1.0,0.8567444086074829,0.0
collapsed_plain,collapsed_plain,27,3-10,512,0.33282607793807983,1.0,1.0,0.8986155390739441,0.0
collapsed_plain,collapsed_plain,27,3-10,768,0.026018161326646805,0.9636363387107849,1.0,0.0,0.03636366128921509
collapsed_plain,collapsed_plain,27,3-10,1024,-0.2869826853275299,0.8363636136054993,1.0,0.0,0.16363638639450073
collapsed_plain,collapsed_plain,29,3-10,0,-2.1797311305999756,0.1111111119389534,0.0,0.0,0.8888888955116272
collapsed_plain,collapsed_plain,29,3-10,1,-1.2747036218643188,0.5185185074806213,0.1428571492433548,0.0,0.48148149251937866
collapsed_plain,collapsed_plain,29,3-10,2,-0.7102273106575012,0.5555555820465088,0.2857142984867096,0.0,0.4444444179534912
collapsed_plain,collapsed_plain,29,3-10,4,-0.04130278900265694,0.7592592835426331,0.5714285969734192,0.0,0.24074071645736694
collapsed_plain,collapsed_plain,29,3-10,8,0.25210559368133545,1.0,1.0,0.158451646566391,0.0
collapsed_plain,collapsed_plain,29,3-10,12,0.46486061811447144,1.0,1.0,0.28065648674964905,0.0
collapsed_plain,collapsed_plain,29,3-10,16,0.5401185154914856,1.0,1.0,0.3458458185195923,0.0
collapsed_plain,collapsed_plain,29,3-10,24,0.6022371649742126,1.0,1.0,0.4246731996536255,0.0
collapsed_plain,collapsed_plain,29,3-10,32,0.6220637559890747,1.0,1.0,0.475354939699173,0.0
collapsed_plain,collapsed_plain,29,3-10,48,0.6515960693359375,1.0,1.0,0.5424737930297852,0.0
collapsed_plain,collapsed_plain,29,3-10,64,0.683091938495636,1.0,1.0,0.5880987644195557,0.0
collapsed_plain,collapsed_plain,29,3-10,96,0.7413176894187927,1.0,1.0,0.6505963206291199,0.0
collapsed_plain,collapsed_plain,29,3-10,128,0.7771167159080505,1.0,1.0,0.6940560936927795,0.0
collapsed_plain,collapsed_plain,29,3-10,192,0.8237061500549316,1.0,1.0,0.7544770836830139,0.0
collapsed_plain,collapsed_plain,29,3-10,256,0.8505268692970276,1.0,1.0,0.7969300150871277,0.0
collapsed_plain,collapsed_plain,29,3-10,384,0.8591673374176025,1.0,1.0,0.8563643097877502,0.0
collapsed_plain,collapsed_plain,29,3-10,512,0.7872883081436157,1.0,1.0,0.8983312845230103,0.0
collapsed_plain,collapsed_plain,29,3-10,768,0.6743481755256653,1.0,1.0,0.9572844505310059,0.0
collapsed_plain,collapsed_plain,29,3-10,1024,0.6303995251655579,0.9814814925193787,1.0,0.0,0.018518507480621338
collapsed_plain,collapsed_plain,30,3-10,0,-2.1797311305999756,0.1071428582072258,0.0,0.0,0.8928571343421936
collapsed_plain,collapsed_plain,30,3-10,1,-1.6704580783843994,0.4642857015132904,0.1666666716337204,0.0,0.5357142686843872
collapsed_plain,collapsed_plain,30,3-10,2,-1.5471107959747314,0.5892857313156128,0.3333333432674408,0.0,0.4107142686843872
collapsed_plain,collapsed_plain,30,3-10,4,-1.183670163154602,0.7678571343421936,0.6666666865348816,0.0,0.2321428656578064
collapsed_plain,collapsed_plain,30,3-10,8,0.24802087247371674,1.0,1.0,0.19994372129440308,0.0
collapsed_plain,collapsed_plain,30,3-10,12,0.3998490571975708,1.0,1.0,0.2999155819416046,0.0
collapsed_plain,collapsed_plain,30,3-10,16,0.47111716866493225,1.0,1.0,0.35839536786079407,0.0
collapsed_plain,collapsed_plain,30,3-10,24,0.5378401875495911,1.0,1.0,0.43207117915153503,0.0
collapsed_plain,collapsed_plain,30,3-10,32,0.5745431184768677,1.0,1.0,0.4806002080440521,0.0
collapsed_plain,collapsed_plain,30,3-10,48,0.6358799934387207,1.0,1.0,0.5457895398139954,0.0
collapsed_plain,collapsed_plain,30,3-10,64,0.6894187331199646,1.0,1.0,0.590522825717926,0.0
collapsed_plain,collapsed_plain,30,3-10,96,0.7808036804199219,1.0,1.0,0.6521726250648499,0.0
collapsed_plain,collapsed_plain,30,3-10,128,0.852413535118103,1.0,1.0,0.6952239274978638,0.0
collapsed_plain,collapsed_plain,30,3-10,192,0.938671350479126,1.0,1.0,0.7552462816238403,0.0
collapsed_plain,collapsed_plain,30,3-10,256,0.9616815447807312,1.0,1.0,0.7975034713745117,0.0
collapsed_plain,collapsed_plain,30,3-10,384,0.9435932040214539,1.0,1.0,0.8567444086074829,0.0
collapsed_plain,collapsed_plain,30,3-10,512,0.6917839050292969,1.0,1.0,0.8986155390739441,0.0
collapsed_plain,collapsed_plain,30,3-10,768,-0.27394428849220276,0.875,1.0,0.0,0.125
collapsed_plain,collapsed_plain,30,3-10,1024,-0.1905900537967682,0.7678571343421936,1.0,0.0,0.2321428656578064
collapsed_plain,collapsed_plain,35,3-10,0,-2.1797311305999756,0.12068965286016464,0.0,0.0,0.8793103694915771
collapsed_plain,collapsed_plain,35,3-10,1,-1.7478102445602417,0.36206895112991333,0.012048192322254181,0.0,0.6379310488700867
collapsed_plain,collapsed_plain,35,3-10,2,-1.7333977222442627,0.517241358757019,0.024096384644508362,0.0,0.48275864124298096
collapsed_plain,collapsed_plain,35,3-10,4,-1.5425931215286255,0.4482758641242981,0.048192769289016724,0.0,0.5517241358757019
collapsed_plain,collapsed_plain,35,3-10,8,-1.324934482574463,0.6206896305084229,0.09638553857803345,0.0,0.37931036949157715
collapsed_plain,collapsed_plain,35,3-10,12,-1.4105582237243652,0.5517241358757019,0.14457830786705017,0.0,0.4482758641242981
collapsed_plain,collapsed_plain,35,3-10,16,-1.5199005603790283,0.4655172526836395,0.1927710771560669,0.0,0.5344827175140381
collapsed_plain,collapsed_plain,35,3-10,24,-1.5166335105895996,0.3965517282485962,0.28915661573410034,0.0,0.6034482717514038
collapsed_plain,collapsed_plain,35,3-10,32,-1.7276619672775269,0.48275861144065857,0.3855421543121338,0.0,0.517241358757019
collapsed_plain,collapsed_plain,35,3-10,48,-1.8795751333236694,0.48275861144065857,0.5783132314682007,0.0,0.517241358757019
collapsed_plain,collapsed_plain,35,3-10,64,-1.908842921257019,0.4482758641242981,0.7710843086242676,0.0,0.5517241358757019
collapsed_plain,collapsed_plain,35,3-10,96,0.508435070514679,1.0,1.0,0.39057910442352295,0.0
collapsed_plain,collapsed_plain,35,3-10,128,0.71872878074646,1.0,1.0,0.5553025603294373,0.0
collapsed_plain,collapsed_plain,35,3-10,192,0.8200591206550598,1.0,1.0,0.6792504191398621,0.0
collapsed_plain,collapsed_plain,35,3-10,256,0.8757674694061279,1.0,1.0,0.7449113726615906,0.0
collapsed_plain,collapsed_plain,35,3-10,384,0.9468525052070618,1.0,1.0,0.8240854144096375,0.0
collapsed_plain,collapsed_plain,35,3-10,512,0.990628719329834,1.0,1.0,0.8749081492424011,0.0
collapsed_plain,collapsed_plain,35,3-10,768,1.0208046436309814,1.0,1.0,0.9421514272689819,0.0
collapsed_plain,collapsed_plain,35,3-10,1024,0.9653834700584412,1.0,1.0,0.9878333210945129,0.0
collapsed_plain,collapsed_plain,36,11-50,0,-2.1797311305999756,0.072727270424366,0.0,0.0,0.9272727370262146
collapsed_plain,collapsed_plain,36,11-50,1,-1.3225167989730835,0.5272727012634277,0.20000000298023224,0.0,0.47272729873657227
collapsed_plain,collapsed_plain,36,11-50,2,-0.5808565616607666,0.7090908885002136,0.4000000059604645,0.0,0.2909091114997864
collapsed_plain,collapsed_plain,36,11-50,4,-0.31202253699302673,0.9636363387107849,0.800000011920929,0.0,0.03636366128921509
collapsed_plain,collapsed_plain,36,11-50,8,0.4083242118358612,1.0,1.0,0.23212747275829315,0.0
collapsed_plain,collapsed_plain,36,11-50,12,0.5224159359931946,1.0,1.0,0.316903293132782,0.0
collapsed_plain,collapsed_plain,36,11-50,16,0.5593931674957275,1.0,1.0,0.3699398338794708,0.0
collapsed_plain,collapsed_plain,36,11-50,24,0.5997125506401062,1.0,1.0,0.43910813331604004,0.0
collapsed_plain,collapsed_plain,36,11-50,32,0.6275286674499512,1.0,1.0,0.4856613576412201,0.0
collapsed_plain,collapsed_plain,36,11-50,48,0.6740737557411194,1.0,1.0,0.5490307807922363,0.0
collapsed_plain,collapsed_plain,36,11-50,64,0.7143996953964233,1.0,1.0,0.5929068326950073,0.0
collapsed_plain,collapsed_plain,36,11-50,96,0.7759655714035034,1.0,1.0,0.6537318229675293,0.0
collapsed_plain,collapsed_plain,36,11-50,128,0.8214229345321655,1.0,1.0,0.6963824033737183,0.0
collapsed_plain,collapsed_plain,36,11-50,192,0.8856426477432251,1.0,1.0,0.756011426448822,0.0
collapsed_plain,collapsed_plain,36,11-50,256,0.9400407075881958,1.0,1.0,0.7980747222900391,0.0
collapsed_plain,collapsed_plain,36,11-50,384,0.9113873243331909,1.0,1.0,0.8571234345436096,0.0
collapsed_plain,collapsed_plain,36,11-50,512,0.8372014164924622,1.0,1.0,0.8988991379737854,0.0
collapsed_plain,collapsed_plain,36,11-50,768,0.695182740688324,0.9636363387107849,1.0,0.0,0.03636366128921509
collapsed_plain,collapsed_plain,36,11-50,1024,0.45283135771751404,0.9272727370262146,1.0,0.0,0.0727272629737854
collapsed_plain,collapsed_plain,38,11-50,0,-2.1797311305999756,0.072727270424366,0.0,0.0,0.9272727370262146
collapsed_plain,collapsed_plain,38,11-50,1,-1.2297954559326172,0.4909090995788574,0.1428571492433548,0.0,0.5090909004211426
collapsed_plain,collapsed_plain,38,11-50,2,-0.7349721789360046,0.6000000238418579,0.2857142984867096,0.0,0.3999999761581421
collapsed_plain,collapsed_plain,38,11-50,4,-0.07602393627166748,0.7818182110786438,0.5714285969734192,0.0,0.2181817889213562
collapsed_plain,collapsed_plain,38,11-50,8,0.37372836470603943,1.0,1.0,0.158451646566391,0.0
collapsed_plain,collapsed_plain,38,11-50,12,0.4987426996231079,1.0,1.0,0.28065648674964905,0.0
collapsed_plain,collapsed_plain,38,11-50,16,0.5693016052246094,1.0,1.0,0.3458458185195923,0.0
collapsed_plain,collapsed_plain,38,11-50,24,0.6098396182060242,1.0,1.0,0.4246731996536255,0.0
collapsed_plain,collapsed_plain,38,11-50,32,0.6280715465545654,1.0,1.0,0.475354939699173,0.0
collapsed_plain,collapsed_plain,38,11-50,48,0.6716362237930298,1.0,1.0,0.5424737930297852,0.0
collapsed_plain,collapsed_plain,38,11-50,64,0.7167714834213257,1.0,1.0,0.5880987644195557,0.0
collapsed_plain,collapsed_plain,38,11-50,96,0.7919929623603821,1.0,1.0,0.6505963206291199,0.0
collapsed_plain,collapsed_plain,38,11-50,128,0.8427901268005371,1.0,1.0,0.6940560936927795,0.0
collapsed_plain,collapsed_plain,38,11-50,192,0.9032948613166809,1.0,1.0,0.7544770836830139,0.0
collapsed_plain,collapsed_plain,38,11-50,256,0.9338680505752563,1.0,1.0,0.7969300150871277,0.0
collapsed_plain,collapsed_plain,38,11-50,384,0.933273434638977,1.0,1.0,0.8563643097877502,0.0
collapsed_plain,collapsed_plain,38,11-50,512,0.8913803696632385,1.0,1.0,0.8983312845230103,0.0
collapsed_plain,collapsed_plain,38,11-50,768,0.23807543516159058,0.9454545378684998,1.0,0.0,0.054545462131500244
collapsed_plain,collapsed_plain,38,11-50,1024,-0.509688138961792,0.7272727489471436,1.0,0.0,0.27272725105285645
collapsed_plain,collapsed_plain,41,11-50,0,-2.1797311305999756,0.08771929889917374,0.0,0.0,0.9122806787490845
collapsed_plain,collapsed_plain,41,11-50,1,-1.2410271167755127,0.5438596606254578,0.25,0.0,0.45614033937454224
collapsed_plain,collapsed_plain,41,11-50,2,-0.7143800258636475,0.719298243522644,0.5,0.0,0.28070175647735596
collapsed_plain,collapsed_plain,41,11-50,4,-0.036693621426820755,1.0,1.0,0.09997186064720154,0.0
collapsed_plain,collapsed_plain,41,11-50,8,0.4094639718532562,1.0,1.0,0.25842350721359253,0.0
collapsed_plain,collapsed_plain,41,11-50,12,0.49642378091812134,1.0,1.0,0.3320993185043335,0.0
collapsed_plain,collapsed_plain,41,11-50,16,0.5366241335868835,1.0,1.0,0.3806283473968506,0.0
collapsed_plain,collapsed_plain,41,11-50,24,0.5793555974960327,1.0,1.0,0.4458176791667938,0.0
collapsed_plain,collapsed_plain,41,11-50,32,0.6134227514266968,1.0,1.0,0.4905509650707245,0.0
collapsed_plain,collapsed_plain,41,11-50,48,0.6683177947998047,1.0,1.0,0.5522007346153259,0.0
collapsed_plain,collapsed_plain,41,11-50,64,0.7145951390266418,1.0,1.0,0.5952520370483398,0.0
collapsed_plain,collapsed_plain,41,11-50,96,0.783289909362793,1.0,1.0,0.6552744507789612,0.0
collapsed_plain,collapsed_plain,41,11-50,128,0.8197932839393616,1.0,1.0,0.6975316405296326,0.0
collapsed_plain,collapsed_plain,41,11-50,192,0.8777292966842651,1.0,1.0,0.756772518157959,0.0
collapsed_plain,collapsed_plain,41,11-50,256,0.9105200171470642,1.0,1.0,0.7986436486244202,0.0
collapsed_plain,collapsed_plain,41,11-50,384,0.7518362998962402,1.0,1.0,0.8575015068054199,0.0
collapsed_plain,collapsed_plain,41,11-50,512,0.5885562300682068,1.0,1.0,0.8991822004318237,0.0
collapsed_plain,collapsed_plain,41,11-50,768,0.2813548743724823,0.9473684430122375,1.0,0.0,0.05263155698776245
collapsed_plain,collapsed_plain,41,11-50,1024,0.03473487123847008,0.9298245906829834,1.0,0.0,0.0701754093170166
collapsed_plain,collapsed_plain,47,11-50,0,-2.1797313690185547,0.08771929889917374,0.0,0.0,0.9122806787490845
collapsed_plain,collapsed_plain,47,11-50,1,-1.6544643640518188,0.4035087823867798,0.023255813866853714,0.0,0.5964912176132202
collapsed_plain,collapsed_plain,47,11-50,2,-1.6795846223831177,0.3333333432674408,0.04651162773370743,0.0,0.6666666269302368
collapsed_plain,collapsed_plain,47,11-50,4,-1.5567233562469482,0.15789473056793213,0.09302325546741486,0.0,0.8421052694320679
collapsed_plain,collapsed_plain,47,11-50,8,-1.4678199291229248,0.31578946113586426,0.1860465109348297,0.0,0.6842105388641357
collapsed_plain,collapsed_plain,47,11-50,12,-1.3537302017211914,0.3333333432674408,0.27906978130340576,0.0,0.6666666269302368
collapsed_plain,collapsed_plain,47,11-50,16,-1.638140082359314,0.3684210479259491,0.3720930218696594,0.0,0.6315789222717285
collapsed_plain,collapsed_plain,47,11-50,24,-1.7351843118667603,0.31578946113586426,0.5581395626068115,0.0,0.6842105388641357
collapsed_plain,collapsed_plain,47,11-50,32,-1.5976440906524658,0.45614033937454224,0.7441860437393188,0.0,0.5438596606254578
collapsed_plain,collapsed_plain,47,11-50,48,0.23252953588962555,1.0,1.0,0.28065648674964905,0.0
collapsed_plain,collapsed_plain,47,11-50,64,0.5867191553115845,1.0,1.0,0.4522289037704468,0.0
collapsed_plain,collapsed_plain,47,11-50,96,0.6807107925415039,1.0,1.0,0.5779733061790466,0.0
collapsed_plain,collapsed_plain,47,11-50,128,0.7403974533081055,1.0,1.0,0.6441130042076111,0.0
collapsed_plain,collapsed_plain,47,11-50,192,0.8197566270828247,1.0,1.0,0.7236367464065552,0.0
collapsed_plain,collapsed_plain,47,11-50,256,0.866707444190979,1.0,1.0,0.7746012210845947,0.0
collapsed_plain,collapsed_plain,47,11-50,384,0.9008351564407349,1.0,1.0,0.8419694304466248,0.0
collapsed_plain,collapsed_plain,47,11-50,512,0.8778867125511169,1.0,1.0,0.8877084255218506,0.0
collapsed_plain,collapsed_plain,47,11-50,768,0.1705358773469925,0.8771929740905762,1.0,0.0,0.12280702590942383
collapsed_plain,collapsed_plain,47,11-50,1024,-0.5109320282936096,0.6666666865348816,1.0,0.0,0.3333333134651184
collapsed_plain,collapsed_plain,51,51+,0,-2.1797311305999756,0.08620689809322357,0.0,0.0,0.9137930870056152
collapsed_plain,collapsed_plain,51,51+,1,-1.606760025024414,0.4482758641242981,0.0833333358168602,0.0,0.5517241358757019
collapsed_plain,collapsed_plain,51,51+,2,-1.2573201656341553,0.5344827771186829,0.1666666716337204,0.0,0.46551722288131714
collapsed_plain,collapsed_plain,51,51+,4,-0.6176722049713135,0.7758620977401733,0.3333333432674408,0.0,0.22413790225982666
collapsed_plain,collapsed_plain,51,51+,8,0.06411728262901306,0.8620689511299133,0.6666666865348816,0.0,0.13793104887008667
collapsed_plain,collapsed_plain,51,51+,12,0.40585535764694214,1.0,1.0,0.09997186064720154,0.0
collapsed_plain,collapsed_plain,51,51+,16,0.5267430543899536,1.0,1.0,0.25842350721359253,0.0
collapsed_plain,collapsed_plain,51,51+,24,0.6407908201217651,1.0,1.0,0.3806283473968506,0.0
collapsed_plain,collapsed_plain,51,51+,32,0.6528064012527466,1.0,1.0,0.4458176791667938,0.0
collapsed_plain,collapsed_plain,51,51+,48,0.686935544013977,1.0,1.0,0.5246450304985046,0.0
collapsed_plain,collapsed_plain,51,51+,64,0.7315738797187805,1.0,1.0,0.5753268003463745,0.0
collapsed_plain,collapsed_plain,51,51+,96,0.8071371912956238,1.0,1.0,0.6424456238746643,0.0
collapsed_plain,collapsed_plain,51,51+,128,0.8576202988624573,1.0,1.0,0.6880705952644348,0.0
collapsed_plain,collapsed_plain,51,51+,192,0.9249939918518066,1.0,1.0,0.750568151473999,0.0
collapsed_plain,collapsed_plain,51,51+,256,0.9551070332527161,1.0,1.0,0.7940279245376587,0.0
collapsed_plain,collapsed_plain,51,51+,384,0.9731035232543945,1.0,1.0,0.8544489145278931,0.0
collapsed_plain,collapsed_plain,51,51+,512,0.9677740931510925,1.0,1.0,0.8969019055366516,0.0
collapsed_plain,collapsed_plain,51,51+,768,0.6303076148033142,0.982758641242981,1.0,0.0,0.017241358757019043
collapsed_plain,collapsed_plain,51,51+,1024,-0.37382417917251587,0.7758620977401733,1.0,0.0,0.22413790225982666
collapsed_plain,collapsed_plain,52,51+,0,-2.1797311305999756,0.1071428582072258,0.0,0.0,0.8928571343421936
collapsed_plain,collapsed_plain,52,51+,1,-1.6328628063201904,0.4464285671710968,0.05882352963089943,0.0,0.5535714626312256
collapsed_plain,collapsed_plain,52,51+,2,-1.3963505029678345,0.4821428656578064,0.11764705926179886,0.0,0.5178571343421936
collapsed_plain,collapsed_plain,52,51+,4,-1.1161134243011475,0.5714285969734192,0.23529411852359772,0.0,0.4285714030265808
collapsed_plain,collapsed_plain,52,51+,8,-0.6631758809089661,0.6964285969734192,0.47058823704719543,0.0,0.3035714030265808
collapsed_plain,collapsed_plain,52,51+,12,-1.0464165210723877,0.6964285969734192,0.7058823704719543,0.0,0.3035714030265808
collapsed_plain,collapsed_plain,52,51+,16,-0.7388066649436951,0.9821428656578064,0.9411764740943909,0.0,0.017857134342193604
collapsed_plain,collapsed_plain,52,51+,24,0.47411197423934937,1.0,1.0,0.316903293132782,0.0
collapsed_plain,collapsed_plain,52,51+,32,0.5540059804916382,1.0,1.0,0.40863126516342163,0.0
collapsed_plain,collapsed_plain,52,51+,48,0.612075924873352,1.0,1.0,0.5042974352836609,0.0
collapsed_plain,collapsed_plain,52,51+,64,0.6677044630050659,1.0,1.0,0.5613129734992981,0.0
collapsed_plain,collapsed_plain,52,51+,96,0.7664817571640015,1.0,1.0,0.633806586265564,0.0
collapsed_plain,collapsed_plain,52,51+,128,0.8386200070381165,1.0,1.0,0.6818259954452515,0.0
collapsed_plain,collapsed_plain,52,51+,192,0.9193033576011658,1.0,1.0,0.746550440788269,0.0
collapsed_plain,collapsed_plain,52,51+,256,0.9579936861991882,1.0,1.0,0.7910662293434143,0.0
collapsed_plain,collapsed_plain,52,51+,384,0.9642812609672546,1.0,1.0,0.8525077104568481,0.0
collapsed_plain,collapsed_plain,52,51+,512,0.9132362604141235,1.0,1.0,0.8954581022262573,0.0
collapsed_plain,collapsed_plain,52,51+,768,0.679017961025238,0.9821428656578064,1.0,0.0,0.017857134342193604
collapsed_plain,collapsed_plain,52,51+,1024,0.5811458826065063,0.9642857313156128,1.0,0.0,0.03571426868438721
collapsed_plain,collapsed_plain,53,51+,0,-2.1797311305999756,0.145454540848732,0.0,0.0,0.8545454740524292
collapsed_plain,collapsed_plain,53,51+,1,-1.2969841957092285,0.5272727012634277,0.20000000298023224,0.0,0.47272729873657227
collapsed_plain,collapsed_plain,53,51+,2,-0.6859378814697266,0.6727272868156433,0.4000000059604645,0.0,0.3272727131843567
collapsed_plain,collapsed_plain,53,51+,4,-0.2328457534313202,0.9818181991577148,0.800000011920929,0.0,0.018181800842285156
collapsed_plain,collapsed_plain,53,51+,8,0.14658896625041962,1.0,1.0,0.23212747275829315,0.0
collapsed_plain,collapsed_plain,53,51+,12,0.3333394229412079,1.0,1.0,0.316903293132782,0.0
collapsed_plain,collapsed_plain,53,51+,16,0.4041258692741394,1.0,1.0,0.3699398338794708,0.0
collapsed_plain,collapsed_plain,53,51+,24,0.4733670949935913,1.0,1.0,0.43910813331604004,0.0
collapsed_plain,collapsed_plain,53,51+,32,0.5177940130233765,1.0,1.0,0.4856613576412201,0.0
collapsed_plain,collapsed_plain,53,51+,48,0.58563631772995,1.0,1.0,0.5490307807922363,0.0
collapsed_plain,collapsed_plain,53,51+,64,0.6359420418739319,1.0,1.0,0.5929068326950073,0.0
collapsed_plain,collapsed_plain,53,51+,96,0.7005789279937744,1.0,1.0,0.6537318229675293,0.0
collapsed_plain,collapsed_plain,53,51+,128,0.7455560564994812,1.0,1.0,0.6963824033737183,0.0
collapsed_plain,collapsed_plain,53,51+,192,0.7976651191711426,1.0,1.0,0.756011426448822,0.0
collapsed_plain,collapsed_plain,53,51+,256,0.8090701103210449,1.0,1.0,0.7980747222900391,0.0
collapsed_plain,collapsed_plain,53,51+,384,0.7710396647453308,1.0,1.0,0.8571234345436096,0.0
collapsed_plain,collapsed_plain,53,51+,512,0.6510716676712036,1.0,1.0,0.8988991379737854,0.0
collapsed_plain,collapsed_plain,53,51+,768,0.4240351617336273,0.9636363387107849,1.0,0.0,0.03636366128921509
collapsed_plain,collapsed_plain,53,51+,1024,0.3894803822040558,0.9272727370262146,1.0,0.0,0.0727272629737854
collapsed_plain,collapsed_plain,56,51+,0,-2.1797311305999756,0.11666666716337204,0.0,0.0,0.8833333253860474
collapsed_plain,collapsed_plain,56,51+,1,-1.6044055223464966,0.36666667461395264,0.043478261679410934,0.0,0.6333333253860474
collapsed_plain,collapsed_plain,56,51+,2,-1.5453459024429321,0.5166666507720947,0.08695652335882187,0.0,0.4833333492279053
collapsed_plain,collapsed_plain,56,51+,4,-1.210902214050293,0.5333333611488342,0.17391304671764374,0.0,0.46666663885116577
collapsed_plain,collapsed_plain,56,51+,8,-1.0872074365615845,0.5666666626930237,0.3478260934352875,0.0,0.4333333373069763
collapsed_plain,collapsed_plain,56,51+,12,-0.867908239364624,0.6833333373069763,0.52173912525177,0.0,0.3166666626930237
collapsed_plain,collapsed_plain,56,51+,16,-1.2054808139801025,0.5,0.695652186870575,0.0,0.5
collapsed_plain,collapsed_plain,56,51+,24,0.11632901430130005,1.0,1.0,0.158451646566391,0.0
collapsed_plain,collapsed_plain,56,51+,32,0.48458224534988403,1.0,1.0,0.3458458185195923,0.0
collapsed_plain,collapsed_plain,56,51+,48,0.5982687473297119,1.0,1.0,0.475354939699173,0.0
collapsed_plain,collapsed_plain,56,51+,64,0.6414059996604919,1.0,1.0,0.5424737930297852,0.0
collapsed_plain,collapsed_plain,56,51+,96,0.725813090801239,1.0,1.0,0.6227065920829773,0.0
collapsed_plain,collapsed_plain,56,51+,128,0.7817380428314209,1.0,1.0,0.6739569306373596,0.0
collapsed_plain,collapsed_plain,56,51+,192,0.8495499491691589,1.0,1.0,0.7415764927864075,0.0
collapsed_plain,collapsed_plain,56,51+,256,0.9005848169326782,1.0,1.0,0.7874300479888916,0.0
collapsed_plain,collapsed_plain,56,51+,384,0.9554554224014282,1.0,1.0,0.8501432538032532,0.0
collapsed_plain,collapsed_plain,56,51+,512,0.9533647894859314,1.0,1.0,0.8937063217163086,0.0
collapsed_plain,collapsed_plain,56,51+,768,0.5834769010543823,0.9666666388511658,1.0,0.0,0.03333336114883423
collapsed_plain,collapsed_plain,56,51+,1024,-0.331086665391922,0.8166666626930237,1.0,0.0,0.18333333730697632
collapsed_plain,late_state_ce,1,0,0,-1.9861469268798828,0.12727272510528564,0.0,0.0,0.8727272748947144
collapsed_plain,late_state_ce,1,0,1,-2.3075079917907715,0.6363636255264282,0.20000000298023224,0.0,0.3636363744735718
collapsed_plain,late_state_ce,1,0,2,-2.2835986614227295,0.7818182110786438,0.4000000059604645,0.0,0.2181817889213562
collapsed_plain,late_state_ce,1,0,4,-2.1474356651306152,0.9454545378684998,0.800000011920929,0.0,0.054545462131500244
collapsed_plain,late_state_ce,1,0,8,-1.806656837463379,1.0,1.0,0.23212747275829315,0.0
collapsed_plain,late_state_ce,1,0,12,-1.3721712827682495,1.0,1.0,0.316903293132782,0.0
collapsed_plain,late_state_ce,1,0,16,-1.1853686571121216,1.0,1.0,0.3699398338794708,0.0
collapsed_plain,late_state_ce,1,0,24,-1.0228701829910278,1.0,1.0,0.43910813331604004,0.0
collapsed_plain,late_state_ce,1,0,32,-0.8526975512504578,1.0,1.0,0.4856613576412201,0.0
collapsed_plain,late_state_ce,1,0,48,-0.1593138873577118,1.0,1.0,0.5490307807922363,0.0
collapsed_plain,late_state_ce,1,0,64,0.3443785607814789,1.0,1.0,0.5929068326950073,0.0
collapsed_plain,late_state_ce,1,0,96,0.9540238380432129,1.0,1.0,0.6537318229675293,0.0
collapsed_plain,late_state_ce,1,0,128,1.5047059059143066,1.0,1.0,0.6963824033737183,0.0
collapsed_plain,late_state_ce,1,0,192,1.6919145584106445,1.0,1.0,0.756011426448822,0.0
collapsed_plain,late_state_ce,1,0,256,1.5149250030517578,1.0,1.0,0.7980747222900391,0.0
collapsed_plain,late_state_ce,1,0,384,1.1546186208724976,1.0,1.0,0.8571234345436096,0.0
collapsed_plain,late_state_ce,1,0,512,0.9496258497238159,1.0,1.0,0.8988991379737854,0.0
collapsed_plain,late_state_ce,1,0,768,0.7533464431762695,1.0,1.0,0.9576619863510132,0.0
collapsed_plain,late_state_ce,1,0,1024,0.6177045106887817,1.0,1.0,0.9992954134941101,0.0
collapsed_plain,late_state_ce,4,0,0,-1.9861469268798828,0.1071428582072258,0.0,0.0,0.8928571343421936
collapsed_plain,late_state_ce,4,0,1,-2.5524747371673584,0.5357142686843872,0.20000000298023224,0.0,0.4642857313156128
collapsed_plain,late_state_ce,4,0,2,-2.21787428855896,0.6607142686843872,0.4000000059604645,0.0,0.3392857313156128
collapsed_plain,late_state_ce,4,0,4,-1.9964983463287354,0.9107142686843872,0.800000011920929,0.0,0.08928573131561279
collapsed_plain,late_state_ce,4,0,8,-1.7583597898483276,1.0,1.0,0.23212747275829315,0.0
collapsed_plain,late_state_ce,4,0,12,-1.2830692529678345,1.0,1.0,0.316903293132782,0.0
collapsed_plain,late_state_ce,4,0,16,-1.0954827070236206,1.0,1.0,0.3699398338794708,0.0
collapsed_plain,late_state_ce,4,0,24,-0.9369874596595764,1.0,1.0,0.43910813331604004,0.0
collapsed_plain,late_state_ce,4,0,32,-0.8006079196929932,1.0,1.0,0.4856613576412201,0.0
collapsed_plain,late_state_ce,4,0,48,-0.07771594077348709,1.0,1.0,0.5490307807922363,0.0
collapsed_plain,late_state_ce,4,0,64,0.5999799370765686,1.0,1.0,0.5929068326950073,0.0
collapsed_plain,late_state_ce,4,0,96,1.327736258506775,1.0,1.0,0.6537318229675293,0.0
collapsed_plain,late_state_ce,4,0,128,1.7140567302703857,1.0,1.0,0.6963824033737183,0.0
collapsed_plain,late_state_ce,4,0,192,1.7651361227035522,1.0,1.0,0.756011426448822,0.0
collapsed_plain,late_state_ce,4,0,256,1.6505948305130005,1.0,1.0,0.7980747222900391,0.0
collapsed_plain,late_state_ce,4,0,384,1.2979695796966553,1.0,1.0,0.8571234345436096,0.0
collapsed_plain,late_state_ce,4,0,512,1.1279351711273193,1.0,1.0,0.8988991379737854,0.0
collapsed_plain,late_state_ce,4,0,768,0.8859988451004028,1.0,1.0,0.9576619863510132,0.0
collapsed_plain,late_state_ce,4,0,1024,0.6561145186424255,1.0,1.0,0.9992954134941101,0.0
collapsed_plain,late_state_ce,8,0,0,-1.9861469268798828,0.09090909361839294,0.0,0.0,0.9090908765792847
collapsed_plain,late_state_ce,8,0,1,-1.9518322944641113,0.6181818246841431,0.20000000298023224,0.0,0.38181817531585693
collapsed_plain,late_state_ce,8,0,2,-1.4284923076629639,0.7454545497894287,0.4000000059604645,0.0,0.2545454502105713
collapsed_plain,late_state_ce,8,0,4,-1.670853614807129,0.9454545378684998,0.800000011920929,0.0,0.054545462131500244
collapsed_plain,late_state_ce,8,0,8,-1.5816638469696045,1.0,1.0,0.23212747275829315,0.0
collapsed_plain,late_state_ce,8,0,12,-1.2463077306747437,1.0,1.0,0.316903293132782,0.0
collapsed_plain,late_state_ce,8,0,16,-1.1107782125473022,1.0,1.0,0.3699398338794708,0.0
collapsed_plain,late_state_ce,8,0,24,-0.9885626435279846,1.0,1.0,0.43910813331604004,0.0
collapsed_plain,late_state_ce,8,0,32,-0.8028767108917236,1.0,1.0,0.4856613576412201,0.0
collapsed_plain,late_state_ce,8,0,48,0.03465048223733902,1.0,1.0,0.5490307807922363,0.0
collapsed_plain,late_state_ce,8,0,64,0.767381489276886,1.0,1.0,0.5929068326950073,0.0
collapsed_plain,late_state_ce,8,0,96,1.4652001857757568,1.0,1.0,0.6537318229675293,0.0
collapsed_plain,late_state_ce,8,0,128,1.7510871887207031,1.0,1.0,0.6963824033737183,0.0
collapsed_plain,late_state_ce,8,0,192,1.7789074182510376,1.0,1.0,0.756011426448822,0.0
collapsed_plain,late_state_ce,8,0,256,1.6683181524276733,1.0,1.0,0.7980747222900391,0.0
collapsed_plain,late_state_ce,8,0,384,1.4419806003570557,1.0,1.0,0.8571234345436096,0.0
collapsed_plain,late_state_ce,8,0,512,1.208899974822998,1.0,1.0,0.8988991379737854,0.0
collapsed_plain,late_state_ce,8,0,768,1.0546925067901611,1.0,1.0,0.9576619863510132,0.0
collapsed_plain,late_state_ce,8,0,1024,0.9419958591461182,1.0,1.0,0.9992954134941101,0.0
collapsed_plain,late_state_ce,9,0,0,-1.9861469268798828,0.1111111119389534,0.0,0.0,0.8888888955116272
collapsed_plain,late_state_ce,9,0,1,-1.8724356889724731,0.5370370149612427,0.1428571492433548,0.0,0.4629629850387573
collapsed_plain,late_state_ce,9,0,2,-1.512131690979004,0.7222222089767456,0.2857142984867096,0.0,0.2777777910232544
collapsed_plain,late_state_ce,9,0,4,-1.5549650192260742,0.6851851940155029,0.5714285969734192,0.0,0.31481480598449707
collapsed_plain,late_state_ce,9,0,8,-1.9009194374084473,1.0,1.0,0.158451646566391,0.0
collapsed_plain,late_state_ce,9,0,12,-1.1853525638580322,1.0,1.0,0.28065648674964905,0.0
collapsed_plain,late_state_ce,9,0,16,-0.8994527459144592,1.0,1.0,0.3458458185195923,0.0
collapsed_plain,late_state_ce,9,0,24,-0.7185022234916687,1.0,1.0,0.4246731996536255,0.0
collapsed_plain,late_state_ce,9,0,32,-0.6284217834472656,1.0,1.0,0.475354939699173,0.0
collapsed_plain,late_state_ce,9,0,48,-0.035622138530015945,1.0,1.0,0.5424737930297852,0.0
collapsed_plain,late_state_ce,9,0,64,0.6601617336273193,1.0,1.0,0.5880987644195557,0.0
collapsed_plain,late_state_ce,9,0,96,1.3546714782714844,1.0,1.0,0.6505963206291199,0.0
collapsed_plain,late_state_ce,9,0,128,1.780163288116455,1.0,1.0,0.6940560936927795,0.0
collapsed_plain,late_state_ce,9,0,192,1.8791875839233398,1.0,1.0,0.7544770836830139,0.0
collapsed_plain,late_state_ce,9,0,256,1.751768946647644,1.0,1.0,0.7969300150871277,0.0
collapsed_plain,late_state_ce,9,0,384,1.2836891412734985,1.0,1.0,0.8563643097877502,0.0
collapsed_plain,late_state_ce,9,0,512,1.074387550354004,1.0,1.0,0.8983312845230103,0.0
collapsed_plain,late_state_ce,9,0,768,0.7765119671821594,1.0,1.0,0.9572844505310059,0.0
collapsed_plain,late_state_ce,9,0,1024,0.592944324016571,1.0,1.0,0.9990125894546509,0.0
collapsed_plain,late_state_ce,12,1-2,0,-1.9861469268798828,0.12727272510528564,0.0,0.0,0.8727272748947144
collapsed_plain,late_state_ce,12,1-2,1,-1.7229779958724976,0.5454545617103577,0.20000000298023224,0.0,0.45454543828964233
collapsed_plain,late_state_ce,12,1-2,2,-1.7892563343048096,0.6727272868156433,0.4000000059604645,0.0,0.3272727131843567
collapsed_plain,late_state_ce,12,1-2,4,-1.3888098001480103,0.8909090757369995,0.800000011920929,0.0,0.10909092426300049
collapsed_plain,late_state_ce,12,1-2,8,-1.4320261478424072,1.0,1.0,0.23212747275829315,0.0
collapsed_plain,late_state_ce,12,1-2,12,-1.1089773178100586,1.0,1.0,0.316903293132782,0.0
collapsed_plain,late_state_ce,12,1-2,16,-0.9700485467910767,1.0,1.0,0.3699398338794708,0.0
collapsed_plain,late_state_ce,12,1-2,24,-0.8612136244773865,1.0,1.0,0.43910813331604004,0.0
collapsed_plain,late_state_ce,12,1-2,32,-0.6936545968055725,1.0,1.0,0.4856613576412201,0.0
collapsed_plain,late_state_ce,12,1-2,48,0.024982770904898643,1.0,1.0,0.5490307807922363,0.0
collapsed_plain,late_state_ce,12,1-2,64,0.6119303703308105,1.0,1.0,0.5929068326950073,0.0
collapsed_plain,late_state_ce,12,1-2,96,1.2145802974700928,1.0,1.0,0.6537318229675293,0.0
collapsed_plain,late_state_ce,12,1-2,128,1.6130567789077759,1.0,1.0,0.6963824033737183,0.0
collapsed_plain,late_state_ce,12,1-2,192,1.7642416954040527,1.0,1.0,0.756011426448822,0.0
collapsed_plain,late_state_ce,12,1-2,256,1.6978005170822144,1.0,1.0,0.7980747222900391,0.0
collapsed_plain,late_state_ce,12,1-2,384,1.3716037273406982,1.0,1.0,0.8571234345436096,0.0
collapsed_plain,late_state_ce,12,1-2,512,1.088788628578186,1.0,1.0,0.8988991379737854,0.0
collapsed_plain,late_state_ce,12,1-2,768,0.9399642944335938,1.0,1.0,0.9576619863510132,0.0
collapsed_plain,late_state_ce,12,1-2,1024,0.8146089315414429,1.0,1.0,0.9992954134941101,0.0
collapsed_plain,late_state_ce,13,1-2,0,-1.9861469268798828,0.1090909093618393,0.0,0.0,0.8909090757369995
collapsed_plain,late_state_ce,13,1-2,1,-2.0052175521850586,0.5636363625526428,0.03703703731298447,0.0,0.4363636374473572
collapsed_plain,late_state_ce,13,1-2,2,-1.7355467081069946,0.5636363625526428,0.07407407462596893,0.0,0.4363636374473572
collapsed_plain,late_state_ce,13,1-2,4,-1.4096235036849976,0.6727272868156433,0.14814814925193787,0.0,0.3272727131843567
collapsed_plain,late_state_ce,13,1-2,8,-1.347210168838501,0.6727272868156433,0.29629629850387573,0.0,0.3272727131843567
collapsed_plain,late_state_ce,13,1-2,12,-0.9646856784820557,0.6000000238418579,0.4444444477558136,0.0,0.3999999761581421
collapsed_plain,late_state_ce,13,1-2,16,-1.2221605777740479,0.6000000238418579,0.5925925970077515,0.0,0.3999999761581421
collapsed_plain,late_state_ce,13,1-2,24,-1.2775259017944336,0.7090908885002136,0.8888888955116272,0.0,0.2909091114997864
collapsed_plain,late_state_ce,13,1-2,32,-1.339259386062622,1.0,1.0,0.28065648674964905,0.0
collapsed_plain,late_state_ce,13,1-2,48,-0.8750888705253601,1.0,1.0,0.4522289037704468,0.0
collapsed_plain,late_state_ce,13,1-2,64,-0.36797982454299927,1.0,1.0,0.5283914804458618,0.0
collapsed_plain,late_state_ce,13,1-2,96,0.213683620095253,1.0,1.0,0.6148016452789307,0.0
collapsed_plain,late_state_ce,13,1-2,128,0.5613259673118591,1.0,1.0,0.6684618592262268,0.0
collapsed_plain,late_state_ce,13,1-2,192,1.227662205696106,1.0,1.0,0.738162636756897,0.0
collapsed_plain,late_state_ce,13,1-2,256,1.485672116279602,1.0,1.0,0.7849539518356323,0.0
collapsed_plain,late_state_ce,13,1-2,384,1.295922875404358,1.0,1.0,0.8485451340675354,0.0
collapsed_plain,late_state_ce,13,1-2,512,1.1149203777313232,1.0,1.0,0.8925265073776245,0.0
collapsed_plain,late_state_ce,13,1-2,768,0.7800804376602173,1.0,1.0,0.9534534215927124,0.0
collapsed_plain,late_state_ce,13,1-2,1024,0.5129634737968445,1.0,1.0,0.996153712272644,0.0
collapsed_plain,late_state_ce,20,1-2,0,-1.9861469268798828,0.125,0.0,0.0,0.875
collapsed_plain,late_state_ce,20,1-2,1,-2.6207528114318848,0.5892857313156128,0.1666666716337204,0.0,0.4107142686843872
collapsed_plain,late_state_ce,20,1-2,2,-2.2976362705230713,0.6607142686843872,0.3333333432674408,0.0,0.3392857313156128
collapsed_plain,late_state_ce,20,1-2,4,-1.9321459531784058,0.875,0.6666666865348816,0.0,0.125
collapsed_plain,late_state_ce,20,1-2,8,-1.6516835689544678,1.0,1.0,0.19994372129440308,0.0
collapsed_plain,late_state_ce,20,1-2,12,-1.3105944395065308,1.0,1.0,0.2999155819416046,0.0
collapsed_plain,late_state_ce,20,1-2,16,-1.1809664964675903,1.0,1.0,0.35839536786079407,0.0
collapsed_plain,late_state_ce,20,1-2,24,-1.0382397174835205,1.0,1.0,0.43207117915153503,0.0
collapsed_plain,late_state_ce,20,1-2,32,-0.8636984825134277,1.0,1.0,0.4806002080440521,0.0
collapsed_plain,late_state_ce,20,1-2,48,-0.11495018750429153,1.0,1.0,0.5457895398139954,0.0
collapsed_plain,late_state_ce,20,1-2,64,0.6913236379623413,1.0,1.0,0.590522825717926,0.0
collapsed_plain,late_state_ce,20,1-2,96,1.4810670614242554,1.0,1.0,0.6521726250648499,0.0
collapsed_plain,late_state_ce,20,1-2,128,1.752076268196106,1.0,1.0,0.6952239274978638,0.0
collapsed_plain,late_state_ce,20,1-2,192,1.8170199394226074,1.0,1.0,0.7552462816238403,0.0
collapsed_plain,late_state_ce,20,1-2,256,1.6791707277297974,1.0,1.0,0.7975034713745117,0.0
collapsed_plain,late_state_ce,20,1-2,384,1.2470861673355103,1.0,1.0,0.8567444086074829,0.0
collapsed_plain,late_state_ce,20,1-2,512,1.109182357788086,1.0,1.0,0.8986155390739441,0.0
collapsed_plain,late_state_ce,20,1-2,768,0.8777230381965637,1.0,1.0,0.9574733972549438,0.0
collapsed_plain,late_state_ce,20,1-2,1024,0.6556103229522705,1.0,1.0,0.9991540908813477,0.0
collapsed_plain,late_state_ce,22,1-2,0,-1.9861469268798828,0.09375,0.0,0.0,0.90625
collapsed_plain,late_state_ce,22,1-2,1,-1.9508527517318726,0.40625,0.1666666716337204,0.0,0.59375
collapsed_plain,late_state_ce,22,1-2,2,-1.5127770900726318,0.5625,0.3333333432674408,0.0,0.4375
collapsed_plain,late_state_ce,22,1-2,4,-1.8156626224517822,0.859375,0.6666666865348816,0.0,0.140625
collapsed_plain,late_state_ce,22,1-2,8,-1.5958434343338013,1.0,1.0,0.19994372129440308,0.0
collapsed_plain,late_state_ce,22,1-2,12,-1.015452265739441,1.0,1.0,0.2999155819416046,0.0
collapsed_plain,late_state_ce,22,1-2,16,-0.814910888671875,1.0,1.0,0.35839536786079407,0.0
collapsed_plain,late_state_ce,22,1-2,24,-0.7157953977584839,1.0,1.0,0.43207117915153503,0.0
collapsed_plain,late_state_ce,22,1-2,32,-0.53670334815979,1.0,1.0,0.4806002080440521,0.0
collapsed_plain,late_state_ce,22,1-2,48,0.27755746245384216,1.0,1.0,0.5457895398139954,0.0
collapsed_plain,late_state_ce,22,1-2,64,0.7878162860870361,1.0,1.0,0.590522825717926,0.0
collapsed_plain,late_state_ce,22,1-2,96,1.5970724821090698,1.0,1.0,0.6521726250648499,0.0
collapsed_plain,late_state_ce,22,1-2,128,1.895400881767273,1.0,1.0,0.6952239274978638,0.0
collapsed_plain,late_state_ce,22,1-2,192,1.965063452720642,1.0,1.0,0.7552462816238403,0.0
collapsed_plain,late_state_ce,22,1-2,256,1.7680860757827759,1.0,1.0,0.7975034713745117,0.0
collapsed_plain,late_state_ce,22,1-2,384,1.5560173988342285,1.0,1.0,0.8567444086074829,0.0
collapsed_plain,late_state_ce,22,1-2,512,1.4543055295944214,1.0,1.0,0.8986155390739441,0.0
collapsed_plain,late_state_ce,22,1-2,768,1.2785701751708984,1.0,1.0,0.9574733972549438,0.0
collapsed_plain,late_state_ce,22,1-2,1024,1.1393271684646606,1.0,1.0,0.9991540908813477,0.0
collapsed_plain,late_state_ce,27,3-10,0,-1.9861469268798828,0.072727270424366,0.0,0.0,0.9272727370262146
collapsed_plain,late_state_ce,27,3-10,1,-1.662933349609375,0.581818163394928,0.20000000298023224,0.0,0.418181836605072
collapsed_plain,late_state_ce,27,3-10,2,-1.1107797622680664,0.6545454263687134,0.4000000059604645,0.0,0.3454545736312866
collapsed_plain,late_state_ce,27,3-10,4,-1.1800199747085571,0.8727272748947144,0.800000011920929,0.0,0.12727272510528564
collapsed_plain,late_state_ce,27,3-10,8,-1.4192664623260498,1.0,1.0,0.23212747275829315,0.0
collapsed_plain,late_state_ce,27,3-10,12,-1.0719071626663208,1.0,1.0,0.316903293132782,0.0
collapsed_plain,late_state_ce,27,3-10,16,-0.8986748456954956,1.0,1.0,0.3699398338794708,0.0
collapsed_plain,late_state_ce,27,3-10,24,-0.7198856472969055,1.0,1.0,0.43910813331604004,0.0
collapsed_plain,late_state_ce,27,3-10,32,-0.5604841113090515,1.0,1.0,0.4856613576412201,0.0
collapsed_plain,late_state_ce,27,3-10,48,0.05970941111445427,1.0,1.0,0.5490307807922363,0.0
collapsed_plain,late_state_ce,27,3-10,64,0.6769598126411438,1.0,1.0,0.5929068326950073,0.0
collapsed_plain,late_state_ce,27,3-10,96,1.4512441158294678,1.0,1.0,0.6537318229675293,0.0
collapsed_plain,late_state_ce,27,3-10,128,1.7614705562591553,1.0,1.0,0.6963824033737183,0.0
collapsed_plain,late_state_ce,27,3-10,192,1.6597789525985718,1.0,1.0,0.756011426448822,0.0
collapsed_plain,late_state_ce,27,3-10,256,1.3757773637771606,1.0,1.0,0.7980747222900391,0.0
collapsed_plain,late_state_ce,27,3-10,384,1.0263128280639648,1.0,1.0,0.8571234345436096,0.0
collapsed_plain,late_state_ce,27,3-10,512,0.7892931699752808,1.0,1.0,0.8988991379737854,0.0
collapsed_plain,late_state_ce,27,3-10,768,0.6616265177726746,1.0,1.0,0.9576619863510132,0.0
collapsed_plain,late_state_ce,27,3-10,1024,0.49264422059059143,1.0,1.0,0.9992954134941101,0.0
collapsed_plain,late_state_ce,29,3-10,0,-1.9861469268798828,0.07407407462596893,0.0,0.0,0.9259259104728699
collapsed_plain,late_state_ce,29,3-10,1,-1.5791155099868774,0.4444444477558136,0.1666666716337204,0.0,0.5555555820465088
collapsed_plain,late_state_ce,29,3-10,2,-1.6112349033355713,0.6111111044883728,0.3333333432674408,0.0,0.3888888955116272
collapsed_plain,late_state_ce,29,3-10,4,-1.4515451192855835,0.7592592835426331,0.6666666865348816,0.0,0.24074071645736694
collapsed_plain,late_state_ce,29,3-10,8,-1.1223028898239136,1.0,1.0,0.19994372129440308,0.0
collapsed_plain,late_state_ce,29,3-10,12,-0.7998582720756531,1.0,1.0,0.2999155819416046,0.0
collapsed_plain,late_state_ce,29,3-10,16,-0.6841800808906555,1.0,1.0,0.35839536786079407,0.0
collapsed_plain,late_state_ce,29,3-10,24,-0.5954804420471191,1.0,1.0,0.43207117915153503,0.0
collapsed_plain,late_state_ce,29,3-10,32,-0.4717630445957184,1.0,1.0,0.4806002080440521,0.0
collapsed_plain,late_state_ce,29,3-10,48,0.04209629446268082,1.0,1.0,0.5457895398139954,0.0
collapsed_plain,late_state_ce,29,3-10,64,0.43388721346855164,1.0,1.0,0.590522825717926,0.0
collapsed_plain,late_state_ce,29,3-10,96,1.0004745721817017,1.0,1.0,0.6521726250648499,0.0
collapsed_plain,late_state_ce,29,3-10,128,1.2748651504516602,1.0,1.0,0.6952239274978638,0.0
collapsed_plain,late_state_ce,29,3-10,192,1.4937375783920288,1.0,1.0,0.7552462816238403,0.0
collapsed_plain,late_state_ce,29,3-10,256,1.5045520067214966,1.0,1.0,0.7975034713745117,0.0
collapsed_plain,late_state_ce,29,3-10,384,1.112374186515808,1.0,1.0,0.8567444086074829,0.0
collapsed_plain,late_state_ce,29,3-10,512,0.8345405459403992,1.0,1.0,0.8986155390739441,0.0
collapsed_plain,late_state_ce,29,3-10,768,0.6560409069061279,1.0,1.0,0.9574733972549438,0.0
collapsed_plain,late_state_ce,29,3-10,1024,0.608174741268158,1.0,1.0,0.9991540908813477,0.0
collapsed_plain,late_state_ce,30,3-10,0,-1.9861469268798828,0.1071428582072258,0.0,0.0,0.8928571343421936
collapsed_plain,late_state_ce,30,3-10,1,-1.9100544452667236,0.4464285671710968,0.1666666716337204,0.0,0.5535714626312256
collapsed_plain,late_state_ce,30,3-10,2,-1.4695162773132324,0.6428571343421936,0.3333333432674408,0.0,0.3571428656578064
collapsed_plain,late_state_ce,30,3-10,4,-1.2649428844451904,0.7142857313156128,0.6666666865348816,0.0,0.2857142686843872
collapsed_plain,late_state_ce,30,3-10,8,-1.6357449293136597,1.0,1.0,0.19994372129440308,0.0
collapsed_plain,late_state_ce,30,3-10,12,-1.168365716934204,1.0,1.0,0.2999155819416046,0.0
collapsed_plain,late_state_ce,30,3-10,16,-0.9882462024688721,1.0,1.0,0.35839536786079407,0.0
collapsed_plain,late_state_ce,30,3-10,24,-0.8553788661956787,1.0,1.0,0.43207117915153503,0.0
collapsed_plain,late_state_ce,30,3-10,32,-0.6854332685470581,1.0,1.0,0.4806002080440521,0.0
collapsed_plain,late_state_ce,30,3-10,48,0.008556876331567764,1.0,1.0,0.5457895398139954,0.0
collapsed_plain,late_state_ce,30,3-10,64,0.5388210415840149,1.0,1.0,0.590522825717926,0.0
collapsed_plain,late_state_ce,30,3-10,96,1.194043755531311,1.0,1.0,0.6521726250648499,0.0
collapsed_plain,late_state_ce,30,3-10,128,1.6000674962997437,1.0,1.0,0.6952239274978638,0.0
collapsed_plain,late_state_ce,30,3-10,192,1.7710671424865723,1.0,1.0,0.7552462816238403,0.0
collapsed_plain,late_state_ce,30,3-10,256,1.6919630765914917,1.0,1.0,0.7975034713745117,0.0
collapsed_plain,late_state_ce,30,3-10,384,1.3319687843322754,1.0,1.0,0.8567444086074829,0.0
collapsed_plain,late_state_ce,30,3-10,512,1.1392161846160889,1.0,1.0,0.8986155390739441,0.0
collapsed_plain,late_state_ce,30,3-10,768,0.7891417145729065,1.0,1.0,0.9574733972549438,0.0
collapsed_plain,late_state_ce,30,3-10,1024,0.5992463231086731,1.0,1.0,0.9991540908813477,0.0
collapsed_plain,late_state_ce,35,3-10,0,-1.9861469268798828,0.08620689809322357,0.0,0.0,0.9137930870056152
collapsed_plain,late_state_ce,35,3-10,1,-1.9070031642913818,0.3965517282485962,0.07692307978868484,0.0,0.6034482717514038
collapsed_plain,late_state_ce,35,3-10,2,-1.6604357957839966,0.5,0.1538461595773697,0.0,0.5
collapsed_plain,late_state_ce,35,3-10,4,-0.9045543074607849,0.48275861144065857,0.3076923191547394,0.0,0.517241358757019
collapsed_plain,late_state_ce,35,3-10,8,-0.9012898206710815,0.6551724076271057,0.6153846383094788,0.0,0.3448275923728943
collapsed_plain,late_state_ce,35,3-10,12,-0.9310031533241272,0.8103448152542114,0.9230769276618958,0.0,0.18965518474578857
collapsed_plain,late_state_ce,35,3-10,16,-1.4274468421936035,1.0,1.0,0.23212747275829315,0.0
collapsed_plain,late_state_ce,35,3-10,24,-1.1809214353561401,1.0,1.0,0.3699398338794708,0.0
collapsed_plain,late_state_ce,35,3-10,32,-0.937558114528656,1.0,1.0,0.43910813331604004,0.0
collapsed_plain,late_state_ce,35,3-10,48,-0.46132713556289673,1.0,1.0,0.5207987427711487,0.0
collapsed_plain,late_state_ce,35,3-10,64,0.11932321637868881,1.0,1.0,0.5726308226585388,0.0
collapsed_plain,late_state_ce,35,3-10,96,0.9734954237937927,1.0,1.0,0.6407586932182312,0.0
collapsed_plain,late_state_ce,35,3-10,128,1.5151796340942383,1.0,1.0,0.6868431568145752,0.0
collapsed_plain,late_state_ce,35,3-10,192,1.6339561939239502,1.0,1.0,0.7497735023498535,0.0
collapsed_plain,late_state_ce,35,3-10,256,1.5671204328536987,1.0,1.0,0.7934404611587524,0.0
collapsed_plain,late_state_ce,35,3-10,384,1.2827600240707397,1.0,1.0,0.8540627360343933,0.0
collapsed_plain,late_state_ce,35,3-10,512,1.0997508764266968,1.0,1.0,0.8966143131256104,0.0
collapsed_plain,late_state_ce,35,3-10,768,0.7620202898979187,1.0,1.0,0.9561457633972168,0.0
collapsed_plain,late_state_ce,35,3-10,1024,0.5525785088539124,1.0,1.0,0.9981608390808105,0.0
collapsed_plain,late_state_ce,36,11-50,0,-1.9861469268798828,0.09090909361839294,0.0,0.0,0.9090908765792847
collapsed_plain,late_state_ce,36,11-50,1,-0.8035568594932556,0.5090909004211426,0.20000000298023224,0.0,0.4909090995788574
collapsed_plain,late_state_ce,36,11-50,2,-1.2306073904037476,0.6909090876579285,0.4000000059604645,0.0,0.30909091234207153
collapsed_plain,late_state_ce,36,11-50,4,-0.9584210515022278,0.9272727370262146,0.800000011920929,0.0,0.0727272629737854
collapsed_plain,late_state_ce,36,11-50,8,-0.8439176678657532,1.0,1.0,0.23212747275829315,0.0
collapsed_plain,late_state_ce,36,11-50,12,-0.5723099112510681,1.0,1.0,0.316903293132782,0.0
collapsed_plain,late_state_ce,36,11-50,16,-0.4065496325492859,1.0,1.0,0.3699398338794708,0.0
collapsed_plain,late_state_ce,36,11-50,24,-0.2879910171031952,1.0,1.0,0.43910813331604004,0.0
collapsed_plain,late_state_ce,36,11-50,32,-0.20253267884254456,1.0,1.0,0.4856613576412201,0.0
collapsed_plain,late_state_ce,36,11-50,48,0.3110659718513489,1.0,1.0,0.5490307807922363,0.0
collapsed_plain,late_state_ce,36,11-50,64,0.7925763130187988,1.0,1.0,0.5929068326950073,0.0
collapsed_plain,late_state_ce,36,11-50,96,1.2443459033966064,1.0,1.0,0.6537318229675293,0.0
collapsed_plain,late_state_ce,36,11-50,128,1.660859227180481,1.0,1.0,0.6963824033737183,0.0
collapsed_plain,late_state_ce,36,11-50,192,1.8517656326293945,1.0,1.0,0.756011426448822,0.0
collapsed_plain,late_state_ce,36,11-50,256,1.760500192642212,1.0,1.0,0.7980747222900391,0.0
collapsed_plain,late_state_ce,36,11-50,384,1.322155237197876,1.0,1.0,0.8571234345436096,0.0
collapsed_plain,late_state_ce,36,11-50,512,1.1220868825912476,1.0,1.0,0.8988991379737854,0.0
collapsed_plain,late_state_ce,36,11-50,768,0.8012544512748718,1.0,1.0,0.9576619863510132,0.0
collapsed_plain,late_state_ce,36,11-50,1024,0.5562540292739868,1.0,1.0,0.9992954134941101,0.0
collapsed_plain,late_state_ce,38,11-50,0,-1.9861469268798828,0.1090909093618393,0.0,0.0,0.8909090757369995
collapsed_plain,late_state_ce,38,11-50,1,-2.3139946460723877,0.4909090995788574,0.1666666716337204,0.0,0.5090909004211426
collapsed_plain,late_state_ce,38,11-50,2,-2.1865928173065186,0.6363636255264282,0.3333333432674408,0.0,0.3636363744735718
collapsed_plain,late_state_ce,38,11-50,4,-1.869720220565796,0.8181818127632141,0.6666666865348816,0.0,0.1818181872367859
collapsed_plain,late_state_ce,38,11-50,8,-1.3436954021453857,1.0,1.0,0.19994372129440308,0.0
collapsed_plain,late_state_ce,38,11-50,12,-0.9836918115615845,1.0,1.0,0.2999155819416046,0.0
collapsed_plain,late_state_ce,38,11-50,16,-0.845431387424469,1.0,1.0,0.35839536786079407,0.0
collapsed_plain,late_state_ce,38,11-50,24,-0.69207364320755,1.0,1.0,0.43207117915153503,0.0
collapsed_plain,late_state_ce,38,11-50,32,-0.4718938171863556,1.0,1.0,0.4806002080440521,0.0
collapsed_plain,late_state_ce,38,11-50,48,0.3251744210720062,1.0,1.0,0.5457895398139954,0.0
collapsed_plain,late_state_ce,38,11-50,64,0.913804292678833,1.0,1.0,0.590522825717926,0.0
collapsed_plain,late_state_ce,38,11-50,96,1.604178786277771,1.0,1.0,0.6521726250648499,0.0
collapsed_plain,late_state_ce,38,11-50,128,1.8573328256607056,1.0,1.0,0.6952239274978638,0.0
collapsed_plain,late_state_ce,38,11-50,192,1.9063987731933594,1.0,1.0,0.7552462816238403,0.0
collapsed_plain,late_state_ce,38,11-50,256,1.8666820526123047,1.0,1.0,0.7975034713745117,0.0
collapsed_plain,late_state_ce,38,11-50,384,1.6358894109725952,1.0,1.0,0.8567444086074829,0.0
collapsed_plain,late_state_ce,38,11-50,512,1.465386986732483,1.0,1.0,0.8986155390739441,0.0
collapsed_plain,late_state_ce,38,11-50,768,1.264864206314087,1.0,1.0,0.9574733972549438,0.0
collapsed_plain,late_state_ce,38,11-50,1024,1.1550467014312744,1.0,1.0,0.9991540908813477,0.0
collapsed_plain,late_state_ce,41,11-50,0,-1.9861469268798828,0.08771929889917374,0.0,0.0,0.9122806787490845
collapsed_plain,late_state_ce,41,11-50,1,-1.5597683191299438,0.5438596606254578,0.25,0.0,0.45614033937454224
collapsed_plain,late_state_ce,41,11-50,2,-1.7653229236602783,0.7894737124443054,0.5,0.0,0.21052628755569458
collapsed_plain,late_state_ce,41,11-50,4,-1.6149234771728516,1.0,1.0,0.09997186064720154,0.0
collapsed_plain,late_state_ce,41,11-50,8,-1.176047444343567,1.0,1.0,0.25842350721359253,0.0
collapsed_plain,late_state_ce,41,11-50,12,-0.8481720089912415,1.0,1.0,0.3320993185043335,0.0
collapsed_plain,late_state_ce,41,11-50,16,-0.7226207256317139,1.0,1.0,0.3806283473968506,0.0
collapsed_plain,late_state_ce,41,11-50,24,-0.636847972869873,1.0,1.0,0.4458176791667938,0.0
collapsed_plain,late_state_ce,41,11-50,32,-0.5297232866287231,1.0,1.0,0.4905509650707245,0.0
collapsed_plain,late_state_ce,41,11-50,48,0.216512069106102,1.0,1.0,0.5522007346153259,0.0
collapsed_plain,late_state_ce,41,11-50,64,0.9811148047447205,1.0,1.0,0.5952520370483398,0.0
collapsed_plain,late_state_ce,41,11-50,96,1.7356209754943848,1.0,1.0,0.6552744507789612,0.0
collapsed_plain,late_state_ce,41,11-50,128,2.1502060890197754,1.0,1.0,0.6975316405296326,0.0
collapsed_plain,late_state_ce,41,11-50,192,2.1772210597991943,1.0,1.0,0.756772518157959,0.0
collapsed_plain,late_state_ce,41,11-50,256,2.0363433361053467,1.0,1.0,0.7986436486244202,0.0
collapsed_plain,late_state_ce,41,11-50,384,1.806600570678711,1.0,1.0,0.8575015068054199,0.0
collapsed_plain,late_state_ce,41,11-50,512,1.6690382957458496,1.0,1.0,0.8991822004318237,0.0
collapsed_plain,late_state_ce,41,11-50,768,1.4469200372695923,1.0,1.0,0.9578503966331482,0.0
collapsed_plain,late_state_ce,41,11-50,1024,1.3668361902236938,1.0,1.0,0.999436616897583,0.0
collapsed_plain,late_state_ce,47,11-50,0,-1.9861469268798828,0.08771929889917374,0.0,0.0,0.9122806787490845
collapsed_plain,late_state_ce,47,11-50,1,-1.7908185720443726,0.4385964870452881,0.014925372786819935,0.0,0.5614035129547119
collapsed_plain,late_state_ce,47,11-50,2,-1.3297580480575562,0.4035087823867798,0.02985074557363987,0.0,0.5964912176132202
collapsed_plain,late_state_ce,47,11-50,4,-0.8546198010444641,0.3684210479259491,0.05970149114727974,0.0,0.6315789222717285
collapsed_plain,late_state_ce,47,11-50,8,-0.7616351842880249,0.2982456088066101,0.11940298229455948,0.0,0.7017543911933899
collapsed_plain,late_state_ce,47,11-50,12,-0.7543354034423828,0.4035087823867798,0.17910447716712952,0.0,0.5964912176132202
collapsed_plain,late_state_ce,47,11-50,16,-0.7330793738365173,0.5614035129547119,0.23880596458911896,0.0,0.4385964870452881
collapsed_plain,late_state_ce,47,11-50,24,-0.9292522072792053,0.4035087823867798,0.35820895433425903,0.0,0.5964912176132202
collapsed_plain,late_state_ce,47,11-50,32,-0.9026108384132385,0.31578946113586426,0.4776119291782379,0.0,0.6842105388641357
collapsed_plain,late_state_ce,47,11-50,48,-0.920135498046875,0.35087719559669495,0.7164179086685181,0.0,0.6491228342056274
collapsed_plain,late_state_ce,47,11-50,64,-1.168066143989563,0.5087719559669495,0.9552238583564758,0.0,0.49122804403305054
collapsed_plain,late_state_ce,47,11-50,96,-1.0777978897094727,1.0,1.0,0.4952802062034607,0.0
collapsed_plain,late_state_ce,47,11-50,128,-0.40171751379966736,1.0,1.0,0.5975597500801086,0.0
collapsed_plain,late_state_ce,47,11-50,192,0.21107816696166992,1.0,1.0,0.698671817779541,0.0
collapsed_plain,late_state_ce,47,11-50,256,0.624890923500061,1.0,1.0,0.7575296759605408,0.0
collapsed_plain,late_state_ce,47,11-50,384,1.015106439590454,1.0,1.0,0.8315072059631348,0.0
collapsed_plain,late_state_ce,47,11-50,512,1.0867464542388916,1.0,1.0,0.8801653385162354,0.0
collapsed_plain,late_state_ce,47,11-50,768,0.6642619967460632,1.0,1.0,0.9454719424247742,0.0
collapsed_plain,late_state_ce,47,11-50,1024,0.4231623113155365,1.0,1.0,0.9902599453926086,0.0
collapsed_plain,late_state_ce,51,51+,0,-1.9861469268798828,0.12068965286016464,0.0,0.0,0.8793103694915771
collapsed_plain,late_state_ce,51,51+,1,-2.209319591522217,0.4137931168079376,0.125,0.0,0.5862069129943848
collapsed_plain,late_state_ce,51,51+,2,-2.003755807876587,0.43103447556495667,0.25,0.0,0.5689655542373657
collapsed_plain,late_state_ce,51,51+,4,-1.7433007955551147,0.6724137663841248,0.5,0.0,0.32758623361587524
collapsed_plain,late_state_ce,51,51+,8,-1.9295063018798828,1.0,1.0,0.09997186064720154,0.0
collapsed_plain,late_state_ce,51,51+,12,-1.3870632648468018,1.0,1.0,0.25842350721359253,0.0
collapsed_plain,late_state_ce,51,51+,16,-1.0239554643630981,1.0,1.0,0.3320993185043335,0.0
collapsed_plain,late_state_ce,51,51+,24,-0.8125768899917603,1.0,1.0,0.4168751537799835,0.0
collapsed_plain,late_state_ce,51,51+,32,-0.7549689412117004,1.0,1.0,0.46991166472435,0.0
collapsed_plain,late_state_ce,51,51+,48,-0.15880437195301056,1.0,1.0,0.539080023765564,0.0
collapsed_plain,late_state_ce,51,51+,64,0.4374503791332245,1.0,1.0,0.5856332182884216,0.0
collapsed_plain,late_state_ce,51,51+,96,1.104058861732483,1.0,1.0,0.6490026116371155,0.0
collapsed_plain,late_state_ce,51,51+,128,1.4268171787261963,1.0,1.0,0.6928786635398865,0.0
collapsed_plain,late_state_ce,51,51+,192,1.678890585899353,1.0,1.0,0.7537037134170532,0.0
collapsed_plain,late_state_ce,51,51+,256,1.7617151737213135,1.0,1.0,0.7963542938232422,0.0
collapsed_plain,late_state_ce,51,51+,384,1.506766676902771,1.0,1.0,0.8559832572937012,0.0
collapsed_plain,late_state_ce,51,51+,512,1.3619719743728638,1.0,1.0,0.8980465531349182,0.0
collapsed_plain,late_state_ce,51,51+,768,1.0719902515411377,1.0,1.0,0.9570953249931335,0.0
collapsed_plain,late_state_ce,51,51+,1024,0.8736794590950012,1.0,1.0,0.9988710284233093,0.0
collapsed_plain,late_state_ce,52,51+,0,-1.9861469268798828,0.1428571492433548,0.0,0.0,0.8571428656578064
collapsed_plain,late_state_ce,52,51+,1,-2.9492404460906982,0.4642857015132904,0.1111111119389534,0.0,0.5357142686843872
collapsed_plain,late_state_ce,52,51+,2,-2.5750770568847656,0.4464285671710968,0.2222222238779068,0.0,0.5535714626312256
collapsed_plain,late_state_ce,52,51+,4,-1.9390395879745483,0.5714285969734192,0.4444444477558136,0.0,0.4285714030265808
collapsed_plain,late_state_ce,52,51+,8,-2.1644325256347656,0.9285714030265808,0.8888888955116272,0.0,0.07142859697341919
collapsed_plain,late_state_ce,52,51+,12,-1.7616150379180908,1.0,1.0,0.23212747275829315,0.0
collapsed_plain,late_state_ce,52,51+,16,-1.4938002824783325,1.0,1.0,0.316903293132782,0.0
collapsed_plain,late_state_ce,52,51+,24,-1.2192126512527466,1.0,1.0,0.40863126516342163,0.0
collapsed_plain,late_state_ce,52,51+,32,-1.031679630279541,1.0,1.0,0.4642549455165863,0.0
collapsed_plain,late_state_ce,52,51+,48,-0.44715380668640137,1.0,1.0,0.5356044173240662,0.0
collapsed_plain,late_state_ce,52,51+,64,0.04790516570210457,1.0,1.0,0.5831248164176941,0.0
collapsed_plain,late_state_ce,52,51+,96,0.7080831527709961,1.0,1.0,0.647391140460968,0.0
collapsed_plain,late_state_ce,52,51+,128,1.2634532451629639,1.0,1.0,0.6916916370391846,0.0
collapsed_plain,late_state_ce,52,51+,192,1.5807162523269653,1.0,1.0,0.752926230430603,0.0
collapsed_plain,late_state_ce,52,51+,256,1.4772108793258667,1.0,1.0,0.7957761287689209,0.0
collapsed_plain,late_state_ce,52,51+,384,1.1637028455734253,1.0,1.0,0.8556012511253357,0.0
collapsed_plain,late_state_ce,52,51+,512,0.981981635093689,1.0,1.0,0.8977612257003784,0.0
collapsed_plain,late_state_ce,52,51+,768,0.7888811826705933,1.0,1.0,0.9569059014320374,0.0
collapsed_plain,late_state_ce,52,51+,1024,0.5809741020202637,1.0,1.0,0.9987292885780334,0.0
collapsed_plain,late_state_ce,53,51+,0,-1.9861469268798828,0.072727270424366,0.0,0.0,0.9272727370262146
collapsed_plain,late_state_ce,53,51+,1,-1.400450587272644,0.581818163394928,0.20000000298023224,0.0,0.418181836605072
collapsed_plain,late_state_ce,53,51+,2,-1.9230799674987793,0.6909090876579285,0.4000000059604645,0.0,0.30909091234207153
collapsed_plain,late_state_ce,53,51+,4,-1.3988715410232544,0.9818181991577148,0.800000011920929,0.0,0.018181800842285156
collapsed_plain,late_state_ce,53,51+,8,-0.9275637269020081,1.0,1.0,0.23212747275829315,0.0
collapsed_plain,late_state_ce,53,51+,12,-0.6741939187049866,1.0,1.0,0.316903293132782,0.0
collapsed_plain,late_state_ce,53,51+,16,-0.5569584965705872,1.0,1.0,0.3699398338794708,0.0
collapsed_plain,late_state_ce,53,51+,24,-0.5584814548492432,1.0,1.0,0.43910813331604004,0.0
collapsed_plain,late_state_ce,53,51+,32,-0.47575274109840393,1.0,1.0,0.4856613576412201,0.0
collapsed_plain,late_state_ce,53,51+,48,-0.027070218697190285,1.0,1.0,0.5490307807922363,0.0
collapsed_plain,late_state_ce,53,51+,64,0.4033966660499573,1.0,1.0,0.5929068326950073,0.0
collapsed_plain,late_state_ce,53,51+,96,0.9769806861877441,1.0,1.0,0.6537318229675293,0.0
collapsed_plain,late_state_ce,53,51+,128,1.3748003244400024,1.0,1.0,0.6963824033737183,0.0
collapsed_plain,late_state_ce,53,51+,192,1.6280567646026611,1.0,1.0,0.756011426448822,0.0
collapsed_plain,late_state_ce,53,51+,256,1.3988686800003052,1.0,1.0,0.7980747222900391,0.0
collapsed_plain,late_state_ce,53,51+,384,1.081154465675354,1.0,1.0,0.8571234345436096,0.0
collapsed_plain,late_state_ce,53,51+,512,0.8892276883125305,1.0,1.0,0.8988991379737854,0.0
collapsed_plain,late_state_ce,53,51+,768,0.5980954766273499,1.0,1.0,0.9576619863510132,0.0
collapsed_plain,late_state_ce,53,51+,1024,0.43028783798217773,1.0,1.0,0.9992954134941101,0.0
collapsed_plain,late_state_ce,56,51+,0,-1.9861469268798828,0.10000000149011612,0.0,0.0,0.8999999761581421
collapsed_plain,late_state_ce,56,51+,1,-2.014482021331787,0.4333333373069763,0.07692307978868484,0.0,0.5666666626930237
collapsed_plain,late_state_ce,56,51+,2,-1.6271657943725586,0.4833333194255829,0.1538461595773697,0.0,0.5166666507720947
collapsed_plain,late_state_ce,56,51+,4,-1.1366380453109741,0.5,0.3076923191547394,0.0,0.5
collapsed_plain,late_state_ce,56,51+,8,-0.8670962452888489,0.6666666865348816,0.6153846383094788,0.0,0.3333333134651184
collapsed_plain,late_state_ce,56,51+,12,-0.6718494296073914,0.7166666388511658,0.9230769276618958,0.0,0.28333336114883423
collapsed_plain,late_state_ce,56,51+,16,-1.1257010698318481,1.0,1.0,0.23212747275829315,0.0
collapsed_plain,late_state_ce,56,51+,24,-1.0759538412094116,1.0,1.0,0.3699398338794708,0.0
collapsed_plain,late_state_ce,56,51+,32,-0.9112583994865417,1.0,1.0,0.43910813331604004,0.0
collapsed_plain,late_state_ce,56,51+,48,-0.41562193632125854,1.0,1.0,0.5207987427711487,0.0
collapsed_plain,late_state_ce,56,51+,64,0.12436549365520477,1.0,1.0,0.5726308226585388,0.0
collapsed_plain,late_state_ce,56,51+,96,0.8063710331916809,1.0,1.0,0.6407586932182312,0.0
collapsed_plain,late_state_ce,56,51+,128,1.236699104309082,1.0,1.0,0.6868431568145752,0.0
collapsed_plain,late_state_ce,56,51+,192,1.4763590097427368,1.0,1.0,0.7497735023498535,0.0
collapsed_plain,late_state_ce,56,51+,256,1.4537134170532227,1.0,1.0,0.7934404611587524,0.0
collapsed_plain,late_state_ce,56,51+,384,1.1822006702423096,1.0,1.0,0.8540627360343933,0.0
collapsed_plain,late_state_ce,56,51+,512,0.9707826972007751,1.0,1.0,0.8966143131256104,0.0
collapsed_plain,late_state_ce,56,51+,768,0.7134041786193848,1.0,1.0,0.9561457633972168,0.0
collapsed_plain,late_state_ce,56,51+,1024,0.5631352663040161,1.0,1.0,0.9981608390808105,0.0
collapsed_plain,combined_margin,1,0,0,-0.3642015755176544,0.12727272510528564,0.0,0.0,0.8727272748947144
collapsed_plain,combined_margin,1,0,1,-1.3487015962600708,0.6545454263687134,0.20000000298023224,0.0,0.3454545736312866
collapsed_plain,combined_margin,1,0,2,-0.8186288475990295,0.7454545497894287,0.4000000059604645,0.0,0.2545454502105713
collapsed_plain,combined_margin,1,0,4,-0.6652948260307312,0.9272727370262146,0.800000011920929,0.0,0.0727272629737854
collapsed_plain,combined_margin,1,0,8,-1.0138843059539795,1.0,1.0,0.23212747275829315,0.0
collapsed_plain,combined_margin,1,0,12,-1.0025683641433716,1.0,1.0,0.316903293132782,0.0
collapsed_plain,combined_margin,1,0,16,-0.8601558208465576,1.0,1.0,0.3699398338794708,0.0
collapsed_plain,combined_margin,1,0,24,-0.716943085193634,1.0,1.0,0.43910813331604004,0.0
collapsed_plain,combined_margin,1,0,32,-0.6018676161766052,1.0,1.0,0.4856613576412201,0.0
collapsed_plain,combined_margin,1,0,48,-0.3596471846103668,1.0,1.0,0.5490307807922363,0.0
collapsed_plain,combined_margin,1,0,64,-0.4896547198295593,1.0,1.0,0.5929068326950073,0.0
collapsed_plain,combined_margin,1,0,96,-0.5546972155570984,1.0,1.0,0.6537318229675293,0.0
collapsed_plain,combined_margin,1,0,128,-0.5372538566589355,1.0,1.0,0.6963824033737183,0.0
collapsed_plain,combined_margin,1,0,192,-0.5298720598220825,1.0,1.0,0.756011426448822,0.0
collapsed_plain,combined_margin,1,0,256,-0.5422043204307556,1.0,1.0,0.7980747222900391,0.0
collapsed_plain,combined_margin,1,0,384,-0.5743934512138367,1.0,1.0,0.8571234345436096,0.0
collapsed_plain,combined_margin,1,0,512,-0.6443629264831543,1.0,1.0,0.8988991379737854,0.0
collapsed_plain,combined_margin,1,0,768,-0.7583686709403992,1.0,1.0,0.9576619863510132,0.0
collapsed_plain,combined_margin,1,0,1024,-0.8508474230766296,1.0,1.0,0.9992954134941101,0.0
collapsed_plain,combined_margin,4,0,0,-0.3642015755176544,0.1071428582072258,0.0,0.0,0.8928571343421936
collapsed_plain,combined_margin,4,0,1,-0.905366063117981,0.5714285969734192,0.20000000298023224,0.0,0.4285714030265808
collapsed_plain,combined_margin,4,0,2,-0.6611765027046204,0.6785714030265808,0.4000000059604645,0.0,0.3214285969734192
collapsed_plain,combined_margin,4,0,4,-0.9796218872070312,0.9642857313156128,0.800000011920929,0.0,0.03571426868438721
collapsed_plain,combined_margin,4,0,8,-1.4275946617126465,1.0,1.0,0.23212747275829315,0.0
collapsed_plain,combined_margin,4,0,12,-1.4594640731811523,1.0,1.0,0.316903293132782,0.0
collapsed_plain,combined_margin,4,0,16,-1.3524919748306274,1.0,1.0,0.3699398338794708,0.0
collapsed_plain,combined_margin,4,0,24,-1.2482373714447021,1.0,1.0,0.43910813331604004,0.0
collapsed_plain,combined_margin,4,0,32,-1.2184847593307495,1.0,1.0,0.4856613576412201,0.0
collapsed_plain,combined_margin,4,0,48,-1.0909860134124756,1.0,1.0,0.5490307807922363,0.0
collapsed_plain,combined_margin,4,0,64,-0.9383091926574707,1.0,1.0,0.5929068326950073,0.0
collapsed_plain,combined_margin,4,0,96,-1.0557328462600708,1.0,1.0,0.6537318229675293,0.0
collapsed_plain,combined_margin,4,0,128,-1.0336817502975464,1.0,1.0,0.6963824033737183,0.0
collapsed_plain,combined_margin,4,0,192,-1.022603154182434,1.0,1.0,0.756011426448822,0.0
collapsed_plain,combined_margin,4,0,256,-1.023894190788269,1.0,1.0,0.7980747222900391,0.0
collapsed_plain,combined_margin,4,0,384,-1.0498478412628174,1.0,1.0,0.8571234345436096,0.0
collapsed_plain,combined_margin,4,0,512,-1.0391638278961182,1.0,1.0,0.8988991379737854,0.0
collapsed_plain,combined_margin,4,0,768,-1.0701605081558228,1.0,1.0,0.9576619863510132,0.0
collapsed_plain,combined_margin,4,0,1024,-1.0913606882095337,1.0,1.0,0.9992954134941101,0.0
collapsed_plain,combined_margin,8,0,0,-0.3642015755176544,0.09090909361839294,0.0,0.0,0.9090908765792847
collapsed_plain,combined_margin,8,0,1,-0.7383734583854675,0.6181818246841431,0.20000000298023224,0.0,0.38181817531585693
collapsed_plain,combined_margin,8,0,2,-0.8280591368675232,0.7272727489471436,0.4000000059604645,0.0,0.27272725105285645
collapsed_plain,combined_margin,8,0,4,-0.5569269061088562,0.9090909361839294,0.800000011920929,0.0,0.09090906381607056
collapsed_plain,combined_margin,8,0,8,-1.0607547760009766,1.0,1.0,0.23212747275829315,0.0
collapsed_plain,combined_margin,8,0,12,-1.0001999139785767,1.0,1.0,0.316903293132782,0.0
collapsed_plain,combined_margin,8,0,16,-0.8536983132362366,1.0,1.0,0.3699398338794708,0.0
collapsed_plain,combined_margin,8,0,24,-0.7486429810523987,1.0,1.0,0.43910813331604004,0.0
collapsed_plain,combined_margin,8,0,32,-0.6757696866989136,1.0,1.0,0.4856613576412201,0.0
collapsed_plain,combined_margin,8,0,48,-0.4997071325778961,1.0,1.0,0.5490307807922363,0.0
collapsed_plain,combined_margin,8,0,64,-0.5884952545166016,1.0,1.0,0.5929068326950073,0.0
collapsed_plain,combined_margin,8,0,96,-0.6223526000976562,1.0,1.0,0.6537318229675293,0.0
collapsed_plain,combined_margin,8,0,128,-0.6251472234725952,1.0,1.0,0.6963824033737183,0.0
collapsed_plain,combined_margin,8,0,192,-0.6592214107513428,1.0,1.0,0.756011426448822,0.0
collapsed_plain,combined_margin,8,0,256,-0.6678818464279175,1.0,1.0,0.7980747222900391,0.0
collapsed_plain,combined_margin,8,0,384,-0.647633969783783,1.0,1.0,0.8571234345436096,0.0
collapsed_plain,combined_margin,8,0,512,-0.6936625838279724,1.0,1.0,0.8988991379737854,0.0
collapsed_plain,combined_margin,8,0,768,-0.7736638188362122,1.0,1.0,0.9576619863510132,0.0
collapsed_plain,combined_margin,8,0,1024,-0.8353709578514099,1.0,1.0,0.9992954134941101,0.0
collapsed_plain,combined_margin,9,0,0,-0.3642014265060425,0.1111111119389534,0.0,0.0,0.8888888955116272
collapsed_plain,combined_margin,9,0,1,-1.084091067314148,0.5,0.1666666716337204,0.0,0.5
collapsed_plain,combined_margin,9,0,2,-0.9446930289268494,0.7037037014961243,0.3333333432674408,0.0,0.29629629850387573
collapsed_plain,combined_margin,9,0,4,-0.6592874526977539,0.7037037014961243,0.6666666865348816,0.0,0.29629629850387573
collapsed_plain,combined_margin,9,0,8,-1.0296217203140259,1.0,1.0,0.19994372129440308,0.0
collapsed_plain,combined_margin,9,0,12,-1.1347005367279053,1.0,1.0,0.2999155819416046,0.0
collapsed_plain,combined_margin,9,0,16,-1.025451421737671,1.0,1.0,0.35839536786079407,0.0
collapsed_plain,combined_margin,9,0,24,-0.8822327256202698,1.0,1.0,0.43207117915153503,0.0
collapsed_plain,combined_margin,9,0,32,-0.7703869938850403,1.0,1.0,0.4806002080440521,0.0
collapsed_plain,combined_margin,9,0,48,-0.5060110092163086,1.0,1.0,0.5457895398139954,0.0
collapsed_plain,combined_margin,9,0,64,-0.5308065414428711,1.0,1.0,0.590522825717926,0.0
collapsed_plain,combined_margin,9,0,96,-0.6920303702354431,1.0,1.0,0.6521726250648499,0.0
collapsed_plain,combined_margin,9,0,128,-0.6884971261024475,1.0,1.0,0.6952239274978638,0.0
collapsed_plain,combined_margin,9,0,192,-0.7007215023040771,1.0,1.0,0.7552462816238403,0.0
collapsed_plain,combined_margin,9,0,256,-0.6982644200325012,1.0,1.0,0.7975034713745117,0.0
collapsed_plain,combined_margin,9,0,384,-0.6800411939620972,1.0,1.0,0.8567444086074829,0.0
collapsed_plain,combined_margin,9,0,512,-0.7079178690910339,1.0,1.0,0.8986155390739441,0.0
collapsed_plain,combined_margin,9,0,768,-0.7917830348014832,1.0,1.0,0.9574733972549438,0.0
collapsed_plain,combined_margin,9,0,1024,-0.872555673122406,1.0,1.0,0.9991540908813477,0.0
collapsed_plain,combined_margin,12,1-2,0,-0.3642014265060425,0.12727272510528564,0.0,0.0,0.8727272748947144
collapsed_plain,combined_margin,12,1-2,1,-1.5619438886642456,0.5272727012634277,0.20000000298023224,0.0,0.47272729873657227
collapsed_plain,combined_margin,12,1-2,2,-1.294101595878601,0.6000000238418579,0.4000000059604645,0.0,0.3999999761581421
collapsed_plain,combined_margin,12,1-2,4,-1.2228065729141235,0.8727272748947144,0.800000011920929,0.0,0.12727272510528564
collapsed_plain,combined_margin,12,1-2,8,-1.0688250064849854,1.0,1.0,0.23212747275829315,0.0
collapsed_plain,combined_margin,12,1-2,12,-0.9501290917396545,1.0,1.0,0.316903293132782,0.0
collapsed_plain,combined_margin,12,1-2,16,-0.7808781266212463,1.0,1.0,0.3699398338794708,0.0
collapsed_plain,combined_margin,12,1-2,24,-0.6141518950462341,1.0,1.0,0.43910813331604004,0.0
collapsed_plain,combined_margin,12,1-2,32,-0.5408791303634644,1.0,1.0,0.4856613576412201,0.0
collapsed_plain,combined_margin,12,1-2,48,-0.5187817811965942,1.0,1.0,0.5490307807922363,0.0
collapsed_plain,combined_margin,12,1-2,64,-0.6428887248039246,1.0,1.0,0.5929068326950073,0.0
collapsed_plain,combined_margin,12,1-2,96,-0.7097335457801819,1.0,1.0,0.6537318229675293,0.0
collapsed_plain,combined_margin,12,1-2,128,-0.7289554476737976,1.0,1.0,0.6963824033737183,0.0
collapsed_plain,combined_margin,12,1-2,192,-0.8052349090576172,1.0,1.0,0.756011426448822,0.0
collapsed_plain,combined_margin,12,1-2,256,-0.8630221486091614,1.0,1.0,0.7980747222900391,0.0
collapsed_plain,combined_margin,12,1-2,384,-0.9526346325874329,1.0,1.0,0.8571234345436096,0.0
collapsed_plain,combined_margin,12,1-2,512,-0.9947624802589417,1.0,1.0,0.8988991379737854,0.0
collapsed_plain,combined_margin,12,1-2,768,-1.0719735622406006,1.0,1.0,0.9576619863510132,0.0
collapsed_plain,combined_margin,12,1-2,1024,-1.1219251155853271,1.0,1.0,0.9992954134941101,0.0
collapsed_plain,combined_margin,13,1-2,0,-0.3642016053199768,0.1090909093618393,0.0,0.0,0.8909090757369995
collapsed_plain,combined_margin,13,1-2,1,-1.2137149572372437,0.5272727012634277,0.04545454680919647,0.0,0.47272729873657227
collapsed_plain,combined_margin,13,1-2,2,-1.1824021339416504,0.4909090995788574,0.09090909361839294,0.0,0.5090909004211426
collapsed_plain,combined_margin,13,1-2,4,-0.9899954795837402,0.6545454263687134,0.1818181872367859,0.0,0.3454545736312866
collapsed_plain,combined_margin,13,1-2,8,-0.8423669934272766,0.581818163394928,0.3636363744735718,0.0,0.418181836605072
collapsed_plain,combined_margin,13,1-2,12,-0.952342689037323,0.4545454680919647,0.5454545617103577,0.0,0.5454545021057129
collapsed_plain,combined_margin,13,1-2,16,-0.8667312860488892,0.5636363625526428,0.7272727489471436,0.0,0.4363636374473572
collapsed_plain,combined_margin,13,1-2,24,-0.8449517488479614,1.0,1.0,0.19994372129440308,0.0
collapsed_plain,combined_margin,13,1-2,32,-0.3711249530315399,1.0,1.0,0.35839536786079407,0.0
collapsed_plain,combined_margin,13,1-2,48,-0.22532114386558533,1.0,1.0,0.4806002080440521,0.0
collapsed_plain,combined_margin,13,1-2,64,-0.3264496624469757,1.0,1.0,0.5457895398139954,0.0
collapsed_plain,combined_margin,13,1-2,96,-0.4657648205757141,1.0,1.0,0.6246169209480286,0.0
collapsed_plain,combined_margin,13,1-2,128,-0.5555218458175659,1.0,1.0,0.6752986311912537,0.0
collapsed_plain,combined_margin,13,1-2,192,-0.6309511065483093,1.0,1.0,0.7424174547195435,0.0
collapsed_plain,combined_margin,13,1-2,256,-0.7006475925445557,1.0,1.0,0.7880424857139587,0.0
collapsed_plain,combined_margin,13,1-2,384,-0.7913864850997925,1.0,1.0,0.850540041923523,0.0
collapsed_plain,combined_margin,13,1-2,512,-0.890813410282135,1.0,1.0,0.8939997553825378,0.0
collapsed_plain,combined_margin,13,1-2,768,-1.0724952220916748,1.0,1.0,0.954420804977417,0.0
collapsed_plain,combined_margin,13,1-2,1024,-1.184840202331543,1.0,1.0,0.9968737363815308,0.0
collapsed_plain,combined_margin,20,1-2,0,-0.3642015755176544,0.125,0.0,0.0,0.875
collapsed_plain,combined_margin,20,1-2,1,-1.1506909132003784,0.5714285969734192,0.1666666716337204,0.0,0.4285714030265808
collapsed_plain,combined_margin,20,1-2,2,-0.9642565846443176,0.625,0.3333333432674408,0.0,0.375
collapsed_plain,combined_margin,20,1-2,4,-1.0344878435134888,0.875,0.6666666865348816,0.0,0.125
collapsed_plain,combined_margin,20,1-2,8,-1.0525881052017212,1.0,1.0,0.19994372129440308,0.0
collapsed_plain,combined_margin,20,1-2,12,-0.9603880643844604,1.0,1.0,0.2999155819416046,0.0
collapsed_plain,combined_margin,20,1-2,16,-0.7973208427429199,1.0,1.0,0.35839536786079407,0.0
collapsed_plain,combined_margin,20,1-2,24,-0.676555335521698,1.0,1.0,0.43207117915153503,0.0
collapsed_plain,combined_margin,20,1-2,32,-0.6285590529441833,1.0,1.0,0.4806002080440521,0.0
collapsed_plain,combined_margin,20,1-2,48,-0.49163496494293213,1.0,1.0,0.5457895398139954,0.0
collapsed_plain,combined_margin,20,1-2,64,-0.516579806804657,1.0,1.0,0.590522825717926,0.0
collapsed_plain,combined_margin,20,1-2,96,-0.5369711518287659,1.0,1.0,0.6521726250648499,0.0
collapsed_plain,combined_margin,20,1-2,128,-0.5396654605865479,1.0,1.0,0.6952239274978638,0.0
collapsed_plain,combined_margin,20,1-2,192,-0.5611832737922668,1.0,1.0,0.7552462816238403,0.0
collapsed_plain,combined_margin,20,1-2,256,-0.5883731245994568,1.0,1.0,0.7975034713745117,0.0
collapsed_plain,combined_margin,20,1-2,384,-0.6243689656257629,1.0,1.0,0.8567444086074829,0.0
collapsed_plain,combined_margin,20,1-2,512,-0.6470416188240051,1.0,1.0,0.8986155390739441,0.0
collapsed_plain,combined_margin,20,1-2,768,-0.7606029510498047,1.0,1.0,0.9574733972549438,0.0
collapsed_plain,combined_margin,20,1-2,1024,-0.8350260257720947,1.0,1.0,0.9991540908813477,0.0
collapsed_plain,combined_margin,22,1-2,0,-0.3642015755176544,0.09375,0.0,0.0,0.90625
collapsed_plain,combined_margin,22,1-2,1,-0.7431029081344604,0.390625,0.1666666716337204,0.0,0.609375
collapsed_plain,combined_margin,22,1-2,2,-0.9833736419677734,0.59375,0.3333333432674408,0.0,0.40625
collapsed_plain,combined_margin,22,1-2,4,-1.0906243324279785,0.875,0.6666666865348816,0.0,0.125
collapsed_plain,combined_margin,22,1-2,8,-1.3647147417068481,1.0,1.0,0.19994372129440308,0.0
collapsed_plain,combined_margin,22,1-2,12,-1.4112515449523926,1.0,1.0,0.2999155819416046,0.0
collapsed_plain,combined_margin,22,1-2,16,-1.268504023551941,1.0,1.0,0.35839536786079407,0.0
collapsed_plain,combined_margin,22,1-2,24,-1.1314572095870972,1.0,1.0,0.43207117915153503,0.0
collapsed_plain,combined_margin,22,1-2,32,-1.1023478507995605,1.0,1.0,0.4806002080440521,0.0
collapsed_plain,combined_margin,22,1-2,48,-0.9802675843238831,1.0,1.0,0.5457895398139954,0.0
collapsed_plain,combined_margin,22,1-2,64,-0.8844897150993347,1.0,1.0,0.590522825717926,0.0
collapsed_plain,combined_margin,22,1-2,96,-0.9951058030128479,1.0,1.0,0.6521726250648499,0.0
collapsed_plain,combined_margin,22,1-2,128,-1.0234044790267944,1.0,1.0,0.6952239274978638,0.0
collapsed_plain,combined_margin,22,1-2,192,-1.0147874355316162,1.0,1.0,0.7552462816238403,0.0
collapsed_plain,combined_margin,22,1-2,256,-1.0324381589889526,1.0,1.0,0.7975034713745117,0.0
collapsed_plain,combined_margin,22,1-2,384,-0.9685311913490295,1.0,1.0,0.8567444086074829,0.0
collapsed_plain,combined_margin,22,1-2,512,-0.9370816946029663,1.0,1.0,0.8986155390739441,0.0
collapsed_plain,combined_margin,22,1-2,768,-0.989282488822937,1.0,1.0,0.9574733972549438,0.0
collapsed_plain,combined_margin,22,1-2,1024,-1.0386693477630615,1.0,1.0,0.9991540908813477,0.0
collapsed_plain,combined_margin,27,3-10,0,-0.36420148611068726,0.072727270424366,0.0,0.0,0.9272727370262146
collapsed_plain,combined_margin,27,3-10,1,-1.4238691329956055,0.4545454680919647,0.1666666716337204,0.0,0.5454545021057129
collapsed_plain,combined_margin,27,3-10,2,-1.3768736124038696,0.6545454263687134,0.3333333432674408,0.0,0.3454545736312866
collapsed_plain,combined_margin,27,3-10,4,-1.3647677898406982,0.8181818127632141,0.6666666865348816,0.0,0.1818181872367859
collapsed_plain,combined_margin,27,3-10,8,-0.9814510941505432,1.0,1.0,0.19994372129440308,0.0
collapsed_plain,combined_margin,27,3-10,12,-1.2313687801361084,1.0,1.0,0.2999155819416046,0.0
collapsed_plain,combined_margin,27,3-10,16,-1.191035270690918,1.0,1.0,0.35839536786079407,0.0
collapsed_plain,combined_margin,27,3-10,24,-1.129367709159851,1.0,1.0,0.43207117915153503,0.0
collapsed_plain,combined_margin,27,3-10,32,-1.0546785593032837,1.0,1.0,0.4806002080440521,0.0
collapsed_plain,combined_margin,27,3-10,48,-0.8148616552352905,1.0,1.0,0.5457895398139954,0.0
collapsed_plain,combined_margin,27,3-10,64,-0.7576999068260193,1.0,1.0,0.590522825717926,0.0
collapsed_plain,combined_margin,27,3-10,96,-0.8741803765296936,1.0,1.0,0.6521726250648499,0.0
collapsed_plain,combined_margin,27,3-10,128,-0.8467081785202026,1.0,1.0,0.6952239274978638,0.0
collapsed_plain,combined_margin,27,3-10,192,-0.8360686898231506,1.0,1.0,0.7552462816238403,0.0
collapsed_plain,combined_margin,27,3-10,256,-0.8307577967643738,1.0,1.0,0.7975034713745117,0.0
collapsed_plain,combined_margin,27,3-10,384,-0.8167605996131897,1.0,1.0,0.8567444086074829,0.0
collapsed_plain,combined_margin,27,3-10,512,-0.814457893371582,1.0,1.0,0.8986155390739441,0.0
collapsed_plain,combined_margin,27,3-10,768,-0.8250558972358704,1.0,1.0,0.9574733972549438,0.0
collapsed_plain,combined_margin,27,3-10,1024,-0.865017294883728,1.0,1.0,0.9991540908813477,0.0
collapsed_plain,combined_margin,29,3-10,0,-0.3642015755176544,0.07407407462596893,0.0,0.0,0.9259259104728699
collapsed_plain,combined_margin,29,3-10,1,-1.3677091598510742,0.40740740299224854,0.125,0.0,0.5925925970077515
collapsed_plain,combined_margin,29,3-10,2,-1.4223570823669434,0.48148149251937866,0.25,0.0,0.5185185074806213
collapsed_plain,combined_margin,29,3-10,4,-1.5588990449905396,0.7592592835426331,0.5,0.0,0.24074071645736694
collapsed_plain,combined_margin,29,3-10,8,-1.3419195413589478,1.0,1.0,0.09997186064720154,0.0
collapsed_plain,combined_margin,29,3-10,12,-1.294217824935913,1.0,1.0,0.25842350721359253,0.0
collapsed_plain,combined_margin,29,3-10,16,-1.1342209577560425,1.0,1.0,0.3320993185043335,0.0
collapsed_plain,combined_margin,29,3-10,24,-0.9360086917877197,1.0,1.0,0.4168751537799835,0.0
collapsed_plain,combined_margin,29,3-10,32,-0.8666442036628723,1.0,1.0,0.46991166472435,0.0
collapsed_plain,combined_margin,29,3-10,48,-0.7820839881896973,1.0,1.0,0.539080023765564,0.0
collapsed_plain,combined_margin,29,3-10,64,-0.7207653522491455,1.0,1.0,0.5856332182884216,0.0
collapsed_plain,combined_margin,29,3-10,96,-0.7068006992340088,1.0,1.0,0.6490026116371155,0.0
collapsed_plain,combined_margin,29,3-10,128,-0.7158073782920837,1.0,1.0,0.6928786635398865,0.0
collapsed_plain,combined_margin,29,3-10,192,-0.7636777758598328,1.0,1.0,0.7537037134170532,0.0
collapsed_plain,combined_margin,29,3-10,256,-0.8412363529205322,1.0,1.0,0.7963542938232422,0.0
collapsed_plain,combined_margin,29,3-10,384,-0.8749503493309021,1.0,1.0,0.8559832572937012,0.0
collapsed_plain,combined_margin,29,3-10,512,-0.9319479465484619,1.0,1.0,0.8980465531349182,0.0
collapsed_plain,combined_margin,29,3-10,768,-1.0188366174697876,1.0,1.0,0.9570953249931335,0.0
collapsed_plain,combined_margin,29,3-10,1024,-1.0508617162704468,1.0,1.0,0.9988710284233093,0.0
collapsed_plain,combined_margin,30,3-10,0,-0.3642015755176544,0.1071428582072258,0.0,0.0,0.8928571343421936
collapsed_plain,combined_margin,30,3-10,1,-1.3732638359069824,0.4642857015132904,0.1666666716337204,0.0,0.5357142686843872
collapsed_plain,combined_margin,30,3-10,2,-1.698525309562683,0.5535714030265808,0.3333333432674408,0.0,0.4464285969734192
collapsed_plain,combined_margin,30,3-10,4,-1.527229905128479,0.6785714030265808,0.6666666865348816,0.0,0.3214285969734192
collapsed_plain,combined_margin,30,3-10,8,-1.1676989793777466,1.0,1.0,0.19994372129440308,0.0
collapsed_plain,combined_margin,30,3-10,12,-1.304675579071045,1.0,1.0,0.2999155819416046,0.0
collapsed_plain,combined_margin,30,3-10,16,-1.170069694519043,1.0,1.0,0.35839536786079407,0.0
collapsed_plain,combined_margin,30,3-10,24,-0.9992293119430542,1.0,1.0,0.43207117915153503,0.0
collapsed_plain,combined_margin,30,3-10,32,-0.9044616222381592,1.0,1.0,0.4806002080440521,0.0
collapsed_plain,combined_margin,30,3-10,48,-0.6413806676864624,1.0,1.0,0.5457895398139954,0.0
collapsed_plain,combined_margin,30,3-10,64,-0.5092551708221436,1.0,1.0,0.590522825717926,0.0
collapsed_plain,combined_margin,30,3-10,96,-0.6215748190879822,1.0,1.0,0.6521726250648499,0.0
collapsed_plain,combined_margin,30,3-10,128,-0.6316167116165161,1.0,1.0,0.6952239274978638,0.0
collapsed_plain,combined_margin,30,3-10,192,-0.6544349789619446,1.0,1.0,0.7552462816238403,0.0
collapsed_plain,combined_margin,30,3-10,256,-0.6861512660980225,1.0,1.0,0.7975034713745117,0.0
collapsed_plain,combined_margin,30,3-10,384,-0.7614171504974365,1.0,1.0,0.8567444086074829,0.0
collapsed_plain,combined_margin,30,3-10,512,-0.8281195759773254,1.0,1.0,0.8986155390739441,0.0
collapsed_plain,combined_margin,30,3-10,768,-0.9242504239082336,1.0,1.0,0.9574733972549438,0.0
collapsed_plain,combined_margin,30,3-10,1024,-0.9956196546554565,1.0,1.0,0.9991540908813477,0.0
collapsed_plain,combined_margin,35,3-10,0,-0.3642015755176544,0.08620689809322357,0.0,0.0,0.9137930870056152
collapsed_plain,combined_margin,35,3-10,1,-1.4720803499221802,0.4482758641242981,0.0833333358168602,0.0,0.5517241358757019
collapsed_plain,combined_margin,35,3-10,2,-1.8502908945083618,0.5344827771186829,0.1666666716337204,0.0,0.46551722288131714
collapsed_plain,combined_margin,35,3-10,4,-1.5386186838150024,0.5344827771186829,0.3333333432674408,0.0,0.46551722288131714
collapsed_plain,combined_margin,35,3-10,8,-0.9772377014160156,0.6724137663841248,0.6666666865348816,0.0,0.32758623361587524
collapsed_plain,combined_margin,35,3-10,12,-0.5594327449798584,1.0,1.0,0.09997186064720154,0.0
collapsed_plain,combined_margin,35,3-10,16,-0.6862155199050903,1.0,1.0,0.25842350721359253,0.0
collapsed_plain,combined_margin,35,3-10,24,-0.326870858669281,1.0,1.0,0.3806283473968506,0.0
collapsed_plain,combined_margin,35,3-10,32,-0.2791193425655365,1.0,1.0,0.4458176791667938,0.0
collapsed_plain,combined_margin,35,3-10,48,-0.3365180194377899,1.0,1.0,0.5246450304985046,0.0
collapsed_plain,combined_margin,35,3-10,64,-0.3485223054885864,1.0,1.0,0.5753268003463745,0.0
collapsed_plain,combined_margin,35,3-10,96,-0.38683781027793884,1.0,1.0,0.6424456238746643,0.0
collapsed_plain,combined_margin,35,3-10,128,-0.40552467107772827,1.0,1.0,0.6880705952644348,0.0
collapsed_plain,combined_margin,35,3-10,192,-0.4566001296043396,1.0,1.0,0.750568151473999,0.0
collapsed_plain,combined_margin,35,3-10,256,-0.5071472525596619,1.0,1.0,0.7940279245376587,0.0
collapsed_plain,combined_margin,35,3-10,384,-0.6008261442184448,1.0,1.0,0.8544489145278931,0.0
collapsed_plain,combined_margin,35,3-10,512,-0.6683241128921509,1.0,1.0,0.8969019055366516,0.0
collapsed_plain,combined_margin,35,3-10,768,-0.740411102771759,1.0,1.0,0.9563362002372742,0.0
collapsed_plain,combined_margin,35,3-10,1024,-0.7620127201080322,1.0,1.0,0.9983031749725342,0.0
collapsed_plain,combined_margin,36,11-50,0,-0.36420154571533203,0.09090909361839294,0.0,0.0,0.9090908765792847
collapsed_plain,combined_margin,36,11-50,1,-1.7143503427505493,0.4909090995788574,0.1666666716337204,0.0,0.5090909004211426
collapsed_plain,combined_margin,36,11-50,2,-1.7075542211532593,0.6545454263687134,0.3333333432674408,0.0,0.3454545736312866
collapsed_plain,combined_margin,36,11-50,4,-1.4396952390670776,0.7454545497894287,0.6666666865348816,0.0,0.2545454502105713
collapsed_plain,combined_margin,36,11-50,8,-1.3878576755523682,1.0,1.0,0.19994372129440308,0.0
collapsed_plain,combined_margin,36,11-50,12,-1.2637228965759277,1.0,1.0,0.2999155819416046,0.0
collapsed_plain,combined_margin,36,11-50,16,-1.0806163549423218,1.0,1.0,0.35839536786079407,0.0
collapsed_plain,combined_margin,36,11-50,24,-0.8370769619941711,1.0,1.0,0.43207117915153503,0.0
collapsed_plain,combined_margin,36,11-50,32,-0.7120890021324158,1.0,1.0,0.4806002080440521,0.0
collapsed_plain,combined_margin,36,11-50,48,-0.5080638527870178,1.0,1.0,0.5457895398139954,0.0
collapsed_plain,combined_margin,36,11-50,64,-0.45189860463142395,1.0,1.0,0.590522825717926,0.0
collapsed_plain,combined_margin,36,11-50,96,-0.4987606704235077,1.0,1.0,0.6521726250648499,0.0
collapsed_plain,combined_margin,36,11-50,128,-0.5087972283363342,1.0,1.0,0.6952239274978638,0.0
collapsed_plain,combined_margin,36,11-50,192,-0.5519931316375732,1.0,1.0,0.7552462816238403,0.0
collapsed_plain,combined_margin,36,11-50,256,-0.6284000873565674,1.0,1.0,0.7975034713745117,0.0
collapsed_plain,combined_margin,36,11-50,384,-0.7315540909767151,1.0,1.0,0.8567444086074829,0.0
collapsed_plain,combined_margin,36,11-50,512,-0.7569890022277832,1.0,1.0,0.8986155390739441,0.0
collapsed_plain,combined_margin,36,11-50,768,-0.800139307975769,1.0,1.0,0.9574733972549438,0.0
collapsed_plain,combined_margin,36,11-50,1024,-0.8515056371688843,1.0,1.0,0.9991540908813477,0.0
collapsed_plain,combined_margin,38,11-50,0,-0.3642014265060425,0.1090909093618393,0.0,0.0,0.8909090757369995
collapsed_plain,combined_margin,38,11-50,1,-1.7844388484954834,0.4545454680919647,0.1666666716337204,0.0,0.5454545021057129
collapsed_plain,combined_margin,38,11-50,2,-1.6822160482406616,0.6727272868156433,0.3333333432674408,0.0,0.3272727131843567
collapsed_plain,combined_margin,38,11-50,4,-1.6854913234710693,0.8363636136054993,0.6666666865348816,0.0,0.16363638639450073
collapsed_plain,combined_margin,38,11-50,8,-1.3192657232284546,1.0,1.0,0.19994372129440308,0.0
collapsed_plain,combined_margin,38,11-50,12,-1.1666542291641235,1.0,1.0,0.2999155819416046,0.0
collapsed_plain,combined_margin,38,11-50,16,-1.0096596479415894,1.0,1.0,0.35839536786079407,0.0
collapsed_plain,combined_margin,38,11-50,24,-0.8761405348777771,1.0,1.0,0.43207117915153503,0.0
collapsed_plain,combined_margin,38,11-50,32,-0.8266360759735107,1.0,1.0,0.4806002080440521,0.0
collapsed_plain,combined_margin,38,11-50,48,-0.7156357765197754,1.0,1.0,0.5457895398139954,0.0
collapsed_plain,combined_margin,38,11-50,64,-0.7328234910964966,1.0,1.0,0.590522825717926,0.0
collapsed_plain,combined_margin,38,11-50,96,-0.8317402005195618,1.0,1.0,0.6521726250648499,0.0
collapsed_plain,combined_margin,38,11-50,128,-0.8895020484924316,1.0,1.0,0.6952239274978638,0.0
collapsed_plain,combined_margin,38,11-50,192,-0.9358799457550049,1.0,1.0,0.7552462816238403,0.0
collapsed_plain,combined_margin,38,11-50,256,-0.9496462345123291,1.0,1.0,0.7975034713745117,0.0
collapsed_plain,combined_margin,38,11-50,384,-0.9346798658370972,1.0,1.0,0.8567444086074829,0.0
collapsed_plain,combined_margin,38,11-50,512,-0.9003801941871643,1.0,1.0,0.8986155390739441,0.0
collapsed_plain,combined_margin,38,11-50,768,-0.8720599412918091,1.0,1.0,0.9574733972549438,0.0
collapsed_plain,combined_margin,38,11-50,1024,-0.87403804063797,1.0,1.0,0.9991540908813477,0.0
collapsed_plain,combined_margin,41,11-50,0,-0.3642014265060425,0.08771929889917374,0.0,0.0,0.9122806787490845
collapsed_plain,combined_margin,41,11-50,1,-1.7645395994186401,0.5614035129547119,0.25,0.0,0.4385964870452881
collapsed_plain,combined_margin,41,11-50,2,-1.8062512874603271,0.7543859481811523,0.5,0.0,0.24561405181884766
collapsed_plain,combined_margin,41,11-50,4,-1.3985869884490967,1.0,1.0,0.09997186064720154,0.0
collapsed_plain,combined_margin,41,11-50,8,-1.445694088935852,1.0,1.0,0.25842350721359253,0.0
collapsed_plain,combined_margin,41,11-50,12,-1.3579782247543335,1.0,1.0,0.3320993185043335,0.0
collapsed_plain,combined_margin,41,11-50,16,-1.2324577569961548,1.0,1.0,0.3806283473968506,0.0
collapsed_plain,combined_margin,41,11-50,24,-1.0912353992462158,1.0,1.0,0.4458176791667938,0.0
collapsed_plain,combined_margin,41,11-50,32,-1.0127253532409668,1.0,1.0,0.4905509650707245,0.0
collapsed_plain,combined_margin,41,11-50,48,-0.8244842886924744,1.0,1.0,0.5522007346153259,0.0
collapsed_plain,combined_margin,41,11-50,64,-0.7695964574813843,1.0,1.0,0.5952520370483398,0.0
collapsed_plain,combined_margin,41,11-50,96,-0.9117856621742249,1.0,1.0,0.6552744507789612,0.0
collapsed_plain,combined_margin,41,11-50,128,-0.9102457761764526,1.0,1.0,0.6975316405296326,0.0
collapsed_plain,combined_margin,41,11-50,192,-0.9740868806838989,1.0,1.0,0.756772518157959,0.0
collapsed_plain,combined_margin,41,11-50,256,-1.0022023916244507,1.0,1.0,0.7986436486244202,0.0
collapsed_plain,combined_margin,41,11-50,384,-1.0368369817733765,1.0,1.0,0.8575015068054199,0.0
collapsed_plain,combined_margin,41,11-50,512,-1.068472981452942,1.0,1.0,0.8991822004318237,0.0
collapsed_plain,combined_margin,41,11-50,768,-1.1367201805114746,1.0,1.0,0.9578503966331482,0.0
collapsed_plain,combined_margin,41,11-50,1024,-1.1876693964004517,1.0,1.0,0.999436616897583,0.0
collapsed_plain,combined_margin,47,11-50,0,-0.36420175433158875,0.08771929889917374,0.0,0.0,0.9122806787490845
collapsed_plain,combined_margin,47,11-50,1,-1.5617525577545166,0.4385964870452881,0.043478261679410934,0.0,0.5614035129547119
collapsed_plain,combined_margin,47,11-50,2,-1.8999073505401611,0.35087719559669495,0.08695652335882187,0.0,0.6491228342056274
collapsed_plain,combined_margin,47,11-50,4,-1.8696147203445435,0.3333333432674408,0.17391304671764374,0.0,0.6666666269302368
collapsed_plain,combined_margin,47,11-50,8,-1.4501248598098755,0.31578946113586426,0.3478260934352875,0.0,0.6842105388641357
collapsed_plain,combined_margin,47,11-50,12,-1.408384084701538,0.35087719559669495,0.52173912525177,0.0,0.6491228342056274
collapsed_plain,combined_margin,47,11-50,16,-1.6557815074920654,0.35087719559669495,0.695652186870575,0.0,0.6491228342056274
collapsed_plain,combined_margin,47,11-50,24,-1.0754063129425049,1.0,1.0,0.158451646566391,0.0
collapsed_plain,combined_margin,47,11-50,32,-0.6658041477203369,1.0,1.0,0.3458458185195923,0.0
collapsed_plain,combined_margin,47,11-50,48,-0.3562659025192261,1.0,1.0,0.475354939699173,0.0
collapsed_plain,combined_margin,47,11-50,64,-0.3880278170108795,1.0,1.0,0.5424737930297852,0.0
collapsed_plain,combined_margin,47,11-50,96,-0.5065885186195374,1.0,1.0,0.6227065920829773,0.0
collapsed_plain,combined_margin,47,11-50,128,-0.5342208743095398,1.0,1.0,0.6739569306373596,0.0
collapsed_plain,combined_margin,47,11-50,192,-0.5458611249923706,1.0,1.0,0.7415764927864075,0.0
collapsed_plain,combined_margin,47,11-50,256,-0.5835821628570557,1.0,1.0,0.7874300479888916,0.0
collapsed_plain,combined_margin,47,11-50,384,-0.6428285241127014,1.0,1.0,0.8501432538032532,0.0
collapsed_plain,combined_margin,47,11-50,512,-0.7230689525604248,1.0,1.0,0.8937063217163086,0.0
collapsed_plain,combined_margin,47,11-50,768,-0.8489595651626587,1.0,1.0,0.9542278051376343,0.0
collapsed_plain,combined_margin,47,11-50,1024,-0.9357998967170715,1.0,1.0,0.9967300295829773,0.0
collapsed_plain,combined_margin,51,51+,0,-0.3642014265060425,0.12068965286016464,0.0,0.0,0.8793103694915771
collapsed_plain,combined_margin,51,51+,1,-1.62054443359375,0.4137931168079376,0.0833333358168602,0.0,0.5862069129943848
collapsed_plain,combined_margin,51,51+,2,-1.6752238273620605,0.48275861144065857,0.1666666716337204,0.0,0.517241358757019
collapsed_plain,combined_margin,51,51+,4,-1.6630038022994995,0.7586206793785095,0.3333333432674408,0.0,0.24137932062149048
collapsed_plain,combined_margin,51,51+,8,-1.2179063558578491,0.8103448152542114,0.6666666865348816,0.0,0.18965518474578857
collapsed_plain,combined_margin,51,51+,12,-0.9415676593780518,1.0,1.0,0.09997186064720154,0.0
collapsed_plain,combined_margin,51,51+,16,-0.9229536652565002,1.0,1.0,0.25842350721359253,0.0
collapsed_plain,combined_margin,51,51+,24,-0.7385427951812744,1.0,1.0,0.3806283473968506,0.0
collapsed_plain,combined_margin,51,51+,32,-0.579204797744751,1.0,1.0,0.4458176791667938,0.0
collapsed_plain,combined_margin,51,51+,48,-0.47485509514808655,1.0,1.0,0.5246450304985046,0.0
collapsed_plain,combined_margin,51,51+,64,-0.5297800898551941,1.0,1.0,0.5753268003463745,0.0
collapsed_plain,combined_margin,51,51+,96,-0.530864953994751,1.0,1.0,0.6424456238746643,0.0
collapsed_plain,combined_margin,51,51+,128,-0.5403633117675781,1.0,1.0,0.6880705952644348,0.0
collapsed_plain,combined_margin,51,51+,192,-0.5644305944442749,1.0,1.0,0.750568151473999,0.0
collapsed_plain,combined_margin,51,51+,256,-0.575739860534668,1.0,1.0,0.7940279245376587,0.0
collapsed_plain,combined_margin,51,51+,384,-0.6107454299926758,1.0,1.0,0.8544489145278931,0.0
collapsed_plain,combined_margin,51,51+,512,-0.6452862620353699,1.0,1.0,0.8969019055366516,0.0
collapsed_plain,combined_margin,51,51+,768,-0.7171335220336914,1.0,1.0,0.9563362002372742,0.0
collapsed_plain,combined_margin,51,51+,1024,-0.7762293219566345,1.0,1.0,0.9983031749725342,0.0
collapsed_plain,combined_margin,52,51+,0,-0.3642014265060425,0.1428571492433548,0.0,0.0,0.8571428656578064
collapsed_plain,combined_margin,52,51+,1,-1.2181950807571411,0.3928571343421936,0.01886792480945587,0.0,0.6071428656578064
collapsed_plain,combined_margin,52,51+,2,-1.4233089685440063,0.4464285671710968,0.03773584961891174,0.0,0.5535714626312256
collapsed_plain,combined_margin,52,51+,4,-1.1536604166030884,0.6071428656578064,0.07547169923782349,0.0,0.3928571343421936
collapsed_plain,combined_margin,52,51+,8,-0.3399029076099396,0.6964285969734192,0.15094339847564697,0.0,0.3035714030265808
collapsed_plain,combined_margin,52,51+,12,-0.6941615343093872,0.5892857313156128,0.22641509771347046,0.0,0.4107142686843872
collapsed_plain,combined_margin,52,51+,16,-0.7483437657356262,0.6785714030265808,0.30188679695129395,0.0,0.3214285969734192
collapsed_plain,combined_margin,52,51+,24,-1.043281078338623,0.5535714030265808,0.4528301954269409,0.0,0.4464285969734192
collapsed_plain,combined_margin,52,51+,32,-1.0398399829864502,0.6071428656578064,0.6037735939025879,0.0,0.3928571343421936
collapsed_plain,combined_margin,52,51+,48,-0.9738362431526184,0.6071428656578064,0.9056603908538818,0.0,0.3928571343421936
collapsed_plain,combined_margin,52,51+,64,-0.6190086603164673,1.0,1.0,0.3699398338794708,0.0
collapsed_plain,combined_margin,52,51+,96,-0.18295863270759583,1.0,1.0,0.5490307807922363,0.0
collapsed_plain,combined_margin,52,51+,128,-0.370235800743103,1.0,1.0,0.626502275466919,0.0
collapsed_plain,combined_margin,52,51+,192,-0.37815210223197937,1.0,1.0,0.7137542366981506,0.0
collapsed_plain,combined_margin,52,51+,256,-0.4187035858631134,1.0,1.0,0.7677319049835205,0.0
collapsed_plain,combined_margin,52,51+,384,-0.46228936314582825,1.0,1.0,0.8377020359039307,0.0
collapsed_plain,combined_margin,52,51+,512,-0.5246121883392334,1.0,1.0,0.8846132755279541,0.0
collapsed_plain,combined_margin,52,51+,768,-0.6469142436981201,1.0,1.0,0.9483159184455872,0.0
collapsed_plain,combined_margin,52,51+,1024,-0.7505930662155151,1.0,1.0,0.9923502206802368,0.0
collapsed_plain,combined_margin,53,51+,0,-0.3642015755176544,0.072727270424366,0.0,0.0,0.9272727370262146
collapsed_plain,combined_margin,53,51+,1,-2.047214984893799,0.5090909004211426,0.25,0.0,0.4909090995788574
collapsed_plain,combined_margin,53,51+,2,-2.03779673576355,0.6545454263687134,0.5,0.0,0.3454545736312866
collapsed_plain,combined_margin,53,51+,4,-1.693527102470398,1.0,1.0,0.09997186064720154,0.0
collapsed_plain,combined_margin,53,51+,8,-1.4892797470092773,1.0,1.0,0.25842350721359253,0.0
collapsed_plain,combined_margin,53,51+,12,-1.4940978288650513,1.0,1.0,0.3320993185043335,0.0
collapsed_plain,combined_margin,53,51+,16,-1.4155296087265015,1.0,1.0,0.3806283473968506,0.0
collapsed_plain,combined_margin,53,51+,24,-1.3439184427261353,1.0,1.0,0.4458176791667938,0.0
collapsed_plain,combined_margin,53,51+,32,-1.274204969406128,1.0,1.0,0.4905509650707245,0.0
collapsed_plain,combined_margin,53,51+,48,-1.0113956928253174,1.0,1.0,0.5522007346153259,0.0
collapsed_plain,combined_margin,53,51+,64,-0.9527629017829895,1.0,1.0,0.5952520370483398,0.0
collapsed_plain,combined_margin,53,51+,96,-1.0914499759674072,1.0,1.0,0.6552744507789612,0.0
collapsed_plain,combined_margin,53,51+,128,-1.0396400690078735,1.0,1.0,0.6975316405296326,0.0
collapsed_plain,combined_margin,53,51+,192,-1.01194167137146,1.0,1.0,0.756772518157959,0.0
collapsed_plain,combined_margin,53,51+,256,-0.9863889813423157,1.0,1.0,0.7986436486244202,0.0
collapsed_plain,combined_margin,53,51+,384,-0.9463372230529785,1.0,1.0,0.8575015068054199,0.0
collapsed_plain,combined_margin,53,51+,512,-0.9439754486083984,1.0,1.0,0.8991822004318237,0.0
collapsed_plain,combined_margin,53,51+,768,-0.9716805815696716,1.0,1.0,0.9578503966331482,0.0
collapsed_plain,combined_margin,53,51+,1024,-0.9750811457633972,1.0,1.0,0.999436616897583,0.0
collapsed_plain,combined_margin,56,51+,0,-0.3642011880874634,0.10000000149011612,0.0,0.0,0.8999999761581421
collapsed_plain,combined_margin,56,51+,1,-1.3912248611450195,0.4166666567325592,0.0833333358168602,0.0,0.5833333730697632
collapsed_plain,combined_margin,56,51+,2,-1.8054474592208862,0.5166666507720947,0.1666666716337204,0.0,0.4833333492279053
collapsed_plain,combined_margin,56,51+,4,-2.0111188888549805,0.5333333611488342,0.3333333432674408,0.0,0.46666663885116577
collapsed_plain,combined_margin,56,51+,8,-1.163309097290039,0.6833333373069763,0.6666666865348816,0.0,0.3166666626930237
collapsed_plain,combined_margin,56,51+,12,-1.1581271886825562,1.0,1.0,0.09997186064720154,0.0
collapsed_plain,combined_margin,56,51+,16,-1.2874096632003784,1.0,1.0,0.25842350721359253,0.0
collapsed_plain,combined_margin,56,51+,24,-1.0415235757827759,1.0,1.0,0.3806283473968506,0.0
collapsed_plain,combined_margin,56,51+,32,-0.9104804396629333,1.0,1.0,0.4458176791667938,0.0
collapsed_plain,combined_margin,56,51+,48,-0.7674773931503296,1.0,1.0,0.5246450304985046,0.0
collapsed_plain,combined_margin,56,51+,64,-0.6171759963035583,1.0,1.0,0.5753268003463745,0.0
collapsed_plain,combined_margin,56,51+,96,-0.6587643623352051,1.0,1.0,0.6424456238746643,0.0
collapsed_plain,combined_margin,56,51+,128,-0.7143246531486511,1.0,1.0,0.6880705952644348,0.0
collapsed_plain,combined_margin,56,51+,192,-0.7703658938407898,1.0,1.0,0.750568151473999,0.0
collapsed_plain,combined_margin,56,51+,256,-0.8183866143226624,1.0,1.0,0.7940279245376587,0.0
collapsed_plain,combined_margin,56,51+,384,-0.8559655547142029,1.0,1.0,0.8544489145278931,0.0
collapsed_plain,combined_margin,56,51+,512,-0.8914444446563721,1.0,1.0,0.8969019055366516,0.0
collapsed_plain,combined_margin,56,51+,768,-0.9546430110931396,1.0,1.0,0.9563362002372742,0.0
collapsed_plain,combined_margin,56,51+,1024,-1.0188970565795898,1.0,1.0,0.9983031749725342,0.0
late_state_ce,stable_plain,1,0,0,-1.608154296875,0.12727272510528564,0.0,0.0,0.8727272748947144
late_state_ce,stable_plain,1,0,1,0.05239193141460419,0.6181818246841431,0.20000000298023224,0.0,0.38181817531585693
late_state_ce,stable_plain,1,0,2,0.06807950139045715,0.7636363506317139,0.4000000059604645,0.0,0.23636364936828613
late_state_ce,stable_plain,1,0,4,0.3564186692237854,0.9454545378684998,0.800000011920929,0.0,0.054545462131500244
late_state_ce,stable_plain,1,0,8,1.3609683513641357,1.0,1.0,0.23212747275829315,0.0
late_state_ce,stable_plain,1,0,12,1.7689268589019775,1.0,1.0,0.316903293132782,0.0
late_state_ce,stable_plain,1,0,16,1.8545221090316772,1.0,1.0,0.3699398338794708,0.0
late_state_ce,stable_plain,1,0,24,1.8983923196792603,1.0,1.0,0.43910813331604004,0.0
late_state_ce,stable_plain,1,0,32,1.9117909669876099,1.0,1.0,0.4856613576412201,0.0
late_state_ce,stable_plain,1,0,48,1.9192384481430054,1.0,1.0,0.5490307807922363,0.0
late_state_ce,stable_plain,1,0,64,1.9211649894714355,1.0,1.0,0.5929068326950073,0.0
late_state_ce,stable_plain,1,0,96,1.9228464365005493,1.0,1.0,0.6537318229675293,0.0
late_state_ce,stable_plain,1,0,128,1.9220165014266968,1.0,1.0,0.6963824033737183,0.0
late_state_ce,stable_plain,1,0,192,1.9129726886749268,1.0,1.0,0.756011426448822,0.0
late_state_ce,stable_plain,1,0,256,1.9026492834091187,1.0,1.0,0.7980747222900391,0.0
late_state_ce,stable_plain,1,0,384,1.8865231275558472,1.0,1.0,0.8571234345436096,0.0
late_state_ce,stable_plain,1,0,512,1.8745402097702026,1.0,1.0,0.8988991379737854,0.0
late_state_ce,stable_plain,1,0,768,1.857741117477417,1.0,1.0,0.9576619863510132,0.0
late_state_ce,stable_plain,1,0,1024,1.8469653129577637,1.0,1.0,0.9992954134941101,0.0
late_state_ce,stable_plain,4,0,0,-1.608154535293579,0.125,0.0,0.0,0.875
late_state_ce,stable_plain,4,0,1,0.20852750539779663,0.5357142686843872,0.1666666716337204,0.0,0.4642857313156128
late_state_ce,stable_plain,4,0,2,0.2997596263885498,0.6785714030265808,0.3333333432674408,0.0,0.3214285969734192
late_state_ce,stable_plain,4,0,4,0.4761123061180115,0.8571428656578064,0.6666666865348816,0.0,0.1428571343421936
late_state_ce,stable_plain,4,0,8,1.2166411876678467,1.0,1.0,0.19994372129440308,0.0
late_state_ce,stable_plain,4,0,12,1.8708356618881226,1.0,1.0,0.2999155819416046,0.0
late_state_ce,stable_plain,4,0,16,1.9914530515670776,1.0,1.0,0.35839536786079407,0.0
late_state_ce,stable_plain,4,0,24,2.0400924682617188,1.0,1.0,0.43207117915153503,0.0
late_state_ce,stable_plain,4,0,32,2.053915023803711,1.0,1.0,0.4806002080440521,0.0
late_state_ce,stable_plain,4,0,48,2.066725492477417,1.0,1.0,0.5457895398139954,0.0
late_state_ce,stable_plain,4,0,64,2.0754895210266113,1.0,1.0,0.590522825717926,0.0
late_state_ce,stable_plain,4,0,96,2.0870437622070312,1.0,1.0,0.6521726250648499,0.0
late_state_ce,stable_plain,4,0,128,2.0920307636260986,1.0,1.0,0.6952239274978638,0.0
late_state_ce,stable_plain,4,0,192,2.092306137084961,1.0,1.0,0.7552462816238403,0.0
late_state_ce,stable_plain,4,0,256,2.088665246963501,1.0,1.0,0.7975034713745117,0.0
late_state_ce,stable_plain,4,0,384,2.081023931503296,1.0,1.0,0.8567444086074829,0.0
late_state_ce,stable_plain,4,0,512,2.073550224304199,1.0,1.0,0.8986155390739441,0.0
late_state_ce,stable_plain,4,0,768,2.060124397277832,1.0,1.0,0.9574733972549438,0.0
late_state_ce,stable_plain,4,0,1024,2.0503339767456055,1.0,1.0,0.9991540908813477,0.0
late_state_ce,stable_plain,8,0,0,-1.608154296875,0.1090909093618393,0.0,0.0,0.8909090757369995
late_state_ce,stable_plain,8,0,1,0.41792091727256775,0.581818163394928,0.20000000298023224,0.0,0.418181836605072
late_state_ce,stable_plain,8,0,2,0.49361276626586914,0.7454545497894287,0.4000000059604645,0.0,0.2545454502105713
late_state_ce,stable_plain,8,0,4,0.3022625744342804,0.9090909361839294,0.800000011920929,0.0,0.09090906381607056
late_state_ce,stable_plain,8,0,8,1.2463396787643433,1.0,1.0,0.23212747275829315,0.0
late_state_ce,stable_plain,8,0,12,1.7825995683670044,1.0,1.0,0.316903293132782,0.0
late_state_ce,stable_plain,8,0,16,1.8765592575073242,1.0,1.0,0.3699398338794708,0.0
late_state_ce,stable_plain,8,0,24,1.9070829153060913,1.0,1.0,0.43910813331604004,0.0
late_state_ce,stable_plain,8,0,32,1.9101206064224243,1.0,1.0,0.4856613576412201,0.0
late_state_ce,stable_plain,8,0,48,1.9060544967651367,1.0,1.0,0.5490307807922363,0.0
late_state_ce,stable_plain,8,0,64,1.9053294658660889,1.0,1.0,0.5929068326950073,0.0
late_state_ce,stable_plain,8,0,96,1.9053337574005127,1.0,1.0,0.6537318229675293,0.0
late_state_ce,stable_plain,8,0,128,1.9022752046585083,1.0,1.0,0.6963824033737183,0.0
late_state_ce,stable_plain,8,0,192,1.8904763460159302,1.0,1.0,0.756011426448822,0.0
late_state_ce,stable_plain,8,0,256,1.877758502960205,1.0,1.0,0.7980747222900391,0.0
late_state_ce,stable_plain,8,0,384,1.8580533266067505,1.0,1.0,0.8571234345436096,0.0
late_state_ce,stable_plain,8,0,512,1.843982458114624,1.0,1.0,0.8988991379737854,0.0
late_state_ce,stable_plain,8,0,768,1.8259668350219727,1.0,1.0,0.9576619863510132,0.0
late_state_ce,stable_plain,8,0,1024,1.8150269985198975,1.0,1.0,0.9992954134941101,0.0
late_state_ce,stable_plain,9,0,0,-1.6081541776657104,0.14814814925193787,0.0,0.0,0.8518518209457397
late_state_ce,stable_plain,9,0,1,0.05788618326187134,0.5370370149612427,0.1666666716337204,0.0,0.4629629850387573
late_state_ce,stable_plain,9,0,2,0.16504260897636414,0.6851851940155029,0.3333333432674408,0.0,0.31481480598449707
late_state_ce,stable_plain,9,0,4,0.2960369288921356,0.6666666865348816,0.6666666865348816,0.0,0.3333333134651184
late_state_ce,stable_plain,9,0,8,0.9208742380142212,1.0,1.0,0.19994372129440308,0.0
late_state_ce,stable_plain,9,0,12,1.7758179903030396,1.0,1.0,0.2999155819416046,0.0
late_state_ce,stable_plain,9,0,16,1.9183708429336548,1.0,1.0,0.35839536786079407,0.0
late_state_ce,stable_plain,9,0,24,1.9562580585479736,1.0,1.0,0.43207117915153503,0.0
late_state_ce,stable_plain,9,0,32,1.961350917816162,1.0,1.0,0.4806002080440521,0.0
late_state_ce,stable_plain,9,0,48,1.9665687084197998,1.0,1.0,0.5457895398139954,0.0
late_state_ce,stable_plain,9,0,64,1.9734599590301514,1.0,1.0,0.590522825717926,0.0
late_state_ce,stable_plain,9,0,96,1.981929898262024,1.0,1.0,0.6521726250648499,0.0
late_state_ce,stable_plain,9,0,128,1.9825420379638672,1.0,1.0,0.6952239274978638,0.0
late_state_ce,stable_plain,9,0,192,1.9764410257339478,1.0,1.0,0.7552462816238403,0.0
late_state_ce,stable_plain,9,0,256,1.968331217765808,1.0,1.0,0.7975034713745117,0.0
late_state_ce,stable_plain,9,0,384,1.9554802179336548,1.0,1.0,0.8567444086074829,0.0
late_state_ce,stable_plain,9,0,512,1.9458576440811157,1.0,1.0,0.8986155390739441,0.0
late_state_ce,stable_plain,9,0,768,1.9295060634613037,1.0,1.0,0.9574733972549438,0.0
late_state_ce,stable_plain,9,0,1024,1.917309045791626,1.0,1.0,0.9991540908813477,0.0
late_state_ce,stable_plain,12,1-2,0,-1.608154296875,0.1090909093618393,0.0,0.0,0.8909090757369995
late_state_ce,stable_plain,12,1-2,1,0.04816353693604469,0.581818163394928,0.20000000298023224,0.0,0.418181836605072
late_state_ce,stable_plain,12,1-2,2,-0.03625870123505592,0.6000000238418579,0.4000000059604645,0.0,0.3999999761581421
late_state_ce,stable_plain,12,1-2,4,0.1139385998249054,0.800000011920929,0.800000011920929,0.0,0.19999998807907104
late_state_ce,stable_plain,12,1-2,8,0.6929391622543335,1.0,1.0,0.23212747275829315,0.0
late_state_ce,stable_plain,12,1-2,12,1.653717279434204,1.0,1.0,0.316903293132782,0.0
late_state_ce,stable_plain,12,1-2,16,1.845765471458435,1.0,1.0,0.3699398338794708,0.0
late_state_ce,stable_plain,12,1-2,24,1.9109388589859009,1.0,1.0,0.43910813331604004,0.0
late_state_ce,stable_plain,12,1-2,32,1.9201641082763672,1.0,1.0,0.4856613576412201,0.0
late_state_ce,stable_plain,12,1-2,48,1.9175899028778076,1.0,1.0,0.5490307807922363,0.0
late_state_ce,stable_plain,12,1-2,64,1.9155011177062988,1.0,1.0,0.5929068326950073,0.0
late_state_ce,stable_plain,12,1-2,96,1.916733980178833,1.0,1.0,0.6537318229675293,0.0
late_state_ce,stable_plain,12,1-2,128,1.9159477949142456,1.0,1.0,0.6963824033737183,0.0
late_state_ce,stable_plain,12,1-2,192,1.9116928577423096,1.0,1.0,0.756011426448822,0.0
late_state_ce,stable_plain,12,1-2,256,1.908032774925232,1.0,1.0,0.7980747222900391,0.0
late_state_ce,stable_plain,12,1-2,384,1.8999950885772705,1.0,1.0,0.8571234345436096,0.0
late_state_ce,stable_plain,12,1-2,512,1.892232894897461,1.0,1.0,0.8988991379737854,0.0
late_state_ce,stable_plain,12,1-2,768,1.8796268701553345,1.0,1.0,0.9576619863510132,0.0
late_state_ce,stable_plain,12,1-2,1024,1.8701890707015991,1.0,1.0,0.9992954134941101,0.0
late_state_ce,stable_plain,13,1-2,0,-1.608154296875,0.09090909361839294,0.0,0.0,0.9090908765792847
late_state_ce,stable_plain,13,1-2,1,0.1879427433013916,0.4909090995788574,0.0555555559694767,0.0,0.5090909004211426
late_state_ce,stable_plain,13,1-2,2,0.27205318212509155,0.5454545617103577,0.1111111119389534,0.0,0.45454543828964233
late_state_ce,stable_plain,13,1-2,4,0.4303714632987976,0.6727272868156433,0.2222222238779068,0.0,0.3272727131843567
late_state_ce,stable_plain,13,1-2,8,0.4484266936779022,0.5636363625526428,0.4444444477558136,0.0,0.4363636374473572
late_state_ce,stable_plain,13,1-2,12,0.4470784664154053,0.5090909004211426,0.6666666865348816,0.0,0.4909090995788574
late_state_ce,stable_plain,13,1-2,16,0.30723387002944946,0.6909090876579285,0.8888888955116272,0.0,0.30909091234207153
late_state_ce,stable_plain,13,1-2,24,1.857678771018982,1.0,1.0,0.2999155819416046,0.0
late_state_ce,stable_plain,13,1-2,32,2.07128643989563,1.0,1.0,0.39988744258880615,0.0
late_state_ce,stable_plain,13,1-2,48,2.0547373294830322,1.0,1.0,0.4998593032360077,0.0
late_state_ce,stable_plain,13,1-2,64,2.0345137119293213,1.0,1.0,0.5583390593528748,0.0
late_state_ce,stable_plain,13,1-2,96,2.013603448867798,1.0,1.0,0.6320148706436157,0.0
late_state_ce,stable_plain,13,1-2,128,2.0041983127593994,1.0,1.0,0.6805438995361328,0.0
late_state_ce,stable_plain,13,1-2,192,1.9918495416641235,1.0,1.0,0.7457332611083984,0.0
late_state_ce,stable_plain,13,1-2,256,1.9812453985214233,1.0,1.0,0.7904665470123291,0.0
late_state_ce,stable_plain,13,1-2,384,1.9645535945892334,1.0,1.0,0.8521163463592529,0.0
late_state_ce,stable_plain,13,1-2,512,1.950900673866272,1.0,1.0,0.8951676487922668,0.0
late_state_ce,stable_plain,13,1-2,768,1.9301356077194214,1.0,1.0,0.9551900029182434,0.0
late_state_ce,stable_plain,13,1-2,1024,1.9165236949920654,1.0,1.0,0.9974471926689148,0.0
late_state_ce,stable_plain,20,1-2,0,-1.6081544160842896,0.1071428582072258,0.0,0.0,0.8928571343421936
late_state_ce,stable_plain,20,1-2,1,0.10550498217344284,0.5714285969734192,0.1666666716337204,0.0,0.4285714030265808
late_state_ce,stable_plain,20,1-2,2,0.137813538312912,0.6607142686843872,0.3333333432674408,0.0,0.3392857313156128
late_state_ce,stable_plain,20,1-2,4,0.2442132979631424,0.9285714030265808,0.6666666865348816,0.0,0.07142859697341919
late_state_ce,stable_plain,20,1-2,8,0.9272366166114807,1.0,1.0,0.19994372129440308,0.0
late_state_ce,stable_plain,20,1-2,12,1.7437095642089844,1.0,1.0,0.2999155819416046,0.0
late_state_ce,stable_plain,20,1-2,16,1.8976889848709106,1.0,1.0,0.35839536786079407,0.0
late_state_ce,stable_plain,20,1-2,24,1.947969913482666,1.0,1.0,0.43207117915153503,0.0
late_state_ce,stable_plain,20,1-2,32,1.9539376497268677,1.0,1.0,0.4806002080440521,0.0
late_state_ce,stable_plain,20,1-2,48,1.9544143676757812,1.0,1.0,0.5457895398139954,0.0
late_state_ce,stable_plain,20,1-2,64,1.956007957458496,1.0,1.0,0.590522825717926,0.0
late_state_ce,stable_plain,20,1-2,96,1.9578827619552612,1.0,1.0,0.6521726250648499,0.0
late_state_ce,stable_plain,20,1-2,128,1.9562102556228638,1.0,1.0,0.6952239274978638,0.0
late_state_ce,stable_plain,20,1-2,192,1.9471309185028076,1.0,1.0,0.7552462816238403,0.0
late_state_ce,stable_plain,20,1-2,256,1.9373184442520142,1.0,1.0,0.7975034713745117,0.0
late_state_ce,stable_plain,20,1-2,384,1.921259880065918,1.0,1.0,0.8567444086074829,0.0
late_state_ce,stable_plain,20,1-2,512,1.9097399711608887,1.0,1.0,0.8986155390739441,0.0
late_state_ce,stable_plain,20,1-2,768,1.8953300714492798,1.0,1.0,0.9574733972549438,0.0
late_state_ce,stable_plain,20,1-2,1024,1.8851178884506226,1.0,1.0,0.9991540908813477,0.0
late_state_ce,stable_plain,22,1-2,0,-1.6081544160842896,0.109375,0.0,0.0,0.890625
late_state_ce,stable_plain,22,1-2,1,0.7696398496627808,0.296875,0.1428571492433548,0.0,0.703125
late_state_ce,stable_plain,22,1-2,2,0.7787798047065735,0.5625,0.2857142984867096,0.0,0.4375
late_state_ce,stable_plain,22,1-2,4,0.7244747281074524,0.859375,0.5714285969734192,0.0,0.140625
late_state_ce,stable_plain,22,1-2,8,0.827124297618866,1.0,1.0,0.158451646566391,0.0
late_state_ce,stable_plain,22,1-2,12,1.6949915885925293,1.0,1.0,0.28065648674964905,0.0
late_state_ce,stable_plain,22,1-2,16,1.8854073286056519,1.0,1.0,0.3458458185195923,0.0
late_state_ce,stable_plain,22,1-2,24,1.9650131464004517,1.0,1.0,0.4246731996536255,0.0
late_state_ce,stable_plain,22,1-2,32,1.9856846332550049,1.0,1.0,0.475354939699173,0.0
late_state_ce,stable_plain,22,1-2,48,1.9971455335617065,1.0,1.0,0.5424737930297852,0.0
late_state_ce,stable_plain,22,1-2,64,2.0039398670196533,1.0,1.0,0.5880987644195557,0.0
late_state_ce,stable_plain,22,1-2,96,2.011502504348755,1.0,1.0,0.6505963206291199,0.0
late_state_ce,stable_plain,22,1-2,128,2.0123870372772217,1.0,1.0,0.6940560936927795,0.0
late_state_ce,stable_plain,22,1-2,192,2.0052151679992676,1.0,1.0,0.7544770836830139,0.0
late_state_ce,stable_plain,22,1-2,256,1.9958754777908325,1.0,1.0,0.7969300150871277,0.0
late_state_ce,stable_plain,22,1-2,384,1.979784607887268,1.0,1.0,0.8563643097877502,0.0
late_state_ce,stable_plain,22,1-2,512,1.9657142162322998,1.0,1.0,0.8983312845230103,0.0
late_state_ce,stable_plain,22,1-2,768,1.9444491863250732,1.0,1.0,0.9572844505310059,0.0
late_state_ce,stable_plain,22,1-2,1024,1.9309313297271729,1.0,1.0,0.9990125894546509,0.0
late_state_ce,stable_plain,27,3-10,0,-1.608154296875,0.12727272510528564,0.0,0.0,0.8727272748947144
late_state_ce,stable_plain,27,3-10,1,0.5948323011398315,0.5272727012634277,0.1666666716337204,0.0,0.47272729873657227
late_state_ce,stable_plain,27,3-10,2,0.6982077360153198,0.6727272868156433,0.3333333432674408,0.0,0.3272727131843567
late_state_ce,stable_plain,27,3-10,4,0.7554225921630859,0.7636363506317139,0.6666666865348816,0.0,0.23636364936828613
late_state_ce,stable_plain,27,3-10,8,1.0071911811828613,1.0,1.0,0.19994372129440308,0.0
late_state_ce,stable_plain,27,3-10,12,1.7557100057601929,1.0,1.0,0.2999155819416046,0.0
late_state_ce,stable_plain,27,3-10,16,1.9003854990005493,1.0,1.0,0.35839536786079407,0.0
late_state_ce,stable_plain,27,3-10,24,1.9441403150558472,1.0,1.0,0.43207117915153503,0.0
late_state_ce,stable_plain,27,3-10,32,1.950448751449585,1.0,1.0,0.4806002080440521,0.0
late_state_ce,stable_plain,27,3-10,48,1.9488474130630493,1.0,1.0,0.5457895398139954,0.0
late_state_ce,stable_plain,27,3-10,64,1.9473438262939453,1.0,1.0,0.590522825717926,0.0
late_state_ce,stable_plain,27,3-10,96,1.9433270692825317,1.0,1.0,0.6521726250648499,0.0
late_state_ce,stable_plain,27,3-10,128,1.9353848695755005,1.0,1.0,0.6952239274978638,0.0
late_state_ce,stable_plain,27,3-10,192,1.9149280786514282,1.0,1.0,0.7552462816238403,0.0
late_state_ce,stable_plain,27,3-10,256,1.8958293199539185,1.0,1.0,0.7975034713745117,0.0
late_state_ce,stable_plain,27,3-10,384,1.8691866397857666,1.0,1.0,0.8567444086074829,0.0
late_state_ce,stable_plain,27,3-10,512,1.8521960973739624,1.0,1.0,0.8986155390739441,0.0
late_state_ce,stable_plain,27,3-10,768,1.831860065460205,1.0,1.0,0.9574733972549438,0.0
late_state_ce,stable_plain,27,3-10,1024,1.8208889961242676,1.0,1.0,0.9991540908813477,0.0
late_state_ce,stable_plain,29,3-10,0,-1.6081541776657104,0.09259258955717087,0.0,0.0,0.9074074029922485
late_state_ce,stable_plain,29,3-10,1,0.3794396221637726,0.48148149251937866,0.1666666716337204,0.0,0.5185185074806213
late_state_ce,stable_plain,29,3-10,2,0.2607625722885132,0.5925925970077515,0.3333333432674408,0.0,0.40740740299224854
late_state_ce,stable_plain,29,3-10,4,0.6932297348976135,0.8888888955116272,0.6666666865348816,0.0,0.1111111044883728
late_state_ce,stable_plain,29,3-10,8,1.0062780380249023,1.0,1.0,0.19994372129440308,0.0
late_state_ce,stable_plain,29,3-10,12,1.6882401704788208,1.0,1.0,0.2999155819416046,0.0
late_state_ce,stable_plain,29,3-10,16,1.8813049793243408,1.0,1.0,0.35839536786079407,0.0
late_state_ce,stable_plain,29,3-10,24,1.940325140953064,1.0,1.0,0.43207117915153503,0.0
late_state_ce,stable_plain,29,3-10,32,1.9475895166397095,1.0,1.0,0.4806002080440521,0.0
late_state_ce,stable_plain,29,3-10,48,1.9474833011627197,1.0,1.0,0.5457895398139954,0.0
late_state_ce,stable_plain,29,3-10,64,1.9479479789733887,1.0,1.0,0.590522825717926,0.0
late_state_ce,stable_plain,29,3-10,96,1.949233055114746,1.0,1.0,0.6521726250648499,0.0
late_state_ce,stable_plain,29,3-10,128,1.9473716020584106,1.0,1.0,0.6952239274978638,0.0
late_state_ce,stable_plain,29,3-10,192,1.938623309135437,1.0,1.0,0.7552462816238403,0.0
late_state_ce,stable_plain,29,3-10,256,1.9294840097427368,1.0,1.0,0.7975034713745117,0.0
late_state_ce,stable_plain,29,3-10,384,1.914816975593567,1.0,1.0,0.8567444086074829,0.0
late_state_ce,stable_plain,29,3-10,512,1.9045944213867188,1.0,1.0,0.8986155390739441,0.0
late_state_ce,stable_plain,29,3-10,768,1.889329195022583,1.0,1.0,0.9574733972549438,0.0
late_state_ce,stable_plain,29,3-10,1024,1.8790677785873413,1.0,1.0,0.9991540908813477,0.0
late_state_ce,stable_plain,30,3-10,0,-1.6081544160842896,0.125,0.0,0.0,0.875
late_state_ce,stable_plain,30,3-10,1,0.5119786858558655,0.3928571343421936,0.1428571492433548,0.0,0.6071428656578064
late_state_ce,stable_plain,30,3-10,2,0.576137363910675,0.6428571343421936,0.2857142984867096,0.0,0.3571428656578064
late_state_ce,stable_plain,30,3-10,4,0.5996414422988892,0.7142857313156128,0.5714285969734192,0.0,0.2857142686843872
late_state_ce,stable_plain,30,3-10,8,0.7580347061157227,1.0,1.0,0.158451646566391,0.0
late_state_ce,stable_plain,30,3-10,12,1.7176635265350342,1.0,1.0,0.28065648674964905,0.0
late_state_ce,stable_plain,30,3-10,16,1.899126410484314,1.0,1.0,0.3458458185195923,0.0
late_state_ce,stable_plain,30,3-10,24,1.9504868984222412,1.0,1.0,0.4246731996536255,0.0
late_state_ce,stable_plain,30,3-10,32,1.9543919563293457,1.0,1.0,0.475354939699173,0.0
late_state_ce,stable_plain,30,3-10,48,1.9479467868804932,1.0,1.0,0.5424737930297852,0.0
late_state_ce,stable_plain,30,3-10,64,1.9438340663909912,1.0,1.0,0.5880987644195557,0.0
late_state_ce,stable_plain,30,3-10,96,1.9404833316802979,1.0,1.0,0.6505963206291199,0.0
late_state_ce,stable_plain,30,3-10,128,1.935841679573059,1.0,1.0,0.6940560936927795,0.0
late_state_ce,stable_plain,30,3-10,192,1.9230135679244995,1.0,1.0,0.7544770836830139,0.0
late_state_ce,stable_plain,30,3-10,256,1.9106998443603516,1.0,1.0,0.7969300150871277,0.0
late_state_ce,stable_plain,30,3-10,384,1.8926700353622437,1.0,1.0,0.8563643097877502,0.0
late_state_ce,stable_plain,30,3-10,512,1.8791334629058838,1.0,1.0,0.8983312845230103,0.0
late_state_ce,stable_plain,30,3-10,768,1.8604999780654907,1.0,1.0,0.9572844505310059,0.0
late_state_ce,stable_plain,30,3-10,1024,1.8482195138931274,1.0,1.0,0.9990125894546509,0.0
late_state_ce,stable_plain,35,3-10,0,-1.6081544160842896,0.12068965286016464,0.0,0.0,0.8793103694915771
late_state_ce,stable_plain,35,3-10,1,0.54048752784729,0.3965517282485962,0.09090909361839294,0.0,0.6034482717514038
late_state_ce,stable_plain,35,3-10,2,0.5924282670021057,0.568965494632721,0.1818181872367859,0.0,0.43103450536727905
late_state_ce,stable_plain,35,3-10,4,0.6651762127876282,0.5344827771186829,0.3636363744735718,0.0,0.46551722288131714
late_state_ce,stable_plain,35,3-10,8,0.6846864819526672,0.6896551847457886,0.7272727489471436,0.0,0.3103448152542114
late_state_ce,stable_plain,35,3-10,12,0.5168522000312805,1.0,1.0,0.158451646566391,0.0
late_state_ce,stable_plain,35,3-10,16,1.4893823862075806,1.0,1.0,0.28065648674964905,0.0
late_state_ce,stable_plain,35,3-10,24,1.9592283964157104,1.0,1.0,0.39057910442352295,0.0
late_state_ce,stable_plain,35,3-10,32,2.009193181991577,1.0,1.0,0.4522289037704468,0.0
late_state_ce,stable_plain,35,3-10,48,2.0158252716064453,1.0,1.0,0.5283914804458618,0.0
late_state_ce,stable_plain,35,3-10,64,2.0111122131347656,1.0,1.0,0.5779733061790466,0.0
late_state_ce,stable_plain,35,3-10,96,2.006129741668701,1.0,1.0,0.6441130042076111,0.0
late_state_ce,stable_plain,35,3-10,128,2.0018656253814697,1.0,1.0,0.6892877221107483,0.0
late_state_ce,stable_plain,35,3-10,192,1.9909087419509888,1.0,1.0,0.7513584494590759,0.0
late_state_ce,stable_plain,35,3-10,256,1.980499267578125,1.0,1.0,0.7946130633354187,0.0
late_state_ce,stable_plain,35,3-10,384,1.962842345237732,1.0,1.0,0.8548340797424316,0.0
late_state_ce,stable_plain,35,3-10,512,1.9493682384490967,1.0,1.0,0.8971889019012451,0.0
late_state_ce,stable_plain,35,3-10,768,1.9302438497543335,1.0,1.0,0.9565263390541077,0.0
late_state_ce,stable_plain,35,3-10,1024,1.9174119234085083,1.0,1.0,0.9984452724456787,0.0
late_state_ce,stable_plain,36,11-50,0,-1.608154296875,0.145454540848732,0.0,0.0,0.8545454740524292
late_state_ce,stable_plain,36,11-50,1,0.5798369646072388,0.4363636374473572,0.20000000298023224,0.0,0.5636363625526428
late_state_ce,stable_plain,36,11-50,2,0.45278793573379517,0.6909090876579285,0.4000000059604645,0.0,0.30909091234207153
late_state_ce,stable_plain,36,11-50,4,0.7909721732139587,0.9636363387107849,0.800000011920929,0.0,0.03636366128921509
late_state_ce,stable_plain,36,11-50,8,1.3792550563812256,1.0,1.0,0.23212747275829315,0.0
late_state_ce,stable_plain,36,11-50,12,1.7963894605636597,1.0,1.0,0.316903293132782,0.0
late_state_ce,stable_plain,36,11-50,16,1.880434274673462,1.0,1.0,0.3699398338794708,0.0
late_state_ce,stable_plain,36,11-50,24,1.8994916677474976,1.0,1.0,0.43910813331604004,0.0
late_state_ce,stable_plain,36,11-50,32,1.895000696182251,1.0,1.0,0.4856613576412201,0.0
late_state_ce,stable_plain,36,11-50,48,1.883178949356079,1.0,1.0,0.5490307807922363,0.0
late_state_ce,stable_plain,36,11-50,64,1.8773415088653564,1.0,1.0,0.5929068326950073,0.0
late_state_ce,stable_plain,36,11-50,96,1.875352144241333,1.0,1.0,0.6537318229675293,0.0
late_state_ce,stable_plain,36,11-50,128,1.8731920719146729,1.0,1.0,0.6963824033737183,0.0
late_state_ce,stable_plain,36,11-50,192,1.8641058206558228,1.0,1.0,0.756011426448822,0.0
late_state_ce,stable_plain,36,11-50,256,1.854508876800537,1.0,1.0,0.7980747222900391,0.0
late_state_ce,stable_plain,36,11-50,384,1.8384400606155396,1.0,1.0,0.8571234345436096,0.0
late_state_ce,stable_plain,36,11-50,512,1.8256878852844238,1.0,1.0,0.8988991379737854,0.0
late_state_ce,stable_plain,36,11-50,768,1.8069250583648682,1.0,1.0,0.9576619863510132,0.0
late_state_ce,stable_plain,36,11-50,1024,1.794643521308899,1.0,1.0,0.9992954134941101,0.0
late_state_ce,stable_plain,38,11-50,0,-1.608154296875,0.09090909361839294,0.0,0.0,0.9090908765792847
late_state_ce,stable_plain,38,11-50,1,0.041152678430080414,0.5272727012634277,0.20000000298023224,0.0,0.47272729873657227
late_state_ce,stable_plain,38,11-50,2,0.015092243440449238,0.6363636255264282,0.4000000059604645,0.0,0.3636363744735718
late_state_ce,stable_plain,38,11-50,4,0.7977516651153564,0.8181818127632141,0.800000011920929,0.0,0.1818181872367859
late_state_ce,stable_plain,38,11-50,8,1.3467642068862915,1.0,1.0,0.23212747275829315,0.0
late_state_ce,stable_plain,38,11-50,12,1.8877689838409424,1.0,1.0,0.316903293132782,0.0
late_state_ce,stable_plain,38,11-50,16,2.01971173286438,1.0,1.0,0.3699398338794708,0.0
late_state_ce,stable_plain,38,11-50,24,2.067338705062866,1.0,1.0,0.43910813331604004,0.0
late_state_ce,stable_plain,38,11-50,32,2.0743062496185303,1.0,1.0,0.4856613576412201,0.0
late_state_ce,stable_plain,38,11-50,48,2.0757346153259277,1.0,1.0,0.5490307807922363,0.0
late_state_ce,stable_plain,38,11-50,64,2.077500581741333,1.0,1.0,0.5929068326950073,0.0
late_state_ce,stable_plain,38,11-50,96,2.080014228820801,1.0,1.0,0.6537318229675293,0.0
late_state_ce,stable_plain,38,11-50,128,2.078678607940674,1.0,1.0,0.6963824033737183,0.0
late_state_ce,stable_plain,38,11-50,192,2.071898937225342,1.0,1.0,0.756011426448822,0.0
late_state_ce,stable_plain,38,11-50,256,2.0652782917022705,1.0,1.0,0.7980747222900391,0.0
late_state_ce,stable_plain,38,11-50,384,2.0555293560028076,1.0,1.0,0.8571234345436096,0.0
late_state_ce,stable_plain,38,11-50,512,2.0480775833129883,1.0,1.0,0.8988991379737854,0.0
late_state_ce,stable_plain,38,11-50,768,2.0355658531188965,1.0,1.0,0.9576619863510132,0.0
late_state_ce,stable_plain,38,11-50,1024,2.025895357131958,1.0,1.0,0.9992954134941101,0.0
late_state_ce,stable_plain,41,11-50,0,-1.608154296875,0.14035087823867798,0.0,0.0,0.859649121761322
late_state_ce,stable_plain,41,11-50,1,0.002245054580271244,0.4736842215061188,0.25,0.0,0.5263158082962036
late_state_ce,stable_plain,41,11-50,2,-0.09752878546714783,0.7719298005104065,0.5,0.0,0.2280701994895935
late_state_ce,stable_plain,41,11-50,4,0.3233886957168579,1.0,1.0,0.09997186064720154,0.0
late_state_ce,stable_plain,41,11-50,8,1.550548791885376,1.0,1.0,0.25842350721359253,0.0
late_state_ce,stable_plain,41,11-50,12,1.899836540222168,1.0,1.0,0.3320993185043335,0.0
late_state_ce,stable_plain,41,11-50,16,1.9609968662261963,1.0,1.0,0.3806283473968506,0.0
late_state_ce,stable_plain,41,11-50,24,1.9753490686416626,1.0,1.0,0.4458176791667938,0.0
late_state_ce,stable_plain,41,11-50,32,1.973766803741455,1.0,1.0,0.4905509650707245,0.0
late_state_ce,stable_plain,41,11-50,48,1.9698843955993652,1.0,1.0,0.5522007346153259,0.0
late_state_ce,stable_plain,41,11-50,64,1.9689555168151855,1.0,1.0,0.5952520370483398,0.0
late_state_ce,stable_plain,41,11-50,96,1.966935396194458,1.0,1.0,0.6552744507789612,0.0
late_state_ce,stable_plain,41,11-50,128,1.960615634918213,1.0,1.0,0.6975316405296326,0.0
late_state_ce,stable_plain,41,11-50,192,1.9444739818572998,1.0,1.0,0.756772518157959,0.0
late_state_ce,stable_plain,41,11-50,256,1.931168794631958,1.0,1.0,0.7986436486244202,0.0
late_state_ce,stable_plain,41,11-50,384,1.914846420288086,1.0,1.0,0.8575015068054199,0.0
late_state_ce,stable_plain,41,11-50,512,1.9040570259094238,1.0,1.0,0.8991822004318237,0.0
late_state_ce,stable_plain,41,11-50,768,1.8879719972610474,1.0,1.0,0.9578503966331482,0.0
late_state_ce,stable_plain,41,11-50,1024,1.87730872631073,1.0,1.0,0.999436616897583,0.0
late_state_ce,stable_plain,47,11-50,0,-1.6081544160842896,0.10526315867900848,0.0,0.0,0.8947368264198303
late_state_ce,stable_plain,47,11-50,1,0.3720567226409912,0.3684210479259491,0.05882352963089943,0.0,0.6315789222717285
late_state_ce,stable_plain,47,11-50,2,0.36842215061187744,0.38596490025520325,0.11764705926179886,0.0,0.6140351295471191
late_state_ce,stable_plain,47,11-50,4,0.4020755887031555,0.28070175647735596,0.23529411852359772,0.0,0.719298243522644
late_state_ce,stable_plain,47,11-50,8,0.4131476581096649,0.2631579041481018,0.47058823704719543,0.0,0.7368420958518982
late_state_ce,stable_plain,47,11-50,12,0.2349640130996704,0.31578946113586426,0.7058823704719543,0.0,0.6842105388641357
late_state_ce,stable_plain,47,11-50,16,0.31028053164482117,0.8070175647735596,0.9411764740943909,0.0,0.19298243522644043
late_state_ce,stable_plain,47,11-50,24,1.9072275161743164,1.0,1.0,0.316903293132782,0.0
late_state_ce,stable_plain,47,11-50,32,2.0538442134857178,1.0,1.0,0.40863126516342163,0.0
late_state_ce,stable_plain,47,11-50,48,2.0368664264678955,1.0,1.0,0.5042974352836609,0.0
late_state_ce,stable_plain,47,11-50,64,2.0133070945739746,1.0,1.0,0.5613129734992981,0.0
late_state_ce,stable_plain,47,11-50,96,1.989795446395874,1.0,1.0,0.633806586265564,0.0
late_state_ce,stable_plain,47,11-50,128,1.979554295539856,1.0,1.0,0.6818259954452515,0.0
late_state_ce,stable_plain,47,11-50,192,1.9650925397872925,1.0,1.0,0.746550440788269,0.0
late_state_ce,stable_plain,47,11-50,256,1.9533581733703613,1.0,1.0,0.7910662293434143,0.0
late_state_ce,stable_plain,47,11-50,384,1.9362670183181763,1.0,1.0,0.8525077104568481,0.0
late_state_ce,stable_plain,47,11-50,512,1.9230724573135376,1.0,1.0,0.8954581022262573,0.0
late_state_ce,stable_plain,47,11-50,768,1.9000834226608276,1.0,1.0,0.9553816914558411,0.0
late_state_ce,stable_plain,47,11-50,1024,1.8820230960845947,1.0,1.0,0.9975902438163757,0.0
late_state_ce,stable_plain,51,51+,0,-1.608154296875,0.13793103396892548,0.0,0.0,0.8620689511299133
late_state_ce,stable_plain,51,51+,1,0.39222750067710876,0.4137931168079376,0.1428571492433548,0.0,0.5862069129943848
late_state_ce,stable_plain,51,51+,2,0.2950664460659027,0.517241358757019,0.2857142984867096,0.0,0.48275864124298096
late_state_ce,stable_plain,51,51+,4,0.45176663994789124,0.8103448152542114,0.5714285969734192,0.0,0.18965518474578857
late_state_ce,stable_plain,51,51+,8,0.46473008394241333,1.0,1.0,0.158451646566391,0.0
late_state_ce,stable_plain,51,51+,12,1.5544120073318481,1.0,1.0,0.28065648674964905,0.0
late_state_ce,stable_plain,51,51+,16,1.843550205230713,1.0,1.0,0.3458458185195923,0.0
late_state_ce,stable_plain,51,51+,24,1.9359517097473145,1.0,1.0,0.4246731996536255,0.0
late_state_ce,stable_plain,51,51+,32,1.9500720500946045,1.0,1.0,0.475354939699173,0.0
late_state_ce,stable_plain,51,51+,48,1.9534567594528198,1.0,1.0,0.5424737930297852,0.0
late_state_ce,stable_plain,51,51+,64,1.955999493598938,1.0,1.0,0.5880987644195557,0.0
late_state_ce,stable_plain,51,51+,96,1.9619827270507812,1.0,1.0,0.6505963206291199,0.0
late_state_ce,stable_plain,51,51+,128,1.9630206823349,1.0,1.0,0.6940560936927795,0.0
late_state_ce,stable_plain,51,51+,192,1.9579291343688965,1.0,1.0,0.7544770836830139,0.0
late_state_ce,stable_plain,51,51+,256,1.9515607357025146,1.0,1.0,0.7969300150871277,0.0
late_state_ce,stable_plain,51,51+,384,1.9411484003067017,1.0,1.0,0.8563643097877502,0.0
late_state_ce,stable_plain,51,51+,512,1.9325214624404907,1.0,1.0,0.8983312845230103,0.0
late_state_ce,stable_plain,51,51+,768,1.91941499710083,1.0,1.0,0.9572844505310059,0.0
late_state_ce,stable_plain,51,51+,1024,1.9106029272079468,1.0,1.0,0.9990125894546509,0.0
late_state_ce,stable_plain,52,51+,0,-1.6081544160842896,0.1428571492433548,0.0,0.0,0.8571428656578064
late_state_ce,stable_plain,52,51+,1,-0.11822564154863358,0.4107142984867096,0.0714285746216774,0.0,0.5892857313156128
late_state_ce,stable_plain,52,51+,2,-0.16298936307430267,0.5178571343421936,0.1428571492433548,0.0,0.4821428656578064
late_state_ce,stable_plain,52,51+,4,0.02562483213841915,0.5357142686843872,0.2857142984867096,0.0,0.4642857313156128
late_state_ce,stable_plain,52,51+,8,0.3476456105709076,0.625,0.5714285969734192,0.0,0.375
late_state_ce,stable_plain,52,51+,12,0.06675662845373154,0.8214285969734192,0.8571428656578064,0.0,0.1785714030265808
late_state_ce,stable_plain,52,51+,16,0.7346459031105042,1.0,1.0,0.19994372129440308,0.0
late_state_ce,stable_plain,52,51+,24,1.9203590154647827,1.0,1.0,0.35839536786079407,0.0
late_state_ce,stable_plain,52,51+,32,1.9687250852584839,1.0,1.0,0.43207117915153503,0.0
late_state_ce,stable_plain,52,51+,48,1.9524301290512085,1.0,1.0,0.5168470144271851,0.0
late_state_ce,stable_plain,52,51+,64,1.9378373622894287,1.0,1.0,0.5698835253715515,0.0
late_state_ce,stable_plain,52,51+,96,1.924952745437622,1.0,1.0,0.6390518546104431,0.0
late_state_ce,stable_plain,52,51+,128,1.9198076725006104,1.0,1.0,0.6856051087379456,0.0
late_state_ce,stable_plain,52,51+,192,1.9109809398651123,1.0,1.0,0.7489745020866394,0.0
late_state_ce,stable_plain,52,51+,256,1.904076337814331,1.0,1.0,0.7928504943847656,0.0
late_state_ce,stable_plain,52,51+,384,1.893543004989624,1.0,1.0,0.8536755442619324,0.0
late_state_ce,stable_plain,52,51+,512,1.8855252265930176,1.0,1.0,0.8963261246681213,0.0
late_state_ce,stable_plain,52,51+,768,1.873740315437317,1.0,1.0,0.9559551477432251,0.0
late_state_ce,stable_plain,52,51+,1024,1.865691065788269,1.0,1.0,0.9980184435844421,0.0
late_state_ce,stable_plain,53,51+,0,-1.608154296875,0.1090909093618393,0.0,0.0,0.8909090757369995
late_state_ce,stable_plain,53,51+,1,0.6068987846374512,0.5454545617103577,0.25,0.0,0.45454543828964233
late_state_ce,stable_plain,53,51+,2,0.34849727153778076,0.7636363506317139,0.5,0.0,0.23636364936828613
late_state_ce,stable_plain,53,51+,4,0.7404240369796753,1.0,1.0,0.09997186064720154,0.0
late_state_ce,stable_plain,53,51+,8,1.538849115371704,1.0,1.0,0.25842350721359253,0.0
late_state_ce,stable_plain,53,51+,12,1.885249376296997,1.0,1.0,0.3320993185043335,0.0
late_state_ce,stable_plain,53,51+,16,1.9489411115646362,1.0,1.0,0.3806283473968506,0.0
late_state_ce,stable_plain,53,51+,24,1.9670321941375732,1.0,1.0,0.4458176791667938,0.0
late_state_ce,stable_plain,53,51+,32,1.9682358503341675,1.0,1.0,0.4905509650707245,0.0
late_state_ce,stable_plain,53,51+,48,1.9658710956573486,1.0,1.0,0.5522007346153259,0.0
late_state_ce,stable_plain,53,51+,64,1.965372920036316,1.0,1.0,0.5952520370483398,0.0
late_state_ce,stable_plain,53,51+,96,1.96686589717865,1.0,1.0,0.6552744507789612,0.0
late_state_ce,stable_plain,53,51+,128,1.9666895866394043,1.0,1.0,0.6975316405296326,0.0
late_state_ce,stable_plain,53,51+,192,1.9624642133712769,1.0,1.0,0.756772518157959,0.0
late_state_ce,stable_plain,53,51+,256,1.9571707248687744,1.0,1.0,0.7986436486244202,0.0
late_state_ce,stable_plain,53,51+,384,1.9476567506790161,1.0,1.0,0.8575015068054199,0.0
late_state_ce,stable_plain,53,51+,512,1.9396506547927856,1.0,1.0,0.8991822004318237,0.0
late_state_ce,stable_plain,53,51+,768,1.927182912826538,1.0,1.0,0.9578503966331482,0.0
late_state_ce,stable_plain,53,51+,1024,1.9181797504425049,1.0,1.0,0.999436616897583,0.0
late_state_ce,stable_plain,56,51+,0,-1.608154535293579,0.11666666716337204,0.0,0.0,0.8833333253860474
late_state_ce,stable_plain,56,51+,1,0.7321860194206238,0.3499999940395355,0.029411764815449715,0.0,0.6499999761581421
late_state_ce,stable_plain,56,51+,2,0.788979709148407,0.5166666507720947,0.05882352963089943,0.0,0.4833333492279053
late_state_ce,stable_plain,56,51+,4,0.8628073930740356,0.46666666865348816,0.11764705926179886,0.0,0.5333333015441895
late_state_ce,stable_plain,56,51+,8,0.7010010480880737,0.5333333611488342,0.23529411852359772,0.0,0.46666663885116577
late_state_ce,stable_plain,56,51+,12,0.5878030061721802,0.5833333134651184,0.3529411852359772,0.0,0.4166666865348816
late_state_ce,stable_plain,56,51+,16,0.6075431108474731,0.5166666507720947,0.47058823704719543,0.0,0.4833333492279053
late_state_ce,stable_plain,56,51+,24,0.6004744172096252,0.5,0.7058823704719543,0.0,0.5
late_state_ce,stable_plain,56,51+,32,0.49340271949768066,0.6333333253860474,0.9411764740943909,0.0,0.36666667461395264
late_state_ce,stable_plain,56,51+,48,2.0307564735412598,1.0,1.0,0.39988744258880615,0.0
late_state_ce,stable_plain,56,51+,64,2.0086514949798584,1.0,1.0,0.4998593032360077,0.0
late_state_ce,stable_plain,56,51+,96,1.9387965202331543,1.0,1.0,0.5998311638832092,0.0
late_state_ce,stable_plain,56,51+,128,1.9110252857208252,1.0,1.0,0.6583109498023987,0.0
late_state_ce,stable_plain,56,51+,192,1.8918317556381226,1.0,1.0,0.7319867610931396,0.0
late_state_ce,stable_plain,56,51+,256,1.8825291395187378,1.0,1.0,0.780515730381012,0.0
late_state_ce,stable_plain,56,51+,384,1.8694034814834595,1.0,1.0,0.8457050919532776,0.0
late_state_ce,stable_plain,56,51+,512,1.8589073419570923,1.0,1.0,0.8904383778572083,0.0
late_state_ce,stable_plain,56,51+,768,1.8471204042434692,1.0,1.0,0.9520881772041321,0.0
late_state_ce,stable_plain,56,51+,1024,1.8407782316207886,1.0,1.0,0.995139479637146,0.0
late_state_ce,collapsed_plain,1,0,0,-0.9713161587715149,0.12727272510528564,0.0,0.0,0.8727272748947144
late_state_ce,collapsed_plain,1,0,1,-0.344310998916626,0.6181818246841431,0.20000000298023224,0.0,0.38181817531585693
late_state_ce,collapsed_plain,1,0,2,-0.40034449100494385,0.7636363506317139,0.4000000059604645,0.0,0.23636364936828613
late_state_ce,collapsed_plain,1,0,4,-0.5657991170883179,0.9090909361839294,0.800000011920929,0.0,0.09090906381607056
late_state_ce,collapsed_plain,1,0,8,-0.6103543043136597,1.0,1.0,0.23212747275829315,0.0
late_state_ce,collapsed_plain,1,0,12,-0.6014922857284546,1.0,1.0,0.316903293132782,0.0
late_state_ce,collapsed_plain,1,0,16,-0.6132695078849792,1.0,1.0,0.3699398338794708,0.0
late_state_ce,collapsed_plain,1,0,24,-0.6312420964241028,1.0,1.0,0.43910813331604004,0.0
late_state_ce,collapsed_plain,1,0,32,-0.6403017044067383,1.0,1.0,0.4856613576412201,0.0
late_state_ce,collapsed_plain,1,0,48,-0.6401638984680176,1.0,1.0,0.5490307807922363,0.0
late_state_ce,collapsed_plain,1,0,64,-0.6319223642349243,1.0,1.0,0.5929068326950073,0.0
late_state_ce,collapsed_plain,1,0,96,-0.6042170524597168,1.0,1.0,0.6537318229675293,0.0
late_state_ce,collapsed_plain,1,0,128,-0.56849205493927,1.0,1.0,0.6963824033737183,0.0
late_state_ce,collapsed_plain,1,0,192,-0.4948713481426239,1.0,1.0,0.756011426448822,0.0
late_state_ce,collapsed_plain,1,0,256,-0.4044538140296936,1.0,1.0,0.7980747222900391,0.0
late_state_ce,collapsed_plain,1,0,384,-0.2562980353832245,1.0,1.0,0.8571234345436096,0.0
late_state_ce,collapsed_plain,1,0,512,-0.15129633247852325,1.0,1.0,0.8988991379737854,0.0
late_state_ce,collapsed_plain,1,0,768,-0.12191908806562424,0.9818181991577148,1.0,0.0,0.018181800842285156
late_state_ce,collapsed_plain,1,0,1024,-0.1680505871772766,0.9272727370262146,1.0,0.0,0.0727272629737854
late_state_ce,collapsed_plain,4,0,0,-0.9713161587715149,0.1428571492433548,0.0,0.0,0.8571428656578064
late_state_ce,collapsed_plain,4,0,1,-0.4132287800312042,0.5535714030265808,0.20000000298023224,0.0,0.4464285969734192
late_state_ce,collapsed_plain,4,0,2,-0.36635875701904297,0.7142857313156128,0.4000000059604645,0.0,0.2857142686843872
late_state_ce,collapsed_plain,4,0,4,-0.5722479820251465,0.9464285969734192,0.800000011920929,0.0,0.05357140302658081
late_state_ce,collapsed_plain,4,0,8,-0.691842257976532,1.0,1.0,0.23212747275829315,0.0
late_state_ce,collapsed_plain,4,0,12,-0.6743175387382507,1.0,1.0,0.316903293132782,0.0
late_state_ce,collapsed_plain,4,0,16,-0.6782492995262146,1.0,1.0,0.3699398338794708,0.0
late_state_ce,collapsed_plain,4,0,24,-0.6840053200721741,1.0,1.0,0.43910813331604004,0.0
late_state_ce,collapsed_plain,4,0,32,-0.6867847442626953,1.0,1.0,0.4856613576412201,0.0
late_state_ce,collapsed_plain,4,0,48,-0.6822115182876587,1.0,1.0,0.5490307807922363,0.0
late_state_ce,collapsed_plain,4,0,64,-0.6729899048805237,1.0,1.0,0.5929068326950073,0.0
late_state_ce,collapsed_plain,4,0,96,-0.6540847420692444,1.0,1.0,0.6537318229675293,0.0
late_state_ce,collapsed_plain,4,0,128,-0.6386747360229492,1.0,1.0,0.6963824033737183,0.0
late_state_ce,collapsed_plain,4,0,192,-0.6233358383178711,1.0,1.0,0.756011426448822,0.0
late_state_ce,collapsed_plain,4,0,256,-0.613649308681488,1.0,1.0,0.7980747222900391,0.0
late_state_ce,collapsed_plain,4,0,384,-0.6028277277946472,1.0,1.0,0.8571234345436096,0.0
late_state_ce,collapsed_plain,4,0,512,-0.5411359071731567,1.0,1.0,0.8988991379737854,0.0
late_state_ce,collapsed_plain,4,0,768,-0.5529806017875671,0.9464285969734192,1.0,0.0,0.05357140302658081
late_state_ce,collapsed_plain,4,0,1024,-0.3247901201248169,0.625,1.0,0.0,0.375
late_state_ce,collapsed_plain,8,0,0,-0.9713165163993835,0.1090909093618393,0.0,0.0,0.8909090757369995
late_state_ce,collapsed_plain,8,0,1,-0.5989351868629456,0.581818163394928,0.20000000298023224,0.0,0.418181836605072
late_state_ce,collapsed_plain,8,0,2,-0.5686941146850586,0.7636363506317139,0.4000000059604645,0.0,0.23636364936828613
late_state_ce,collapsed_plain,8,0,4,-0.5052734017372131,0.8181818127632141,0.800000011920929,0.0,0.1818181872367859
late_state_ce,collapsed_plain,8,0,8,-0.6535191535949707,1.0,1.0,0.23212747275829315,0.0
late_state_ce,collapsed_plain,8,0,12,-0.6794374585151672,1.0,1.0,0.316903293132782,0.0
late_state_ce,collapsed_plain,8,0,16,-0.701189398765564,1.0,1.0,0.3699398338794708,0.0
late_state_ce,collapsed_plain,8,0,24,-0.7094168663024902,1.0,1.0,0.43910813331604004,0.0
late_state_ce,collapsed_plain,8,0,32,-0.7025265097618103,1.0,1.0,0.4856613576412201,0.0
late_state_ce,collapsed_plain,8,0,48,-0.688058078289032,1.0,1.0,0.5490307807922363,0.0
late_state_ce,collapsed_plain,8,0,64,-0.6734488010406494,1.0,1.0,0.5929068326950073,0.0
late_state_ce,collapsed_plain,8,0,96,-0.6462087631225586,1.0,1.0,0.6537318229675293,0.0
late_state_ce,collapsed_plain,8,0,128,-0.6181978583335876,1.0,1.0,0.6963824033737183,0.0
late_state_ce,collapsed_plain,8,0,192,-0.5603797435760498,1.0,1.0,0.756011426448822,0.0
late_state_ce,collapsed_plain,8,0,256,-0.5097940564155579,1.0,1.0,0.7980747222900391,0.0
late_state_ce,collapsed_plain,8,0,384,-0.42359626293182373,1.0,1.0,0.8571234345436096,0.0
late_state_ce,collapsed_plain,8,0,512,-0.34526070952415466,1.0,1.0,0.8988991379737854,0.0
late_state_ce,collapsed_plain,8,0,768,-0.21718664467334747,0.9818181991577148,1.0,0.0,0.018181800842285156
late_state_ce,collapsed_plain,8,0,1024,-0.18406328558921814,0.6909090876579285,1.0,0.0,0.30909091234207153
late_state_ce,collapsed_plain,9,0,0,-0.9713165163993835,0.1111111119389534,0.0,0.0,0.8888888955116272
late_state_ce,collapsed_plain,9,0,1,-0.5573542714118958,0.6111111044883728,0.1666666716337204,0.0,0.3888888955116272
late_state_ce,collapsed_plain,9,0,2,-0.56441730260849,0.7037037014961243,0.3333333432674408,0.0,0.29629629850387573
late_state_ce,collapsed_plain,9,0,4,-0.6383675336837769,0.7222222089767456,0.6666666865348816,0.0,0.2777777910232544
late_state_ce,collapsed_plain,9,0,8,-0.7814534306526184,1.0,1.0,0.19994372129440308,0.0
late_state_ce,collapsed_plain,9,0,12,-0.6652348637580872,1.0,1.0,0.2999155819416046,0.0
late_state_ce,collapsed_plain,9,0,16,-0.6860857605934143,1.0,1.0,0.35839536786079407,0.0
late_state_ce,collapsed_plain,9,0,24,-0.7053704857826233,1.0,1.0,0.43207117915153503,0.0
late_state_ce,collapsed_plain,9,0,32,-0.7104347944259644,1.0,1.0,0.4806002080440521,0.0
late_state_ce,collapsed_plain,9,0,48,-0.7059479355812073,1.0,1.0,0.5457895398139954,0.0
late_state_ce,collapsed_plain,9,0,64,-0.6980060935020447,1.0,1.0,0.590522825717926,0.0
late_state_ce,collapsed_plain,9,0,96,-0.6787660121917725,1.0,1.0,0.6521726250648499,0.0
late_state_ce,collapsed_plain,9,0,128,-0.6556872129440308,1.0,1.0,0.6952239274978638,0.0
late_state_ce,collapsed_plain,9,0,192,-0.6063194870948792,1.0,1.0,0.7552462816238403,0.0
late_state_ce,collapsed_plain,9,0,256,-0.5531602501869202,1.0,1.0,0.7975034713745117,0.0
late_state_ce,collapsed_plain,9,0,384,-0.4898513853549957,1.0,1.0,0.8567444086074829,0.0
late_state_ce,collapsed_plain,9,0,512,-0.42158234119415283,1.0,1.0,0.8986155390739441,0.0
late_state_ce,collapsed_plain,9,0,768,-0.26413866877555847,0.9444444179534912,1.0,0.0,0.05555558204650879
late_state_ce,collapsed_plain,9,0,1024,-0.22253267467021942,0.7407407164573669,1.0,0.0,0.25925928354263306
late_state_ce,collapsed_plain,12,1-2,0,-0.9713161587715149,0.09090909361839294,0.0,0.0,0.9090908765792847
late_state_ce,collapsed_plain,12,1-2,1,-0.6511203646659851,0.6000000238418579,0.1428571492433548,0.0,0.3999999761581421
late_state_ce,collapsed_plain,12,1-2,2,-0.6019695401191711,0.6727272868156433,0.2857142984867096,0.0,0.3272727131843567
late_state_ce,collapsed_plain,12,1-2,4,-0.5047412514686584,0.7636363506317139,0.5714285969734192,0.0,0.23636364936828613
late_state_ce,collapsed_plain,12,1-2,8,-0.673833966255188,1.0,1.0,0.158451646566391,0.0
late_state_ce,collapsed_plain,12,1-2,12,-0.4823628067970276,1.0,1.0,0.28065648674964905,0.0
late_state_ce,collapsed_plain,12,1-2,16,-0.5509614944458008,1.0,1.0,0.3458458185195923,0.0
late_state_ce,collapsed_plain,12,1-2,24,-0.6428803205490112,1.0,1.0,0.4246731996536255,0.0
late_state_ce,collapsed_plain,12,1-2,32,-0.6619545221328735,1.0,1.0,0.475354939699173,0.0
late_state_ce,collapsed_plain,12,1-2,48,-0.6550249457359314,1.0,1.0,0.5424737930297852,0.0
late_state_ce,collapsed_plain,12,1-2,64,-0.6381224393844604,1.0,1.0,0.5880987644195557,0.0
late_state_ce,collapsed_plain,12,1-2,96,-0.599267840385437,1.0,1.0,0.6505963206291199,0.0
late_state_ce,collapsed_plain,12,1-2,128,-0.5560267567634583,1.0,1.0,0.6940560936927795,0.0
late_state_ce,collapsed_plain,12,1-2,192,-0.4165358543395996,1.0,1.0,0.7544770836830139,0.0
late_state_ce,collapsed_plain,12,1-2,256,-0.32176995277404785,1.0,1.0,0.7969300150871277,0.0
late_state_ce,collapsed_plain,12,1-2,384,-0.3230002820491791,1.0,1.0,0.8563643097877502,0.0
late_state_ce,collapsed_plain,12,1-2,512,-0.32243064045906067,1.0,1.0,0.8983312845230103,0.0
late_state_ce,collapsed_plain,12,1-2,768,-0.25985297560691833,0.9636363387107849,1.0,0.0,0.03636366128921509
late_state_ce,collapsed_plain,12,1-2,1024,-0.2247682809829712,0.9272727370262146,1.0,0.0,0.0727272629737854
late_state_ce,collapsed_plain,13,1-2,0,-0.9713165163993835,0.09090909361839294,0.0,0.0,0.9090908765792847
late_state_ce,collapsed_plain,13,1-2,1,-0.4659850299358368,0.5636363625526428,0.02857142873108387,0.0,0.4363636374473572
late_state_ce,collapsed_plain,13,1-2,2,-0.5118697881698608,0.5272727012634277,0.05714285746216774,0.0,0.47272729873657227
late_state_ce,collapsed_plain,13,1-2,4,-0.42751452326774597,0.6363636255264282,0.11428571492433548,0.0,0.3636363744735718
late_state_ce,collapsed_plain,13,1-2,8,-0.41540420055389404,0.5636363625526428,0.22857142984867096,0.0,0.4363636374473572
late_state_ce,collapsed_plain,13,1-2,12,-0.40215805172920227,0.5454545617103577,0.34285715222358704,0.0,0.45454543828964233
late_state_ce,collapsed_plain,13,1-2,16,-0.35870251059532166,0.6727272868156433,0.4571428596973419,0.0,0.3272727131843567
late_state_ce,collapsed_plain,13,1-2,24,-0.45308423042297363,0.6363636255264282,0.6857143044471741,0.0,0.3636363744735718
late_state_ce,collapsed_plain,13,1-2,32,-0.4088975489139557,0.7636363506317139,0.9142857193946838,0.0,0.23636364936828613
late_state_ce,collapsed_plain,13,1-2,48,-0.7310479283332825,1.0,1.0,0.39057910442352295,0.0
late_state_ce,collapsed_plain,13,1-2,64,-0.7800637483596802,1.0,1.0,0.4952802062034607,0.0
late_state_ce,collapsed_plain,13,1-2,96,-0.7609373927116394,1.0,1.0,0.5975597500801086,0.0
late_state_ce,collapsed_plain,13,1-2,128,-0.7314974069595337,1.0,1.0,0.6568006873130798,0.0
late_state_ce,collapsed_plain,13,1-2,192,-0.6885523200035095,1.0,1.0,0.7310824990272522,0.0
late_state_ce,collapsed_plain,13,1-2,256,-0.6594946384429932,1.0,1.0,0.7798704504966736,0.0
late_state_ce,collapsed_plain,13,1-2,384,-0.5692716240882874,1.0,1.0,0.8452947735786438,0.0
late_state_ce,collapsed_plain,13,1-2,512,-0.4739786684513092,1.0,1.0,0.8901376128196716,0.0
late_state_ce,collapsed_plain,13,1-2,768,-0.4837149381637573,0.8181818127632141,1.0,0.0,0.1818181872367859
late_state_ce,collapsed_plain,13,1-2,1024,-0.31260061264038086,0.5272727012634277,1.0,0.0,0.47272729873657227
late_state_ce,collapsed_plain,20,1-2,0,-0.9713165163993835,0.0892857164144516,0.0,0.0,0.9107142686843872
late_state_ce,collapsed_plain,20,1-2,1,-0.4150875210762024,0.5892857313156128,0.20000000298023224,0.0,0.4107142686843872
late_state_ce,collapsed_plain,20,1-2,2,-0.34134384989738464,0.7142857313156128,0.4000000059604645,0.0,0.2857142686843872
late_state_ce,collapsed_plain,20,1-2,4,-0.38788285851478577,0.8928571343421936,0.800000011920929,0.0,0.1071428656578064
late_state_ce,collapsed_plain,20,1-2,8,-0.5965346693992615,1.0,1.0,0.23212747275829315,0.0
late_state_ce,collapsed_plain,20,1-2,12,-0.6746538877487183,1.0,1.0,0.316903293132782,0.0
late_state_ce,collapsed_plain,20,1-2,16,-0.7114676237106323,1.0,1.0,0.3699398338794708,0.0
late_state_ce,collapsed_plain,20,1-2,24,-0.7255128026008606,1.0,1.0,0.43910813331604004,0.0
late_state_ce,collapsed_plain,20,1-2,32,-0.716680645942688,1.0,1.0,0.4856613576412201,0.0
late_state_ce,collapsed_plain,20,1-2,48,-0.7001128196716309,1.0,1.0,0.5490307807922363,0.0
late_state_ce,collapsed_plain,20,1-2,64,-0.6853274703025818,1.0,1.0,0.5929068326950073,0.0
late_state_ce,collapsed_plain,20,1-2,96,-0.6515149474143982,1.0,1.0,0.6537318229675293,0.0
late_state_ce,collapsed_plain,20,1-2,128,-0.6157764196395874,1.0,1.0,0.6963824033737183,0.0
late_state_ce,collapsed_plain,20,1-2,192,-0.5392429828643799,1.0,1.0,0.756011426448822,0.0
late_state_ce,collapsed_plain,20,1-2,256,-0.4743107855319977,1.0,1.0,0.7980747222900391,0.0
late_state_ce,collapsed_plain,20,1-2,384,-0.36457380652427673,1.0,1.0,0.8571234345436096,0.0
late_state_ce,collapsed_plain,20,1-2,512,-0.3676111698150635,1.0,1.0,0.8988991379737854,0.0
late_state_ce,collapsed_plain,20,1-2,768,-0.31143370270729065,0.8392857313156128,1.0,0.0,0.1607142686843872
late_state_ce,collapsed_plain,20,1-2,1024,-0.21360938251018524,0.7678571343421936,1.0,0.0,0.2321428656578064
late_state_ce,collapsed_plain,22,1-2,0,-0.9713165163993835,0.109375,0.0,0.0,0.890625
late_state_ce,collapsed_plain,22,1-2,1,-0.6431800723075867,0.375,0.1428571492433548,0.0,0.625
late_state_ce,collapsed_plain,22,1-2,2,-0.4952680468559265,0.5625,0.2857142984867096,0.0,0.4375
late_state_ce,collapsed_plain,22,1-2,4,-0.45564717054367065,0.828125,0.5714285969734192,0.0,0.171875
late_state_ce,collapsed_plain,22,1-2,8,-0.7407244443893433,1.0,1.0,0.158451646566391,0.0
late_state_ce,collapsed_plain,22,1-2,12,-0.7113186120986938,1.0,1.0,0.28065648674964905,0.0
late_state_ce,collapsed_plain,22,1-2,16,-0.7282537817955017,1.0,1.0,0.3458458185195923,0.0
late_state_ce,collapsed_plain,22,1-2,24,-0.7426437139511108,1.0,1.0,0.4246731996536255,0.0
late_state_ce,collapsed_plain,22,1-2,32,-0.7391688227653503,1.0,1.0,0.475354939699173,0.0
late_state_ce,collapsed_plain,22,1-2,48,-0.7265793681144714,1.0,1.0,0.5424737930297852,0.0
late_state_ce,collapsed_plain,22,1-2,64,-0.7154228091239929,1.0,1.0,0.5880987644195557,0.0
late_state_ce,collapsed_plain,22,1-2,96,-0.6948391199111938,1.0,1.0,0.6505963206291199,0.0
late_state_ce,collapsed_plain,22,1-2,128,-0.6757274866104126,1.0,1.0,0.6940560936927795,0.0
late_state_ce,collapsed_plain,22,1-2,192,-0.641369104385376,1.0,1.0,0.7544770836830139,0.0
late_state_ce,collapsed_plain,22,1-2,256,-0.6027370095252991,1.0,1.0,0.7969300150871277,0.0
late_state_ce,collapsed_plain,22,1-2,384,-0.5443992614746094,1.0,1.0,0.8563643097877502,0.0
late_state_ce,collapsed_plain,22,1-2,512,-0.4821704030036926,1.0,1.0,0.8983312845230103,0.0
late_state_ce,collapsed_plain,22,1-2,768,-0.32073071599006653,1.0,1.0,0.9572844505310059,0.0
late_state_ce,collapsed_plain,22,1-2,1024,-0.22657953202724457,0.8125,1.0,0.0,0.1875
late_state_ce,collapsed_plain,27,3-10,0,-0.9713165163993835,0.12727272510528564,0.0,0.0,0.8727272748947144
late_state_ce,collapsed_plain,27,3-10,1,-0.731942355632782,0.5454545617103577,0.1666666716337204,0.0,0.45454543828964233
late_state_ce,collapsed_plain,27,3-10,2,-0.7541523575782776,0.6545454263687134,0.3333333432674408,0.0,0.3454545736312866
late_state_ce,collapsed_plain,27,3-10,4,-0.5984070301055908,0.7272727489471436,0.6666666865348816,0.0,0.27272725105285645
late_state_ce,collapsed_plain,27,3-10,8,-0.7863427996635437,1.0,1.0,0.19994372129440308,0.0
late_state_ce,collapsed_plain,27,3-10,12,-0.6615855693817139,1.0,1.0,0.2999155819416046,0.0
late_state_ce,collapsed_plain,27,3-10,16,-0.6987425684928894,1.0,1.0,0.35839536786079407,0.0
late_state_ce,collapsed_plain,27,3-10,24,-0.7240802645683289,1.0,1.0,0.43207117915153503,0.0
late_state_ce,collapsed_plain,27,3-10,32,-0.7197103500366211,1.0,1.0,0.4806002080440521,0.0
late_state_ce,collapsed_plain,27,3-10,48,-0.6987200379371643,1.0,1.0,0.5457895398139954,0.0
late_state_ce,collapsed_plain,27,3-10,64,-0.6821324229240417,1.0,1.0,0.590522825717926,0.0
late_state_ce,collapsed_plain,27,3-10,96,-0.6543444395065308,1.0,1.0,0.6521726250648499,0.0
late_state_ce,collapsed_plain,27,3-10,128,-0.6282545328140259,1.0,1.0,0.6952239274978638,0.0
late_state_ce,collapsed_plain,27,3-10,192,-0.5622099041938782,1.0,1.0,0.7552462816238403,0.0
late_state_ce,collapsed_plain,27,3-10,256,-0.5237137675285339,1.0,1.0,0.7975034713745117,0.0
late_state_ce,collapsed_plain,27,3-10,384,-0.4110262095928192,1.0,1.0,0.8567444086074829,0.0
late_state_ce,collapsed_plain,27,3-10,512,-0.38191139698028564,1.0,1.0,0.8986155390739441,0.0
late_state_ce,collapsed_plain,27,3-10,768,-0.3784659802913666,0.9636363387107849,1.0,0.0,0.03636366128921509
late_state_ce,collapsed_plain,27,3-10,1024,-0.374549001455307,0.8363636136054993,1.0,0.0,0.16363638639450073
late_state_ce,collapsed_plain,29,3-10,0,-0.9713161587715149,0.1111111119389534,0.0,0.0,0.8888888955116272
late_state_ce,collapsed_plain,29,3-10,1,-0.8730611205101013,0.5185185074806213,0.1428571492433548,0.0,0.48148149251937866
late_state_ce,collapsed_plain,29,3-10,2,-0.5229377746582031,0.5555555820465088,0.2857142984867096,0.0,0.4444444179534912
late_state_ce,collapsed_plain,29,3-10,4,-0.48277732729911804,0.7592592835426331,0.5714285969734192,0.0,0.24074071645736694
late_state_ce,collapsed_plain,29,3-10,8,-0.6650820374488831,1.0,1.0,0.158451646566391,0.0
late_state_ce,collapsed_plain,29,3-10,12,-0.5656211972236633,1.0,1.0,0.28065648674964905,0.0
late_state_ce,collapsed_plain,29,3-10,16,-0.5986158847808838,1.0,1.0,0.3458458185195923,0.0
late_state_ce,collapsed_plain,29,3-10,24,-0.6527095437049866,1.0,1.0,0.4246731996536255,0.0
late_state_ce,collapsed_plain,29,3-10,32,-0.6663057804107666,1.0,1.0,0.475354939699173,0.0
late_state_ce,collapsed_plain,29,3-10,48,-0.6601675748825073,1.0,1.0,0.5424737930297852,0.0
late_state_ce,collapsed_plain,29,3-10,64,-0.6529098153114319,1.0,1.0,0.5880987644195557,0.0
late_state_ce,collapsed_plain,29,3-10,96,-0.6344033479690552,1.0,1.0,0.6505963206291199,0.0
late_state_ce,collapsed_plain,29,3-10,128,-0.6083832383155823,1.0,1.0,0.6940560936927795,0.0
late_state_ce,collapsed_plain,29,3-10,192,-0.5443009734153748,1.0,1.0,0.7544770836830139,0.0
late_state_ce,collapsed_plain,29,3-10,256,-0.5174016356468201,1.0,1.0,0.7969300150871277,0.0
late_state_ce,collapsed_plain,29,3-10,384,-0.49536970257759094,1.0,1.0,0.8563643097877502,0.0
late_state_ce,collapsed_plain,29,3-10,512,-0.4510372579097748,1.0,1.0,0.8983312845230103,0.0
late_state_ce,collapsed_plain,29,3-10,768,-0.4273827075958252,1.0,1.0,0.9572844505310059,0.0
late_state_ce,collapsed_plain,29,3-10,1024,-0.391866534948349,0.9814814925193787,1.0,0.0,0.018518507480621338
late_state_ce,collapsed_plain,30,3-10,0,-0.9713161587715149,0.1071428582072258,0.0,0.0,0.8928571343421936
late_state_ce,collapsed_plain,30,3-10,1,-0.2976837456226349,0.4642857015132904,0.1666666716337204,0.0,0.5357142686843872
late_state_ce,collapsed_plain,30,3-10,2,-0.22081078588962555,0.5892857313156128,0.3333333432674408,0.0,0.4107142686843872
late_state_ce,collapsed_plain,30,3-10,4,-0.31979623436927795,0.7678571343421936,0.6666666865348816,0.0,0.2321428656578064
late_state_ce,collapsed_plain,30,3-10,8,-0.4672844111919403,1.0,1.0,0.19994372129440308,0.0
late_state_ce,collapsed_plain,30,3-10,12,-0.5022129416465759,1.0,1.0,0.2999155819416046,0.0
late_state_ce,collapsed_plain,30,3-10,16,-0.5871235728263855,1.0,1.0,0.35839536786079407,0.0
late_state_ce,collapsed_plain,30,3-10,24,-0.6533333659172058,1.0,1.0,0.43207117915153503,0.0
late_state_ce,collapsed_plain,30,3-10,32,-0.6686735153198242,1.0,1.0,0.4806002080440521,0.0
late_state_ce,collapsed_plain,30,3-10,48,-0.6626953482627869,1.0,1.0,0.5457895398139954,0.0
late_state_ce,collapsed_plain,30,3-10,64,-0.6524646878242493,1.0,1.0,0.590522825717926,0.0
late_state_ce,collapsed_plain,30,3-10,96,-0.6290202140808105,1.0,1.0,0.6521726250648499,0.0
late_state_ce,collapsed_plain,30,3-10,128,-0.5996800065040588,1.0,1.0,0.6952239274978638,0.0
late_state_ce,collapsed_plain,30,3-10,192,-0.5325668454170227,1.0,1.0,0.7552462816238403,0.0
late_state_ce,collapsed_plain,30,3-10,256,-0.46208977699279785,1.0,1.0,0.7975034713745117,0.0
late_state_ce,collapsed_plain,30,3-10,384,-0.3540659546852112,1.0,1.0,0.8567444086074829,0.0
late_state_ce,collapsed_plain,30,3-10,512,-0.2830619812011719,1.0,1.0,0.8986155390739441,0.0
late_state_ce,collapsed_plain,30,3-10,768,-0.32295018434524536,0.875,1.0,0.0,0.125
late_state_ce,collapsed_plain,30,3-10,1024,-0.2561245262622833,0.7678571343421936,1.0,0.0,0.2321428656578064
late_state_ce,collapsed_plain,35,3-10,0,-0.9713161587715149,0.12068965286016464,0.0,0.0,0.8793103694915771
late_state_ce,collapsed_plain,35,3-10,1,-0.3573560416698456,0.36206895112991333,0.012048192322254181,0.0,0.6379310488700867
late_state_ce,collapsed_plain,35,3-10,2,-0.3577907681465149,0.517241358757019,0.024096384644508362,0.0,0.48275864124298096
late_state_ce,collapsed_plain,35,3-10,4,-0.3985937833786011,0.4482758641242981,0.048192769289016724,0.0,0.5517241358757019
late_state_ce,collapsed_plain,35,3-10,8,-0.39585185050964355,0.6206896305084229,0.09638553857803345,0.0,0.37931036949157715
late_state_ce,collapsed_plain,35,3-10,12,-0.36276310682296753,0.5517241358757019,0.14457830786705017,0.0,0.4482758641242981
late_state_ce,collapsed_plain,35,3-10,16,-0.35768190026283264,0.4655172526836395,0.1927710771560669,0.0,0.5344827175140381
late_state_ce,collapsed_plain,35,3-10,24,-0.23432505130767822,0.3965517282485962,0.28915661573410034,0.0,0.6034482717514038
late_state_ce,collapsed_plain,35,3-10,32,-0.25049641728401184,0.48275861144065857,0.3855421543121338,0.0,0.517241358757019
late_state_ce,collapsed_plain,35,3-10,48,-0.17576231062412262,0.48275861144065857,0.5783132314682007,0.0,0.517241358757019
late_state_ce,collapsed_plain,35,3-10,64,-0.08753848075866699,0.4482758641242981,0.7710843086242676,0.0,0.5517241358757019
late_state_ce,collapsed_plain,35,3-10,96,-0.706777811050415,1.0,1.0,0.39057910442352295,0.0
late_state_ce,collapsed_plain,35,3-10,128,-0.8235183954238892,1.0,1.0,0.5553025603294373,0.0
late_state_ce,collapsed_plain,35,3-10,192,-0.7850546836853027,1.0,1.0,0.6792504191398621,0.0
late_state_ce,collapsed_plain,35,3-10,256,-0.7420924305915833,1.0,1.0,0.7449113726615906,0.0
late_state_ce,collapsed_plain,35,3-10,384,-0.6703981161117554,1.0,1.0,0.8240854144096375,0.0
late_state_ce,collapsed_plain,35,3-10,512,-0.5932648181915283,1.0,1.0,0.8749081492424011,0.0
late_state_ce,collapsed_plain,35,3-10,768,-0.4589429497718811,1.0,1.0,0.9421514272689819,0.0
late_state_ce,collapsed_plain,35,3-10,1024,-0.35623815655708313,1.0,1.0,0.9878333210945129,0.0
late_state_ce,collapsed_plain,36,11-50,0,-0.9713165163993835,0.072727270424366,0.0,0.0,0.9272727370262146
late_state_ce,collapsed_plain,36,11-50,1,-0.7244012355804443,0.5272727012634277,0.20000000298023224,0.0,0.47272729873657227
late_state_ce,collapsed_plain,36,11-50,2,-0.6471099257469177,0.7090908885002136,0.4000000059604645,0.0,0.2909091114997864
late_state_ce,collapsed_plain,36,11-50,4,-0.7280752062797546,0.9636363387107849,0.800000011920929,0.0,0.03636366128921509
late_state_ce,collapsed_plain,36,11-50,8,-0.8170180320739746,1.0,1.0,0.23212747275829315,0.0
late_state_ce,collapsed_plain,36,11-50,12,-0.7461674809455872,1.0,1.0,0.316903293132782,0.0
late_state_ce,collapsed_plain,36,11-50,16,-0.7472785115242004,1.0,1.0,0.3699398338794708,0.0
late_state_ce,collapsed_plain,36,11-50,24,-0.7654164433479309,1.0,1.0,0.43910813331604004,0.0
late_state_ce,collapsed_plain,36,11-50,32,-0.7698225975036621,1.0,1.0,0.4856613576412201,0.0
late_state_ce,collapsed_plain,36,11-50,48,-0.7695363163948059,1.0,1.0,0.5490307807922363,0.0
late_state_ce,collapsed_plain,36,11-50,64,-0.7684993743896484,1.0,1.0,0.5929068326950073,0.0
late_state_ce,collapsed_plain,36,11-50,96,-0.7612507343292236,1.0,1.0,0.6537318229675293,0.0
late_state_ce,collapsed_plain,36,11-50,128,-0.7498589754104614,1.0,1.0,0.6963824033737183,0.0
late_state_ce,collapsed_plain,36,11-50,192,-0.7242559194564819,1.0,1.0,0.756011426448822,0.0
late_state_ce,collapsed_plain,36,11-50,256,-0.6703025102615356,1.0,1.0,0.7980747222900391,0.0
late_state_ce,collapsed_plain,36,11-50,384,-0.5747947096824646,1.0,1.0,0.8571234345436096,0.0
late_state_ce,collapsed_plain,36,11-50,512,-0.5055133700370789,1.0,1.0,0.8988991379737854,0.0
late_state_ce,collapsed_plain,36,11-50,768,-0.4043794274330139,0.9636363387107849,1.0,0.0,0.03636366128921509
late_state_ce,collapsed_plain,36,11-50,1024,-0.3516150116920471,0.9272727370262146,1.0,0.0,0.0727272629737854
late_state_ce,collapsed_plain,38,11-50,0,-0.9713165163993835,0.072727270424366,0.0,0.0,0.9272727370262146
late_state_ce,collapsed_plain,38,11-50,1,-0.7072751522064209,0.4909090995788574,0.1428571492433548,0.0,0.5090909004211426
late_state_ce,collapsed_plain,38,11-50,2,-0.4989214837551117,0.6000000238418579,0.2857142984867096,0.0,0.3999999761581421
late_state_ce,collapsed_plain,38,11-50,4,-0.4980756640434265,0.7818182110786438,0.5714285969734192,0.0,0.2181817889213562
late_state_ce,collapsed_plain,38,11-50,8,-0.7589433789253235,1.0,1.0,0.158451646566391,0.0
late_state_ce,collapsed_plain,38,11-50,12,-0.6542384624481201,1.0,1.0,0.28065648674964905,0.0
late_state_ce,collapsed_plain,38,11-50,16,-0.6765326261520386,1.0,1.0,0.3458458185195923,0.0
late_state_ce,collapsed_plain,38,11-50,24,-0.7373813986778259,1.0,1.0,0.4246731996536255,0.0
late_state_ce,collapsed_plain,38,11-50,32,-0.7533573508262634,1.0,1.0,0.475354939699173,0.0
late_state_ce,collapsed_plain,38,11-50,48,-0.7442101240158081,1.0,1.0,0.5424737930297852,0.0
late_state_ce,collapsed_plain,38,11-50,64,-0.7292496562004089,1.0,1.0,0.5880987644195557,0.0
late_state_ce,collapsed_plain,38,11-50,96,-0.7012206315994263,1.0,1.0,0.6505963206291199,0.0
late_state_ce,collapsed_plain,38,11-50,128,-0.6772286295890808,1.0,1.0,0.6940560936927795,0.0
late_state_ce,collapsed_plain,38,11-50,192,-0.64974445104599,1.0,1.0,0.7544770836830139,0.0
late_state_ce,collapsed_plain,38,11-50,256,-0.6342843174934387,1.0,1.0,0.7969300150871277,0.0
late_state_ce,collapsed_plain,38,11-50,384,-0.5954291820526123,1.0,1.0,0.8563643097877502,0.0
late_state_ce,collapsed_plain,38,11-50,512,-0.5181183218955994,1.0,1.0,0.8983312845230103,0.0
late_state_ce,collapsed_plain,38,11-50,768,-0.4364561438560486,0.9454545378684998,1.0,0.0,0.054545462131500244
late_state_ce,collapsed_plain,38,11-50,1024,-0.40099042654037476,0.7272727489471436,1.0,0.0,0.27272725105285645
late_state_ce,collapsed_plain,41,11-50,0,-0.9713161587715149,0.08771929889917374,0.0,0.0,0.9122806787490845
late_state_ce,collapsed_plain,41,11-50,1,-0.9227810502052307,0.5438596606254578,0.25,0.0,0.45614033937454224
late_state_ce,collapsed_plain,41,11-50,2,-0.8279345631599426,0.719298243522644,0.5,0.0,0.28070175647735596
late_state_ce,collapsed_plain,41,11-50,4,-0.9180084466934204,1.0,1.0,0.09997186064720154,0.0
late_state_ce,collapsed_plain,41,11-50,8,-0.7993987202644348,1.0,1.0,0.25842350721359253,0.0
late_state_ce,collapsed_plain,41,11-50,12,-0.7556745409965515,1.0,1.0,0.3320993185043335,0.0
late_state_ce,collapsed_plain,41,11-50,16,-0.7529259920120239,1.0,1.0,0.3806283473968506,0.0
late_state_ce,collapsed_plain,41,11-50,24,-0.7520264983177185,1.0,1.0,0.4458176791667938,0.0
late_state_ce,collapsed_plain,41,11-50,32,-0.7461916208267212,1.0,1.0,0.4905509650707245,0.0
late_state_ce,collapsed_plain,41,11-50,48,-0.7314306497573853,1.0,1.0,0.5522007346153259,0.0
late_state_ce,collapsed_plain,41,11-50,64,-0.7177401781082153,1.0,1.0,0.5952520370483398,0.0
late_state_ce,collapsed_plain,41,11-50,96,-0.6900110840797424,1.0,1.0,0.6552744507789612,0.0
late_state_ce,collapsed_plain,41,11-50,128,-0.6624215841293335,1.0,1.0,0.6975316405296326,0.0
late_state_ce,collapsed_plain,41,11-50,192,-0.6038593053817749,1.0,1.0,0.756772518157959,0.0
late_state_ce,collapsed_plain,41,11-50,256,-0.5426030158996582,1.0,1.0,0.7986436486244202,0.0
late_state_ce,collapsed_plain,41,11-50,384,-0.47472620010375977,1.0,1.0,0.8575015068054199,0.0
late_state_ce,collapsed_plain,41,11-50,512,-0.38998106122016907,1.0,1.0,0.8991822004318237,0.0
late_state_ce,collapsed_plain,41,11-50,768,-0.28322526812553406,0.9473684430122375,1.0,0.0,0.05263155698776245
late_state_ce,collapsed_plain,41,11-50,1024,-0.2906070351600647,0.9298245906829834,1.0,0.0,0.0701754093170166
late_state_ce,collapsed_plain,47,11-50,0,-0.9713161587715149,0.08771929889917374,0.0,0.0,0.9122806787490845
late_state_ce,collapsed_plain,47,11-50,1,-0.5758997201919556,0.4035087823867798,0.023255813866853714,0.0,0.5964912176132202
late_state_ce,collapsed_plain,47,11-50,2,-0.50917649269104,0.3333333432674408,0.04651162773370743,0.0,0.6666666269302368
late_state_ce,collapsed_plain,47,11-50,4,-0.6446231603622437,0.15789473056793213,0.09302325546741486,0.0,0.8421052694320679
late_state_ce,collapsed_plain,47,11-50,8,-0.45773717761039734,0.31578946113586426,0.1860465109348297,0.0,0.6842105388641357
late_state_ce,collapsed_plain,47,11-50,12,-0.47048220038414,0.3333333432674408,0.27906978130340576,0.0,0.6666666269302368
late_state_ce,collapsed_plain,47,11-50,16,-0.4121714234352112,0.3684210479259491,0.3720930218696594,0.0,0.6315789222717285
late_state_ce,collapsed_plain,47,11-50,24,-0.1849128007888794,0.31578946113586426,0.5581395626068115,0.0,0.6842105388641357
late_state_ce,collapsed_plain,47,11-50,32,-0.4098142981529236,0.45614033937454224,0.7441860437393188,0.0,0.5438596606254578
late_state_ce,collapsed_plain,47,11-50,48,-0.49170973896980286,1.0,1.0,0.28065648674964905,0.0
late_state_ce,collapsed_plain,47,11-50,64,-0.793591320514679,1.0,1.0,0.4522289037704468,0.0
late_state_ce,collapsed_plain,47,11-50,96,-0.7915585041046143,1.0,1.0,0.5779733061790466,0.0
late_state_ce,collapsed_plain,47,11-50,128,-0.75699383020401,1.0,1.0,0.6441130042076111,0.0
late_state_ce,collapsed_plain,47,11-50,192,-0.6982389688491821,1.0,1.0,0.7236367464065552,0.0
late_state_ce,collapsed_plain,47,11-50,256,-0.6455662250518799,1.0,1.0,0.7746012210845947,0.0
late_state_ce,collapsed_plain,47,11-50,384,-0.553316056728363,1.0,1.0,0.8419694304466248,0.0
late_state_ce,collapsed_plain,47,11-50,512,-0.43643131852149963,1.0,1.0,0.8877084255218506,0.0
late_state_ce,collapsed_plain,47,11-50,768,-0.26291754841804504,0.8771929740905762,1.0,0.0,0.12280702590942383
late_state_ce,collapsed_plain,47,11-50,1024,-0.3559547960758209,0.6666666865348816,1.0,0.0,0.3333333134651184
late_state_ce,collapsed_plain,51,51+,0,-0.9713161587715149,0.08620689809322357,0.0,0.0,0.9137930870056152
late_state_ce,collapsed_plain,51,51+,1,-0.28550219535827637,0.4482758641242981,0.0833333358168602,0.0,0.5517241358757019
late_state_ce,collapsed_plain,51,51+,2,-0.37726086378097534,0.5344827771186829,0.1666666716337204,0.0,0.46551722288131714
late_state_ce,collapsed_plain,51,51+,4,-0.2551032304763794,0.7758620977401733,0.3333333432674408,0.0,0.22413790225982666
late_state_ce,collapsed_plain,51,51+,8,-0.25960174202919006,0.8620689511299133,0.6666666865348816,0.0,0.13793104887008667
late_state_ce,collapsed_plain,51,51+,12,-0.47327932715415955,1.0,1.0,0.09997186064720154,0.0
late_state_ce,collapsed_plain,51,51+,16,-0.4801982641220093,1.0,1.0,0.25842350721359253,0.0
late_state_ce,collapsed_plain,51,51+,24,-0.6302668452262878,1.0,1.0,0.3806283473968506,0.0
late_state_ce,collapsed_plain,51,51+,32,-0.6833574175834656,1.0,1.0,0.4458176791667938,0.0
late_state_ce,collapsed_plain,51,51+,48,-0.6988075971603394,1.0,1.0,0.5246450304985046,0.0
late_state_ce,collapsed_plain,51,51+,64,-0.6892794370651245,1.0,1.0,0.5753268003463745,0.0
late_state_ce,collapsed_plain,51,51+,96,-0.6599097847938538,1.0,1.0,0.6424456238746643,0.0
late_state_ce,collapsed_plain,51,51+,128,-0.6320410370826721,1.0,1.0,0.6880705952644348,0.0
late_state_ce,collapsed_plain,51,51+,192,-0.5896281003952026,1.0,1.0,0.750568151473999,0.0
late_state_ce,collapsed_plain,51,51+,256,-0.5611234307289124,1.0,1.0,0.7940279245376587,0.0
late_state_ce,collapsed_plain,51,51+,384,-0.5361878275871277,1.0,1.0,0.8544489145278931,0.0
late_state_ce,collapsed_plain,51,51+,512,-0.5192827582359314,1.0,1.0,0.8969019055366516,0.0
late_state_ce,collapsed_plain,51,51+,768,-0.3841933608055115,0.982758641242981,1.0,0.0,0.017241358757019043
late_state_ce,collapsed_plain,51,51+,1024,-0.3850539028644562,0.7758620977401733,1.0,0.0,0.22413790225982666
late_state_ce,collapsed_plain,52,51+,0,-0.9713165163993835,0.1071428582072258,0.0,0.0,0.8928571343421936
late_state_ce,collapsed_plain,52,51+,1,-0.42143556475639343,0.4464285671710968,0.05882352963089943,0.0,0.5535714626312256
late_state_ce,collapsed_plain,52,51+,2,-0.3489440679550171,0.4821428656578064,0.11764705926179886,0.0,0.5178571343421936
late_state_ce,collapsed_plain,52,51+,4,-0.19070465862751007,0.5714285969734192,0.23529411852359772,0.0,0.4285714030265808
late_state_ce,collapsed_plain,52,51+,8,-0.3960898220539093,0.6964285969734192,0.47058823704719543,0.0,0.3035714030265808
late_state_ce,collapsed_plain,52,51+,12,-0.04419057071208954,0.6964285969734192,0.7058823704719543,0.0,0.3035714030265808
late_state_ce,collapsed_plain,52,51+,16,-0.25078558921813965,0.9821428656578064,0.9411764740943909,0.0,0.017857134342193604
late_state_ce,collapsed_plain,52,51+,24,-0.4833158850669861,1.0,1.0,0.316903293132782,0.0
late_state_ce,collapsed_plain,52,51+,32,-0.6075278520584106,1.0,1.0,0.40863126516342163,0.0
late_state_ce,collapsed_plain,52,51+,48,-0.6530789732933044,1.0,1.0,0.5042974352836609,0.0
late_state_ce,collapsed_plain,52,51+,64,-0.6440624594688416,1.0,1.0,0.5613129734992981,0.0
late_state_ce,collapsed_plain,52,51+,96,-0.6051942706108093,1.0,1.0,0.633806586265564,0.0
late_state_ce,collapsed_plain,52,51+,128,-0.5656970739364624,1.0,1.0,0.6818259954452515,0.0
late_state_ce,collapsed_plain,52,51+,192,-0.500903844833374,1.0,1.0,0.746550440788269,0.0
late_state_ce,collapsed_plain,52,51+,256,-0.4372422695159912,1.0,1.0,0.7910662293434143,0.0
late_state_ce,collapsed_plain,52,51+,384,-0.3299010694026947,1.0,1.0,0.8525077104568481,0.0
late_state_ce,collapsed_plain,52,51+,512,-0.28298598527908325,1.0,1.0,0.8954581022262573,0.0
late_state_ce,collapsed_plain,52,51+,768,-0.23576058447360992,0.9821428656578064,1.0,0.0,0.017857134342193604
late_state_ce,collapsed_plain,52,51+,1024,-0.23866960406303406,0.9642857313156128,1.0,0.0,0.03571426868438721
late_state_ce,collapsed_plain,53,51+,0,-0.9713165760040283,0.145454540848732,0.0,0.0,0.8545454740524292
late_state_ce,collapsed_plain,53,51+,1,-0.8758696913719177,0.5272727012634277,0.20000000298023224,0.0,0.47272729873657227
late_state_ce,collapsed_plain,53,51+,2,-0.7007081508636475,0.6727272868156433,0.4000000059604645,0.0,0.3272727131843567
late_state_ce,collapsed_plain,53,51+,4,-0.7496527433395386,0.9818181991577148,0.800000011920929,0.0,0.018181800842285156
late_state_ce,collapsed_plain,53,51+,8,-0.7958213686943054,1.0,1.0,0.23212747275829315,0.0
late_state_ce,collapsed_plain,53,51+,12,-0.704037606716156,1.0,1.0,0.316903293132782,0.0
late_state_ce,collapsed_plain,53,51+,16,-0.6895636320114136,1.0,1.0,0.3699398338794708,0.0
late_state_ce,collapsed_plain,53,51+,24,-0.6882173418998718,1.0,1.0,0.43910813331604004,0.0
late_state_ce,collapsed_plain,53,51+,32,-0.6818580627441406,1.0,1.0,0.4856613576412201,0.0
late_state_ce,collapsed_plain,53,51+,48,-0.663851797580719,1.0,1.0,0.5490307807922363,0.0
late_state_ce,collapsed_plain,53,51+,64,-0.6492133140563965,1.0,1.0,0.5929068326950073,0.0
late_state_ce,collapsed_plain,53,51+,96,-0.628406822681427,1.0,1.0,0.6537318229675293,0.0
late_state_ce,collapsed_plain,53,51+,128,-0.6080067157745361,1.0,1.0,0.6963824033737183,0.0
late_state_ce,collapsed_plain,53,51+,192,-0.5678842663764954,1.0,1.0,0.756011426448822,0.0
late_state_ce,collapsed_plain,53,51+,256,-0.5063250064849854,1.0,1.0,0.7980747222900391,0.0
late_state_ce,collapsed_plain,53,51+,384,-0.4070141017436981,1.0,1.0,0.8571234345436096,0.0
late_state_ce,collapsed_plain,53,51+,512,-0.30257710814476013,1.0,1.0,0.8988991379737854,0.0
late_state_ce,collapsed_plain,53,51+,768,-0.23543520271778107,0.9636363387107849,1.0,0.0,0.03636366128921509
late_state_ce,collapsed_plain,53,51+,1024,-0.22696077823638916,0.9272727370262146,1.0,0.0,0.0727272629737854
late_state_ce,collapsed_plain,56,51+,0,-0.9713161587715149,0.11666666716337204,0.0,0.0,0.8833333253860474
late_state_ce,collapsed_plain,56,51+,1,-0.33758699893951416,0.36666667461395264,0.043478261679410934,0.0,0.6333333253860474
late_state_ce,collapsed_plain,56,51+,2,-0.32686054706573486,0.5166666507720947,0.08695652335882187,0.0,0.4833333492279053
late_state_ce,collapsed_plain,56,51+,4,-0.48019689321517944,0.5333333611488342,0.17391304671764374,0.0,0.46666663885116577
late_state_ce,collapsed_plain,56,51+,8,-0.42491763830184937,0.5666666626930237,0.3478260934352875,0.0,0.4333333373069763
late_state_ce,collapsed_plain,56,51+,12,-0.5691434741020203,0.6833333373069763,0.52173912525177,0.0,0.3166666626930237
late_state_ce,collapsed_plain,56,51+,16,-0.27805212140083313,0.5,0.695652186870575,0.0,0.5
late_state_ce,collapsed_plain,56,51+,24,-0.5362730622291565,1.0,1.0,0.158451646566391,0.0
late_state_ce,collapsed_plain,56,51+,32,-0.643217921257019,1.0,1.0,0.3458458185195923,0.0
late_state_ce,collapsed_plain,56,51+,48,-0.732388436794281,1.0,1.0,0.475354939699173,0.0
late_state_ce,collapsed_plain,56,51+,64,-0.7257276773452759,1.0,1.0,0.5424737930297852,0.0
late_state_ce,collapsed_plain,56,51+,96,-0.6895330548286438,1.0,1.0,0.6227065920829773,0.0
late_state_ce,collapsed_plain,56,51+,128,-0.6619900465011597,1.0,1.0,0.6739569306373596,0.0
late_state_ce,collapsed_plain,56,51+,192,-0.6158350706100464,1.0,1.0,0.7415764927864075,0.0
late_state_ce,collapsed_plain,56,51+,256,-0.5604822635650635,1.0,1.0,0.7874300479888916,0.0
late_state_ce,collapsed_plain,56,51+,384,-0.5196115970611572,1.0,1.0,0.8501432538032532,0.0
late_state_ce,collapsed_plain,56,51+,512,-0.479411244392395,1.0,1.0,0.8937063217163086,0.0
late_state_ce,collapsed_plain,56,51+,768,-0.34542316198349,0.9666666388511658,1.0,0.0,0.03333336114883423
late_state_ce,collapsed_plain,56,51+,1024,-0.3251701295375824,0.8166666626930237,1.0,0.0,0.18333333730697632
late_state_ce,late_state_ce,1,0,0,-2.5502028465270996,0.12727272510528564,0.0,0.0,0.8727272748947144
late_state_ce,late_state_ce,1,0,1,-1.5448318719863892,0.6363636255264282,0.20000000298023224,0.0,0.3636363744735718
late_state_ce,late_state_ce,1,0,2,-0.9451582431793213,0.7818182110786438,0.4000000059604645,0.0,0.2181817889213562
late_state_ce,late_state_ce,1,0,4,-0.27020639181137085,0.9454545378684998,0.800000011920929,0.0,0.054545462131500244
late_state_ce,late_state_ce,1,0,8,0.2722589373588562,1.0,1.0,0.23212747275829315,0.0
late_state_ce,late_state_ce,1,0,12,0.28429919481277466,1.0,1.0,0.316903293132782,0.0
late_state_ce,late_state_ce,1,0,16,0.30126622319221497,1.0,1.0,0.3699398338794708,0.0
late_state_ce,late_state_ce,1,0,24,0.352303683757782,1.0,1.0,0.43910813331604004,0.0
late_state_ce,late_state_ce,1,0,32,0.40277206897735596,1.0,1.0,0.4856613576412201,0.0
late_state_ce,late_state_ce,1,0,48,0.4856872260570526,1.0,1.0,0.5490307807922363,0.0
late_state_ce,late_state_ce,1,0,64,0.5059240460395813,1.0,1.0,0.5929068326950073,0.0
late_state_ce,late_state_ce,1,0,96,0.5816335082054138,1.0,1.0,0.6537318229675293,0.0
late_state_ce,late_state_ce,1,0,128,0.6167353987693787,1.0,1.0,0.6963824033737183,0.0
late_state_ce,late_state_ce,1,0,192,0.6390997767448425,1.0,1.0,0.756011426448822,0.0
late_state_ce,late_state_ce,1,0,256,0.6800983548164368,1.0,1.0,0.7980747222900391,0.0
late_state_ce,late_state_ce,1,0,384,0.7156857252120972,1.0,1.0,0.8571234345436096,0.0
late_state_ce,late_state_ce,1,0,512,0.7262240052223206,1.0,1.0,0.8988991379737854,0.0
late_state_ce,late_state_ce,1,0,768,0.7492763996124268,1.0,1.0,0.9576619863510132,0.0
late_state_ce,late_state_ce,1,0,1024,0.7385401725769043,1.0,1.0,0.9992954134941101,0.0
late_state_ce,late_state_ce,4,0,0,-2.5502028465270996,0.1071428582072258,0.0,0.0,0.8928571343421936
late_state_ce,late_state_ce,4,0,1,-1.8290497064590454,0.5357142686843872,0.20000000298023224,0.0,0.4642857313156128
late_state_ce,late_state_ce,4,0,2,-1.2315489053726196,0.6607142686843872,0.4000000059604645,0.0,0.3392857313156128
late_state_ce,late_state_ce,4,0,4,-0.45271700620651245,0.9107142686843872,0.800000011920929,0.0,0.08928573131561279
late_state_ce,late_state_ce,4,0,8,0.2176881581544876,1.0,1.0,0.23212747275829315,0.0
late_state_ce,late_state_ce,4,0,12,0.26725342869758606,1.0,1.0,0.316903293132782,0.0
late_state_ce,late_state_ce,4,0,16,0.29604390263557434,1.0,1.0,0.3699398338794708,0.0
late_state_ce,late_state_ce,4,0,24,0.33698323369026184,1.0,1.0,0.43910813331604004,0.0
late_state_ce,late_state_ce,4,0,32,0.38558682799339294,1.0,1.0,0.4856613576412201,0.0
late_state_ce,late_state_ce,4,0,48,0.4846591353416443,1.0,1.0,0.5490307807922363,0.0
late_state_ce,late_state_ce,4,0,64,0.48676440119743347,1.0,1.0,0.5929068326950073,0.0
late_state_ce,late_state_ce,4,0,96,0.5580474734306335,1.0,1.0,0.6537318229675293,0.0
late_state_ce,late_state_ce,4,0,128,0.6353923678398132,1.0,1.0,0.6963824033737183,0.0
late_state_ce,late_state_ce,4,0,192,0.7267577648162842,1.0,1.0,0.756011426448822,0.0
late_state_ce,late_state_ce,4,0,256,0.7733392119407654,1.0,1.0,0.7980747222900391,0.0
late_state_ce,late_state_ce,4,0,384,0.8255875706672668,1.0,1.0,0.8571234345436096,0.0
late_state_ce,late_state_ce,4,0,512,0.849325954914093,1.0,1.0,0.8988991379737854,0.0
late_state_ce,late_state_ce,4,0,768,0.9229638576507568,1.0,1.0,0.9576619863510132,0.0
late_state_ce,late_state_ce,4,0,1024,0.9825451970100403,1.0,1.0,0.9992954134941101,0.0
late_state_ce,late_state_ce,8,0,0,-2.5502028465270996,0.09090909361839294,0.0,0.0,0.9090908765792847
late_state_ce,late_state_ce,8,0,1,-1.653814673423767,0.6181818246841431,0.20000000298023224,0.0,0.38181817531585693
late_state_ce,late_state_ce,8,0,2,-1.2239474058151245,0.7454545497894287,0.4000000059604645,0.0,0.2545454502105713
late_state_ce,late_state_ce,8,0,4,-0.6873588562011719,0.9454545378684998,0.800000011920929,0.0,0.054545462131500244
late_state_ce,late_state_ce,8,0,8,0.19914038479328156,1.0,1.0,0.23212747275829315,0.0
late_state_ce,late_state_ce,8,0,12,0.2456257939338684,1.0,1.0,0.316903293132782,0.0
late_state_ce,late_state_ce,8,0,16,0.2737102508544922,1.0,1.0,0.3699398338794708,0.0
late_state_ce,late_state_ce,8,0,24,0.3392963111400604,1.0,1.0,0.43910813331604004,0.0
late_state_ce,late_state_ce,8,0,32,0.3936319351196289,1.0,1.0,0.4856613576412201,0.0
late_state_ce,late_state_ce,8,0,48,0.4535534381866455,1.0,1.0,0.5490307807922363,0.0
late_state_ce,late_state_ce,8,0,64,0.4703896641731262,1.0,1.0,0.5929068326950073,0.0
late_state_ce,late_state_ce,8,0,96,0.4942626655101776,1.0,1.0,0.6537318229675293,0.0
late_state_ce,late_state_ce,8,0,128,0.5800541639328003,1.0,1.0,0.6963824033737183,0.0
late_state_ce,late_state_ce,8,0,192,0.6197424530982971,1.0,1.0,0.756011426448822,0.0
late_state_ce,late_state_ce,8,0,256,0.6402642130851746,1.0,1.0,0.7980747222900391,0.0
late_state_ce,late_state_ce,8,0,384,0.7276526093482971,1.0,1.0,0.8571234345436096,0.0
late_state_ce,late_state_ce,8,0,512,0.7746119499206543,1.0,1.0,0.8988991379737854,0.0
late_state_ce,late_state_ce,8,0,768,0.8022739291191101,1.0,1.0,0.9576619863510132,0.0
late_state_ce,late_state_ce,8,0,1024,0.8464133143424988,1.0,1.0,0.9992954134941101,0.0
late_state_ce,late_state_ce,9,0,0,-2.5502028465270996,0.1111111119389534,0.0,0.0,0.8888888955116272
late_state_ce,late_state_ce,9,0,1,-1.453776478767395,0.5370370149612427,0.1428571492433548,0.0,0.4629629850387573
late_state_ce,late_state_ce,9,0,2,-0.9253093600273132,0.7222222089767456,0.2857142984867096,0.0,0.2777777910232544
late_state_ce,late_state_ce,9,0,4,-0.2827243506908417,0.6851851940155029,0.5714285969734192,0.0,0.31481480598449707
late_state_ce,late_state_ce,9,0,8,0.42036187648773193,1.0,1.0,0.158451646566391,0.0
late_state_ce,late_state_ce,9,0,12,0.33731329441070557,1.0,1.0,0.28065648674964905,0.0
late_state_ce,late_state_ce,9,0,16,0.35046201944351196,1.0,1.0,0.3458458185195923,0.0
late_state_ce,late_state_ce,9,0,24,0.37846001982688904,1.0,1.0,0.4246731996536255,0.0
late_state_ce,late_state_ce,9,0,32,0.4325796663761139,1.0,1.0,0.475354939699173,0.0
late_state_ce,late_state_ce,9,0,48,0.5394014716148376,1.0,1.0,0.5424737930297852,0.0
late_state_ce,late_state_ce,9,0,64,0.5565144419670105,1.0,1.0,0.5880987644195557,0.0
late_state_ce,late_state_ce,9,0,96,0.5887196063995361,1.0,1.0,0.6505963206291199,0.0
late_state_ce,late_state_ce,9,0,128,0.638995885848999,1.0,1.0,0.6940560936927795,0.0
late_state_ce,late_state_ce,9,0,192,0.6662739515304565,1.0,1.0,0.7544770836830139,0.0
late_state_ce,late_state_ce,9,0,256,0.687171459197998,1.0,1.0,0.7969300150871277,0.0
late_state_ce,late_state_ce,9,0,384,0.8129260540008545,1.0,1.0,0.8563643097877502,0.0
late_state_ce,late_state_ce,9,0,512,0.807196855545044,1.0,1.0,0.8983312845230103,0.0
late_state_ce,late_state_ce,9,0,768,0.8264632821083069,1.0,1.0,0.9572844505310059,0.0
late_state_ce,late_state_ce,9,0,1024,0.8474903106689453,1.0,1.0,0.9990125894546509,0.0
late_state_ce,late_state_ce,12,1-2,0,-2.5502028465270996,0.12727272510528564,0.0,0.0,0.8727272748947144
late_state_ce,late_state_ce,12,1-2,1,-1.2293603420257568,0.5454545617103577,0.20000000298023224,0.0,0.45454543828964233
late_state_ce,late_state_ce,12,1-2,2,-1.0913968086242676,0.6727272868156433,0.4000000059604645,0.0,0.3272727131843567
late_state_ce,late_state_ce,12,1-2,4,-0.5368809700012207,0.8909090757369995,0.800000011920929,0.0,0.10909092426300049
late_state_ce,late_state_ce,12,1-2,8,0.24450695514678955,1.0,1.0,0.23212747275829315,0.0
late_state_ce,late_state_ce,12,1-2,12,0.3106302320957184,1.0,1.0,0.316903293132782,0.0
late_state_ce,late_state_ce,12,1-2,16,0.347494900226593,1.0,1.0,0.3699398338794708,0.0
late_state_ce,late_state_ce,12,1-2,24,0.4124407470226288,1.0,1.0,0.43910813331604004,0.0
late_state_ce,late_state_ce,12,1-2,32,0.46304893493652344,1.0,1.0,0.4856613576412201,0.0
late_state_ce,late_state_ce,12,1-2,48,0.5152045488357544,1.0,1.0,0.5490307807922363,0.0
late_state_ce,late_state_ce,12,1-2,64,0.470339834690094,1.0,1.0,0.5929068326950073,0.0
late_state_ce,late_state_ce,12,1-2,96,0.47673532366752625,1.0,1.0,0.6537318229675293,0.0
late_state_ce,late_state_ce,12,1-2,128,0.5265552401542664,1.0,1.0,0.6963824033737183,0.0
late_state_ce,late_state_ce,12,1-2,192,0.5906604528427124,1.0,1.0,0.756011426448822,0.0
late_state_ce,late_state_ce,12,1-2,256,0.6026920080184937,1.0,1.0,0.7980747222900391,0.0
late_state_ce,late_state_ce,12,1-2,384,0.6709935665130615,1.0,1.0,0.8571234345436096,0.0
late_state_ce,late_state_ce,12,1-2,512,0.7177385687828064,1.0,1.0,0.8988991379737854,0.0
late_state_ce,late_state_ce,12,1-2,768,0.7991743683815002,1.0,1.0,0.9576619863510132,0.0
late_state_ce,late_state_ce,12,1-2,1024,0.8563007712364197,1.0,1.0,0.9992954134941101,0.0
late_state_ce,late_state_ce,13,1-2,0,-2.5502028465270996,0.1090909093618393,0.0,0.0,0.8909090757369995
late_state_ce,late_state_ce,13,1-2,1,-1.6628553867340088,0.5636363625526428,0.03703703731298447,0.0,0.4363636374473572
late_state_ce,late_state_ce,13,1-2,2,-1.3204090595245361,0.5636363625526428,0.07407407462596893,0.0,0.4363636374473572
late_state_ce,late_state_ce,13,1-2,4,-0.9499838948249817,0.6727272868156433,0.14814814925193787,0.0,0.3272727131843567
late_state_ce,late_state_ce,13,1-2,8,-1.0286545753479004,0.6727272868156433,0.29629629850387573,0.0,0.3272727131843567
late_state_ce,late_state_ce,13,1-2,12,-0.8779661655426025,0.6000000238418579,0.4444444477558136,0.0,0.3999999761581421
late_state_ce,late_state_ce,13,1-2,16,-1.193616271018982,0.6000000238418579,0.5925925970077515,0.0,0.3999999761581421
late_state_ce,late_state_ce,13,1-2,24,-1.0855108499526978,0.7090908885002136,0.8888888955116272,0.0,0.2909091114997864
late_state_ce,late_state_ce,13,1-2,32,0.13924401998519897,1.0,1.0,0.28065648674964905,0.0
late_state_ce,late_state_ce,13,1-2,48,0.3261869549751282,1.0,1.0,0.4522289037704468,0.0
late_state_ce,late_state_ce,13,1-2,64,0.3633562922477722,1.0,1.0,0.5283914804458618,0.0
late_state_ce,late_state_ce,13,1-2,96,0.46506085991859436,1.0,1.0,0.6148016452789307,0.0
late_state_ce,late_state_ce,13,1-2,128,0.5810695290565491,1.0,1.0,0.6684618592262268,0.0
late_state_ce,late_state_ce,13,1-2,192,0.6145203709602356,1.0,1.0,0.738162636756897,0.0
late_state_ce,late_state_ce,13,1-2,256,0.6847962141036987,1.0,1.0,0.7849539518356323,0.0
late_state_ce,late_state_ce,13,1-2,384,0.7617986798286438,1.0,1.0,0.8485451340675354,0.0
late_state_ce,late_state_ce,13,1-2,512,0.7674025297164917,1.0,1.0,0.8925265073776245,0.0
late_state_ce,late_state_ce,13,1-2,768,0.7802972197532654,1.0,1.0,0.9534534215927124,0.0
late_state_ce,late_state_ce,13,1-2,1024,0.7747489809989929,1.0,1.0,0.996153712272644,0.0
late_state_ce,late_state_ce,20,1-2,0,-2.5502028465270996,0.125,0.0,0.0,0.875
late_state_ce,late_state_ce,20,1-2,1,-1.7037731409072876,0.5892857313156128,0.1666666716337204,0.0,0.4107142686843872
late_state_ce,late_state_ce,20,1-2,2,-1.3805350065231323,0.6607142686843872,0.3333333432674408,0.0,0.3392857313156128
late_state_ce,late_state_ce,20,1-2,4,-0.7653083205223083,0.875,0.6666666865348816,0.0,0.125
late_state_ce,late_state_ce,20,1-2,8,0.13210397958755493,1.0,1.0,0.19994372129440308,0.0
late_state_ce,late_state_ce,20,1-2,12,0.24706020951271057,1.0,1.0,0.2999155819416046,0.0
late_state_ce,late_state_ce,20,1-2,16,0.305891752243042,1.0,1.0,0.35839536786079407,0.0
late_state_ce,late_state_ce,20,1-2,24,0.3708479404449463,1.0,1.0,0.43207117915153503,0.0
late_state_ce,late_state_ce,20,1-2,32,0.4008810520172119,1.0,1.0,0.4806002080440521,0.0
late_state_ce,late_state_ce,20,1-2,48,0.44183090329170227,1.0,1.0,0.5457895398139954,0.0
late_state_ce,late_state_ce,20,1-2,64,0.4472856819629669,1.0,1.0,0.590522825717926,0.0
late_state_ce,late_state_ce,20,1-2,96,0.46483883261680603,1.0,1.0,0.6521726250648499,0.0
late_state_ce,late_state_ce,20,1-2,128,0.5704681873321533,1.0,1.0,0.6952239274978638,0.0
late_state_ce,late_state_ce,20,1-2,192,0.6847690939903259,1.0,1.0,0.7552462816238403,0.0
late_state_ce,late_state_ce,20,1-2,256,0.7385134696960449,1.0,1.0,0.7975034713745117,0.0
late_state_ce,late_state_ce,20,1-2,384,0.8085101842880249,1.0,1.0,0.8567444086074829,0.0
late_state_ce,late_state_ce,20,1-2,512,0.8744181394577026,1.0,1.0,0.8986155390739441,0.0
late_state_ce,late_state_ce,20,1-2,768,0.9667319059371948,1.0,1.0,0.9574733972549438,0.0
late_state_ce,late_state_ce,20,1-2,1024,1.002616286277771,1.0,1.0,0.9991540908813477,0.0
late_state_ce,late_state_ce,22,1-2,0,-2.5502028465270996,0.09375,0.0,0.0,0.90625
late_state_ce,late_state_ce,22,1-2,1,-1.8206870555877686,0.40625,0.1666666716337204,0.0,0.59375
late_state_ce,late_state_ce,22,1-2,2,-1.4980891942977905,0.5625,0.3333333432674408,0.0,0.4375
late_state_ce,late_state_ce,22,1-2,4,-1.0755290985107422,0.859375,0.6666666865348816,0.0,0.140625
late_state_ce,late_state_ce,22,1-2,8,0.09789764136075974,1.0,1.0,0.19994372129440308,0.0
late_state_ce,late_state_ce,22,1-2,12,0.11122211813926697,1.0,1.0,0.2999155819416046,0.0
late_state_ce,late_state_ce,22,1-2,16,0.15893518924713135,1.0,1.0,0.35839536786079407,0.0
late_state_ce,late_state_ce,22,1-2,24,0.2215213030576706,1.0,1.0,0.43207117915153503,0.0
late_state_ce,late_state_ce,22,1-2,32,0.28690093755722046,1.0,1.0,0.4806002080440521,0.0
late_state_ce,late_state_ce,22,1-2,48,0.46489864587783813,1.0,1.0,0.5457895398139954,0.0
late_state_ce,late_state_ce,22,1-2,64,0.4512585997581482,1.0,1.0,0.590522825717926,0.0
late_state_ce,late_state_ce,22,1-2,96,0.4701874554157257,1.0,1.0,0.6521726250648499,0.0
late_state_ce,late_state_ce,22,1-2,128,0.5651081800460815,1.0,1.0,0.6952239274978638,0.0
late_state_ce,late_state_ce,22,1-2,192,0.6436125040054321,1.0,1.0,0.7552462816238403,0.0
late_state_ce,late_state_ce,22,1-2,256,0.7415058016777039,1.0,1.0,0.7975034713745117,0.0
late_state_ce,late_state_ce,22,1-2,384,0.7814043164253235,1.0,1.0,0.8567444086074829,0.0
late_state_ce,late_state_ce,22,1-2,512,0.7834532856941223,1.0,1.0,0.8986155390739441,0.0
late_state_ce,late_state_ce,22,1-2,768,0.8329641819000244,1.0,1.0,0.9574733972549438,0.0
late_state_ce,late_state_ce,22,1-2,1024,0.8678473234176636,1.0,1.0,0.9991540908813477,0.0
late_state_ce,late_state_ce,27,3-10,0,-2.5502028465270996,0.072727270424366,0.0,0.0,0.9272727370262146
late_state_ce,late_state_ce,27,3-10,1,-1.610426425933838,0.581818163394928,0.20000000298023224,0.0,0.418181836605072
late_state_ce,late_state_ce,27,3-10,2,-1.1609305143356323,0.6545454263687134,0.4000000059604645,0.0,0.3454545736312866
late_state_ce,late_state_ce,27,3-10,4,-1.0078834295272827,0.8727272748947144,0.800000011920929,0.0,0.12727272510528564
late_state_ce,late_state_ce,27,3-10,8,0.12271721661090851,1.0,1.0,0.23212747275829315,0.0
late_state_ce,late_state_ce,27,3-10,12,0.22300130128860474,1.0,1.0,0.316903293132782,0.0
late_state_ce,late_state_ce,27,3-10,16,0.2646288573741913,1.0,1.0,0.3699398338794708,0.0
late_state_ce,late_state_ce,27,3-10,24,0.3368365466594696,1.0,1.0,0.43910813331604004,0.0
late_state_ce,late_state_ce,27,3-10,32,0.406461626291275,1.0,1.0,0.4856613576412201,0.0
late_state_ce,late_state_ce,27,3-10,48,0.448189377784729,1.0,1.0,0.5490307807922363,0.0
late_state_ce,late_state_ce,27,3-10,64,0.44064950942993164,1.0,1.0,0.5929068326950073,0.0
late_state_ce,late_state_ce,27,3-10,96,0.46123987436294556,1.0,1.0,0.6537318229675293,0.0
late_state_ce,late_state_ce,27,3-10,128,0.5640397071838379,1.0,1.0,0.6963824033737183,0.0
late_state_ce,late_state_ce,27,3-10,192,0.6296638250350952,1.0,1.0,0.756011426448822,0.0
late_state_ce,late_state_ce,27,3-10,256,0.6953268051147461,1.0,1.0,0.7980747222900391,0.0
late_state_ce,late_state_ce,27,3-10,384,0.7405454516410828,1.0,1.0,0.8571234345436096,0.0
late_state_ce,late_state_ce,27,3-10,512,0.7857580184936523,1.0,1.0,0.8988991379737854,0.0
late_state_ce,late_state_ce,27,3-10,768,0.8297381401062012,1.0,1.0,0.9576619863510132,0.0
late_state_ce,late_state_ce,27,3-10,1024,0.8363741636276245,1.0,1.0,0.9992954134941101,0.0
late_state_ce,late_state_ce,29,3-10,0,-2.5502028465270996,0.07407407462596893,0.0,0.0,0.9259259104728699
late_state_ce,late_state_ce,29,3-10,1,-1.6429940462112427,0.4444444477558136,0.1666666716337204,0.0,0.5555555820465088
late_state_ce,late_state_ce,29,3-10,2,-1.3044122457504272,0.6111111044883728,0.3333333432674408,0.0,0.3888888955116272
late_state_ce,late_state_ce,29,3-10,4,-0.6730221509933472,0.7592592835426331,0.6666666865348816,0.0,0.24074071645736694
late_state_ce,late_state_ce,29,3-10,8,0.14218825101852417,1.0,1.0,0.19994372129440308,0.0
late_state_ce,late_state_ce,29,3-10,12,0.157714381814003,1.0,1.0,0.2999155819416046,0.0
late_state_ce,late_state_ce,29,3-10,16,0.14356601238250732,1.0,1.0,0.35839536786079407,0.0
late_state_ce,late_state_ce,29,3-10,24,0.1607920229434967,1.0,1.0,0.43207117915153503,0.0
late_state_ce,late_state_ce,29,3-10,32,0.24396052956581116,1.0,1.0,0.4806002080440521,0.0
late_state_ce,late_state_ce,29,3-10,48,0.39960190653800964,1.0,1.0,0.5457895398139954,0.0
late_state_ce,late_state_ce,29,3-10,64,0.3854321241378784,1.0,1.0,0.590522825717926,0.0
late_state_ce,late_state_ce,29,3-10,96,0.4335018992424011,1.0,1.0,0.6521726250648499,0.0
late_state_ce,late_state_ce,29,3-10,128,0.5636643171310425,1.0,1.0,0.6952239274978638,0.0
late_state_ce,late_state_ce,29,3-10,192,0.6692981123924255,1.0,1.0,0.7552462816238403,0.0
late_state_ce,late_state_ce,29,3-10,256,0.689155638217926,1.0,1.0,0.7975034713745117,0.0
late_state_ce,late_state_ce,29,3-10,384,0.7082278728485107,1.0,1.0,0.8567444086074829,0.0
late_state_ce,late_state_ce,29,3-10,512,0.704689621925354,1.0,1.0,0.8986155390739441,0.0
late_state_ce,late_state_ce,29,3-10,768,0.7389692068099976,1.0,1.0,0.9574733972549438,0.0
late_state_ce,late_state_ce,29,3-10,1024,0.7465987205505371,1.0,1.0,0.9991540908813477,0.0
late_state_ce,late_state_ce,30,3-10,0,-2.5502030849456787,0.1071428582072258,0.0,0.0,0.8928571343421936
late_state_ce,late_state_ce,30,3-10,1,-1.9261623620986938,0.4464285671710968,0.1666666716337204,0.0,0.5535714626312256
late_state_ce,late_state_ce,30,3-10,2,-1.7946642637252808,0.6428571343421936,0.3333333432674408,0.0,0.3571428656578064
late_state_ce,late_state_ce,30,3-10,4,-1.6528395414352417,0.7142857313156128,0.6666666865348816,0.0,0.2857142686843872
late_state_ce,late_state_ce,30,3-10,8,0.11396760493516922,1.0,1.0,0.19994372129440308,0.0
late_state_ce,late_state_ce,30,3-10,12,0.10429216176271439,1.0,1.0,0.2999155819416046,0.0
late_state_ce,late_state_ce,30,3-10,16,0.14579422771930695,1.0,1.0,0.35839536786079407,0.0
late_state_ce,late_state_ce,30,3-10,24,0.22071735560894012,1.0,1.0,0.43207117915153503,0.0
late_state_ce,late_state_ce,30,3-10,32,0.30421069264411926,1.0,1.0,0.4806002080440521,0.0
late_state_ce,late_state_ce,30,3-10,48,0.398394376039505,1.0,1.0,0.5457895398139954,0.0
late_state_ce,late_state_ce,30,3-10,64,0.42924314737319946,1.0,1.0,0.590522825717926,0.0
late_state_ce,late_state_ce,30,3-10,96,0.4391990303993225,1.0,1.0,0.6521726250648499,0.0
late_state_ce,late_state_ce,30,3-10,128,0.5115097165107727,1.0,1.0,0.6952239274978638,0.0
late_state_ce,late_state_ce,30,3-10,192,0.6025474667549133,1.0,1.0,0.7552462816238403,0.0
late_state_ce,late_state_ce,30,3-10,256,0.6388728618621826,1.0,1.0,0.7975034713745117,0.0
late_state_ce,late_state_ce,30,3-10,384,0.6508905291557312,1.0,1.0,0.8567444086074829,0.0
late_state_ce,late_state_ce,30,3-10,512,0.6434928774833679,1.0,1.0,0.8986155390739441,0.0
late_state_ce,late_state_ce,30,3-10,768,0.6241667866706848,1.0,1.0,0.9574733972549438,0.0
late_state_ce,late_state_ce,30,3-10,1024,0.6422663331031799,1.0,1.0,0.9991540908813477,0.0
late_state_ce,late_state_ce,35,3-10,0,-2.5502028465270996,0.08620689809322357,0.0,0.0,0.9137930870056152
late_state_ce,late_state_ce,35,3-10,1,-1.9756087064743042,0.3965517282485962,0.07692307978868484,0.0,0.6034482717514038
late_state_ce,late_state_ce,35,3-10,2,-1.9122729301452637,0.5,0.1538461595773697,0.0,0.5
late_state_ce,late_state_ce,35,3-10,4,-1.7200453281402588,0.48275861144065857,0.3076923191547394,0.0,0.517241358757019
late_state_ce,late_state_ce,35,3-10,8,-1.4067456722259521,0.6551724076271057,0.6153846383094788,0.0,0.3448275923728943
late_state_ce,late_state_ce,35,3-10,12,-1.212510585784912,0.8103448152542114,0.9230769276618958,0.0,0.18965518474578857
late_state_ce,late_state_ce,35,3-10,16,0.0021594699937850237,1.0,1.0,0.23212747275829315,0.0
late_state_ce,late_state_ce,35,3-10,24,0.20038776099681854,1.0,1.0,0.3699398338794708,0.0
late_state_ce,late_state_ce,35,3-10,32,0.31639352440834045,1.0,1.0,0.43910813331604004,0.0
late_state_ce,late_state_ce,35,3-10,48,0.42586541175842285,1.0,1.0,0.5207987427711487,0.0
late_state_ce,late_state_ce,35,3-10,64,0.4778871238231659,1.0,1.0,0.5726308226585388,0.0
late_state_ce,late_state_ce,35,3-10,96,0.5007321238517761,1.0,1.0,0.6407586932182312,0.0
late_state_ce,late_state_ce,35,3-10,128,0.5498283505439758,1.0,1.0,0.6868431568145752,0.0
late_state_ce,late_state_ce,35,3-10,192,0.6736499071121216,1.0,1.0,0.7497735023498535,0.0
late_state_ce,late_state_ce,35,3-10,256,0.7073172926902771,1.0,1.0,0.7934404611587524,0.0
late_state_ce,late_state_ce,35,3-10,384,0.7392702102661133,1.0,1.0,0.8540627360343933,0.0
late_state_ce,late_state_ce,35,3-10,512,0.7723356485366821,1.0,1.0,0.8966143131256104,0.0
late_state_ce,late_state_ce,35,3-10,768,0.7962632775306702,1.0,1.0,0.9561457633972168,0.0
late_state_ce,late_state_ce,35,3-10,1024,0.8235429525375366,1.0,1.0,0.9981608390808105,0.0
late_state_ce,late_state_ce,36,11-50,0,-2.5502028465270996,0.09090909361839294,0.0,0.0,0.9090908765792847
late_state_ce,late_state_ce,36,11-50,1,-1.5167595148086548,0.5090909004211426,0.20000000298023224,0.0,0.4909090995788574
late_state_ce,late_state_ce,36,11-50,2,-1.003067135810852,0.6909090876579285,0.4000000059604645,0.0,0.30909091234207153
late_state_ce,late_state_ce,36,11-50,4,-0.31991228461265564,0.9272727370262146,0.800000011920929,0.0,0.0727272629737854
late_state_ce,late_state_ce,36,11-50,8,0.2738834619522095,1.0,1.0,0.23212747275829315,0.0
late_state_ce,late_state_ce,36,11-50,12,0.23415826261043549,1.0,1.0,0.316903293132782,0.0
late_state_ce,late_state_ce,36,11-50,16,0.23899616301059723,1.0,1.0,0.3699398338794708,0.0
late_state_ce,late_state_ce,36,11-50,24,0.2977730333805084,1.0,1.0,0.43910813331604004,0.0
late_state_ce,late_state_ce,36,11-50,32,0.37228259444236755,1.0,1.0,0.4856613576412201,0.0
late_state_ce,late_state_ce,36,11-50,48,0.4407068192958832,1.0,1.0,0.5490307807922363,0.0
late_state_ce,late_state_ce,36,11-50,64,0.4520350992679596,1.0,1.0,0.5929068326950073,0.0
late_state_ce,late_state_ce,36,11-50,96,0.48718100786209106,1.0,1.0,0.6537318229675293,0.0
late_state_ce,late_state_ce,36,11-50,128,0.5258564352989197,1.0,1.0,0.6963824033737183,0.0
late_state_ce,late_state_ce,36,11-50,192,0.5580219030380249,1.0,1.0,0.756011426448822,0.0
late_state_ce,late_state_ce,36,11-50,256,0.6087406277656555,1.0,1.0,0.7980747222900391,0.0
late_state_ce,late_state_ce,36,11-50,384,0.6532248258590698,1.0,1.0,0.8571234345436096,0.0
late_state_ce,late_state_ce,36,11-50,512,0.6930416822433472,1.0,1.0,0.8988991379737854,0.0
late_state_ce,late_state_ce,36,11-50,768,0.7413710355758667,1.0,1.0,0.9576619863510132,0.0
late_state_ce,late_state_ce,36,11-50,1024,0.7488594651222229,1.0,1.0,0.9992954134941101,0.0
late_state_ce,late_state_ce,38,11-50,0,-2.5502028465270996,0.1090909093618393,0.0,0.0,0.8909090757369995
late_state_ce,late_state_ce,38,11-50,1,-1.7822961807250977,0.4909090995788574,0.1666666716337204,0.0,0.5090909004211426
late_state_ce,late_state_ce,38,11-50,2,-1.3289885520935059,0.6363636255264282,0.3333333432674408,0.0,0.3636363744735718
late_state_ce,late_state_ce,38,11-50,4,-0.5667860507965088,0.8181818127632141,0.6666666865348816,0.0,0.1818181872367859
late_state_ce,late_state_ce,38,11-50,8,0.1668914556503296,1.0,1.0,0.19994372129440308,0.0
late_state_ce,late_state_ce,38,11-50,12,0.1803206354379654,1.0,1.0,0.2999155819416046,0.0
late_state_ce,late_state_ce,38,11-50,16,0.22072982788085938,1.0,1.0,0.35839536786079407,0.0
late_state_ce,late_state_ce,38,11-50,24,0.28095003962516785,1.0,1.0,0.43207117915153503,0.0
late_state_ce,late_state_ce,38,11-50,32,0.3403438329696655,1.0,1.0,0.4806002080440521,0.0
late_state_ce,late_state_ce,38,11-50,48,0.4852793216705322,1.0,1.0,0.5457895398139954,0.0
late_state_ce,late_state_ce,38,11-50,64,0.4709007441997528,1.0,1.0,0.590522825717926,0.0
late_state_ce,late_state_ce,38,11-50,96,0.49197953939437866,1.0,1.0,0.6521726250648499,0.0
late_state_ce,late_state_ce,38,11-50,128,0.5770367980003357,1.0,1.0,0.6952239274978638,0.0
late_state_ce,late_state_ce,38,11-50,192,0.6759744882583618,1.0,1.0,0.7552462816238403,0.0
late_state_ce,late_state_ce,38,11-50,256,0.7193906307220459,1.0,1.0,0.7975034713745117,0.0
late_state_ce,late_state_ce,38,11-50,384,0.7587841749191284,1.0,1.0,0.8567444086074829,0.0
late_state_ce,late_state_ce,38,11-50,512,0.803724467754364,1.0,1.0,0.8986155390739441,0.0
late_state_ce,late_state_ce,38,11-50,768,0.8444710373878479,1.0,1.0,0.9574733972549438,0.0
late_state_ce,late_state_ce,38,11-50,1024,0.8766466379165649,1.0,1.0,0.9991540908813477,0.0
late_state_ce,late_state_ce,41,11-50,0,-2.5502030849456787,0.08771929889917374,0.0,0.0,0.9122806787490845
late_state_ce,late_state_ce,41,11-50,1,-1.3876749277114868,0.5438596606254578,0.25,0.0,0.45614033937454224
late_state_ce,late_state_ce,41,11-50,2,-0.8375985026359558,0.7894737124443054,0.5,0.0,0.21052628755569458
late_state_ce,late_state_ce,41,11-50,4,0.27252405881881714,1.0,1.0,0.09997186064720154,0.0
late_state_ce,late_state_ce,41,11-50,8,0.30746981501579285,1.0,1.0,0.25842350721359253,0.0
late_state_ce,late_state_ce,41,11-50,12,0.34609660506248474,1.0,1.0,0.3320993185043335,0.0
late_state_ce,late_state_ce,41,11-50,16,0.38837528228759766,1.0,1.0,0.3806283473968506,0.0
late_state_ce,late_state_ce,41,11-50,24,0.4674869775772095,1.0,1.0,0.4458176791667938,0.0
late_state_ce,late_state_ce,41,11-50,32,0.5258090496063232,1.0,1.0,0.4905509650707245,0.0
late_state_ce,late_state_ce,41,11-50,48,0.5913904309272766,1.0,1.0,0.5522007346153259,0.0
late_state_ce,late_state_ce,41,11-50,64,0.5789521932601929,1.0,1.0,0.5952520370483398,0.0
late_state_ce,late_state_ce,41,11-50,96,0.5895063281059265,1.0,1.0,0.6552744507789612,0.0
late_state_ce,late_state_ce,41,11-50,128,0.6316481232643127,1.0,1.0,0.6975316405296326,0.0
late_state_ce,late_state_ce,41,11-50,192,0.6320170164108276,1.0,1.0,0.756772518157959,0.0
late_state_ce,late_state_ce,41,11-50,256,0.6353641152381897,1.0,1.0,0.7986436486244202,0.0
late_state_ce,late_state_ce,41,11-50,384,0.7138565182685852,1.0,1.0,0.8575015068054199,0.0
late_state_ce,late_state_ce,41,11-50,512,0.7645005583763123,1.0,1.0,0.8991822004318237,0.0
late_state_ce,late_state_ce,41,11-50,768,0.8370469212532043,1.0,1.0,0.9578503966331482,0.0
late_state_ce,late_state_ce,41,11-50,1024,0.8821300864219666,1.0,1.0,0.999436616897583,0.0
late_state_ce,late_state_ce,47,11-50,0,-2.5502030849456787,0.08771929889917374,0.0,0.0,0.9122806787490845
late_state_ce,late_state_ce,47,11-50,1,-1.998506784439087,0.4385964870452881,0.014925372786819935,0.0,0.5614035129547119
late_state_ce,late_state_ce,47,11-50,2,-2.016965627670288,0.4035087823867798,0.02985074557363987,0.0,0.5964912176132202
late_state_ce,late_state_ce,47,11-50,4,-1.9100309610366821,0.3684210479259491,0.05970149114727974,0.0,0.6315789222717285
late_state_ce,late_state_ce,47,11-50,8,-1.452271819114685,0.2982456088066101,0.11940298229455948,0.0,0.7017543911933899
late_state_ce,late_state_ce,47,11-50,12,-1.5194342136383057,0.4035087823867798,0.17910447716712952,0.0,0.5964912176132202
late_state_ce,late_state_ce,47,11-50,16,-1.4355201721191406,0.5614035129547119,0.23880596458911896,0.0,0.4385964870452881
late_state_ce,late_state_ce,47,11-50,24,-1.651176929473877,0.4035087823867798,0.35820895433425903,0.0,0.5964912176132202
late_state_ce,late_state_ce,47,11-50,32,-1.4678125381469727,0.31578946113586426,0.4776119291782379,0.0,0.6842105388641357
late_state_ce,late_state_ce,47,11-50,48,-1.4102064371109009,0.35087719559669495,0.7164179086685181,0.0,0.6491228342056274
late_state_ce,late_state_ce,47,11-50,64,-1.2946666479110718,0.5087719559669495,0.9552238583564758,0.0,0.49122804403305054
late_state_ce,late_state_ce,47,11-50,96,0.5980274081230164,1.0,1.0,0.4952802062034607,0.0
late_state_ce,late_state_ce,47,11-50,128,0.7086770534515381,1.0,1.0,0.5975597500801086,0.0
late_state_ce,late_state_ce,47,11-50,192,0.7071682214736938,1.0,1.0,0.698671817779541,0.0
late_state_ce,late_state_ce,47,11-50,256,0.7359890937805176,1.0,1.0,0.7575296759605408,0.0
late_state_ce,late_state_ce,47,11-50,384,0.7315404415130615,1.0,1.0,0.8315072059631348,0.0
late_state_ce,late_state_ce,47,11-50,512,0.7602870464324951,1.0,1.0,0.8801653385162354,0.0
late_state_ce,late_state_ce,47,11-50,768,0.8009061217308044,1.0,1.0,0.9454719424247742,0.0
late_state_ce,late_state_ce,47,11-50,1024,0.7809351682662964,1.0,1.0,0.9902599453926086,0.0
late_state_ce,late_state_ce,51,51+,0,-2.5502028465270996,0.12068965286016464,0.0,0.0,0.8793103694915771
late_state_ce,late_state_ce,51,51+,1,-1.8270386457443237,0.4137931168079376,0.125,0.0,0.5862069129943848
late_state_ce,late_state_ce,51,51+,2,-1.5422205924987793,0.43103447556495667,0.25,0.0,0.5689655542373657
late_state_ce,late_state_ce,51,51+,4,-1.1983028650283813,0.6724137663841248,0.5,0.0,0.32758623361587524
late_state_ce,late_state_ce,51,51+,8,-0.3936895430088043,1.0,1.0,0.09997186064720154,0.0
late_state_ce,late_state_ce,51,51+,12,0.18410508334636688,1.0,1.0,0.25842350721359253,0.0
late_state_ce,late_state_ce,51,51+,16,0.22364729642868042,1.0,1.0,0.3320993185043335,0.0
late_state_ce,late_state_ce,51,51+,24,0.31982266902923584,1.0,1.0,0.4168751537799835,0.0
late_state_ce,late_state_ce,51,51+,32,0.3801843225955963,1.0,1.0,0.46991166472435,0.0
late_state_ce,late_state_ce,51,51+,48,0.44571924209594727,1.0,1.0,0.539080023765564,0.0
late_state_ce,late_state_ce,51,51+,64,0.44084224104881287,1.0,1.0,0.5856332182884216,0.0
late_state_ce,late_state_ce,51,51+,96,0.5024954080581665,1.0,1.0,0.6490026116371155,0.0
late_state_ce,late_state_ce,51,51+,128,0.6115577220916748,1.0,1.0,0.6928786635398865,0.0
late_state_ce,late_state_ce,51,51+,192,0.7187663316726685,1.0,1.0,0.7537037134170532,0.0
late_state_ce,late_state_ce,51,51+,256,0.7699569463729858,1.0,1.0,0.7963542938232422,0.0
late_state_ce,late_state_ce,51,51+,384,0.7982689738273621,1.0,1.0,0.8559832572937012,0.0
late_state_ce,late_state_ce,51,51+,512,0.857264518737793,1.0,1.0,0.8980465531349182,0.0
late_state_ce,late_state_ce,51,51+,768,0.9190951585769653,1.0,1.0,0.9570953249931335,0.0
late_state_ce,late_state_ce,51,51+,1024,0.9369810819625854,1.0,1.0,0.9988710284233093,0.0
late_state_ce,late_state_ce,52,51+,0,-2.5502028465270996,0.1428571492433548,0.0,0.0,0.8571428656578064
late_state_ce,late_state_ce,52,51+,1,-1.7854174375534058,0.4642857015132904,0.1111111119389534,0.0,0.5357142686843872
late_state_ce,late_state_ce,52,51+,2,-1.6750426292419434,0.4464285671710968,0.2222222238779068,0.0,0.5535714626312256
late_state_ce,late_state_ce,52,51+,4,-1.2339046001434326,0.5714285969734192,0.4444444477558136,0.0,0.4285714030265808
late_state_ce,late_state_ce,52,51+,8,-0.33356335759162903,0.9285714030265808,0.8888888955116272,0.0,0.07142859697341919
late_state_ce,late_state_ce,52,51+,12,0.21382910013198853,1.0,1.0,0.23212747275829315,0.0
late_state_ce,late_state_ce,52,51+,16,0.2719220519065857,1.0,1.0,0.316903293132782,0.0
late_state_ce,late_state_ce,52,51+,24,0.361601859331131,1.0,1.0,0.40863126516342163,0.0
late_state_ce,late_state_ce,52,51+,32,0.4247676730155945,1.0,1.0,0.4642549455165863,0.0
late_state_ce,late_state_ce,52,51+,48,0.48639771342277527,1.0,1.0,0.5356044173240662,0.0
late_state_ce,late_state_ce,52,51+,64,0.5283002853393555,1.0,1.0,0.5831248164176941,0.0
late_state_ce,late_state_ce,52,51+,96,0.6211696863174438,1.0,1.0,0.647391140460968,0.0
late_state_ce,late_state_ce,52,51+,128,0.6341928243637085,1.0,1.0,0.6916916370391846,0.0
late_state_ce,late_state_ce,52,51+,192,0.7299016714096069,1.0,1.0,0.752926230430603,0.0
late_state_ce,late_state_ce,52,51+,256,0.7903076410293579,1.0,1.0,0.7957761287689209,0.0
late_state_ce,late_state_ce,52,51+,384,0.8083100914955139,1.0,1.0,0.8556012511253357,0.0
late_state_ce,late_state_ce,52,51+,512,0.8397188186645508,1.0,1.0,0.8977612257003784,0.0
late_state_ce,late_state_ce,52,51+,768,0.8756651878356934,1.0,1.0,0.9569059014320374,0.0
late_state_ce,late_state_ce,52,51+,1024,0.8854371309280396,1.0,1.0,0.9987292885780334,0.0
late_state_ce,late_state_ce,53,51+,0,-2.5502028465270996,0.072727270424366,0.0,0.0,0.9272727370262146
late_state_ce,late_state_ce,53,51+,1,-1.4820600748062134,0.581818163394928,0.20000000298023224,0.0,0.418181836605072
late_state_ce,late_state_ce,53,51+,2,-1.0434283018112183,0.6909090876579285,0.4000000059604645,0.0,0.30909091234207153
late_state_ce,late_state_ce,53,51+,4,-0.1628759354352951,0.9818181991577148,0.800000011920929,0.0,0.018181800842285156
late_state_ce,late_state_ce,53,51+,8,0.17960461974143982,1.0,1.0,0.23212747275829315,0.0
late_state_ce,late_state_ce,53,51+,12,0.22344934940338135,1.0,1.0,0.316903293132782,0.0
late_state_ce,late_state_ce,53,51+,16,0.26411622762680054,1.0,1.0,0.3699398338794708,0.0
late_state_ce,late_state_ce,53,51+,24,0.31580135226249695,1.0,1.0,0.43910813331604004,0.0
late_state_ce,late_state_ce,53,51+,32,0.39981237053871155,1.0,1.0,0.4856613576412201,0.0
late_state_ce,late_state_ce,53,51+,48,0.4716978073120117,1.0,1.0,0.5490307807922363,0.0
late_state_ce,late_state_ce,53,51+,64,0.4970134496688843,1.0,1.0,0.5929068326950073,0.0
late_state_ce,late_state_ce,53,51+,96,0.5679540038108826,1.0,1.0,0.6537318229675293,0.0
late_state_ce,late_state_ce,53,51+,128,0.5931333899497986,1.0,1.0,0.6963824033737183,0.0
late_state_ce,late_state_ce,53,51+,192,0.612754225730896,1.0,1.0,0.756011426448822,0.0
late_state_ce,late_state_ce,53,51+,256,0.6892412900924683,1.0,1.0,0.7980747222900391,0.0
late_state_ce,late_state_ce,53,51+,384,0.6986382603645325,1.0,1.0,0.8571234345436096,0.0
late_state_ce,late_state_ce,53,51+,512,0.6974251866340637,1.0,1.0,0.8988991379737854,0.0
late_state_ce,late_state_ce,53,51+,768,0.6940224170684814,1.0,1.0,0.9576619863510132,0.0
late_state_ce,late_state_ce,53,51+,1024,0.7433263659477234,1.0,1.0,0.9992954134941101,0.0
late_state_ce,late_state_ce,56,51+,0,-2.5502030849456787,0.10000000149011612,0.0,0.0,0.8999999761581421
late_state_ce,late_state_ce,56,51+,1,-1.9159880876541138,0.4333333373069763,0.07692307978868484,0.0,0.5666666626930237
late_state_ce,late_state_ce,56,51+,2,-1.8606001138687134,0.4833333194255829,0.1538461595773697,0.0,0.5166666507720947
late_state_ce,late_state_ce,56,51+,4,-1.6652662754058838,0.5,0.3076923191547394,0.0,0.5
late_state_ce,late_state_ce,56,51+,8,-1.327446460723877,0.6666666865348816,0.6153846383094788,0.0,0.3333333134651184
late_state_ce,late_state_ce,56,51+,12,-1.3699578046798706,0.7166666388511658,0.9230769276618958,0.0,0.28333336114883423
late_state_ce,late_state_ce,56,51+,16,0.054928746074438095,1.0,1.0,0.23212747275829315,0.0
late_state_ce,late_state_ce,56,51+,24,0.20156127214431763,1.0,1.0,0.3699398338794708,0.0
late_state_ce,late_state_ce,56,51+,32,0.3322935700416565,1.0,1.0,0.43910813331604004,0.0
late_state_ce,late_state_ce,56,51+,48,0.43775585293769836,1.0,1.0,0.5207987427711487,0.0
late_state_ce,late_state_ce,56,51+,64,0.4508928656578064,1.0,1.0,0.5726308226585388,0.0
late_state_ce,late_state_ce,56,51+,96,0.4996749758720398,1.0,1.0,0.6407586932182312,0.0
late_state_ce,late_state_ce,56,51+,128,0.57343989610672,1.0,1.0,0.6868431568145752,0.0
late_state_ce,late_state_ce,56,51+,192,0.6462680101394653,1.0,1.0,0.7497735023498535,0.0
late_state_ce,late_state_ce,56,51+,256,0.6949785947799683,1.0,1.0,0.7934404611587524,0.0
late_state_ce,late_state_ce,56,51+,384,0.7388209700584412,1.0,1.0,0.8540627360343933,0.0
late_state_ce,late_state_ce,56,51+,512,0.7400696277618408,1.0,1.0,0.8966143131256104,0.0
late_state_ce,late_state_ce,56,51+,768,0.7202988266944885,1.0,1.0,0.9561457633972168,0.0
late_state_ce,late_state_ce,56,51+,1024,0.7056973576545715,1.0,1.0,0.9981608390808105,0.0
late_state_ce,combined_margin,1,0,0,-0.7212410569190979,0.12727272510528564,0.0,0.0,0.8727272748947144
late_state_ce,combined_margin,1,0,1,-0.29299435019493103,0.6545454263687134,0.20000000298023224,0.0,0.3454545736312866
late_state_ce,combined_margin,1,0,2,-0.4810996353626251,0.7454545497894287,0.4000000059604645,0.0,0.2545454502105713
late_state_ce,combined_margin,1,0,4,-0.39232128858566284,0.9272727370262146,0.800000011920929,0.0,0.0727272629737854
late_state_ce,combined_margin,1,0,8,-0.07024455815553665,1.0,1.0,0.23212747275829315,0.0
late_state_ce,combined_margin,1,0,12,0.031114738434553146,1.0,1.0,0.316903293132782,0.0
late_state_ce,combined_margin,1,0,16,0.1587160974740982,1.0,1.0,0.3699398338794708,0.0
late_state_ce,combined_margin,1,0,24,0.3035704791545868,1.0,1.0,0.43910813331604004,0.0
late_state_ce,combined_margin,1,0,32,0.4335665702819824,1.0,1.0,0.4856613576412201,0.0
late_state_ce,combined_margin,1,0,48,0.6647095680236816,1.0,1.0,0.5490307807922363,0.0
late_state_ce,combined_margin,1,0,64,0.919291615486145,1.0,1.0,0.5929068326950073,0.0
late_state_ce,combined_margin,1,0,96,1.093799114227295,1.0,1.0,0.6537318229675293,0.0
late_state_ce,combined_margin,1,0,128,1.124860405921936,1.0,1.0,0.6963824033737183,0.0
late_state_ce,combined_margin,1,0,192,1.1481995582580566,1.0,1.0,0.756011426448822,0.0
late_state_ce,combined_margin,1,0,256,1.1492207050323486,1.0,1.0,0.7980747222900391,0.0
late_state_ce,combined_margin,1,0,384,1.104923129081726,1.0,1.0,0.8571234345436096,0.0
late_state_ce,combined_margin,1,0,512,1.0788586139678955,1.0,1.0,0.8988991379737854,0.0
late_state_ce,combined_margin,1,0,768,1.0370204448699951,1.0,1.0,0.9576619863510132,0.0
late_state_ce,combined_margin,1,0,1024,1.0119863748550415,1.0,1.0,0.9992954134941101,0.0
late_state_ce,combined_margin,4,0,0,-0.7212410569190979,0.1071428582072258,0.0,0.0,0.8928571343421936
late_state_ce,combined_margin,4,0,1,-0.057902783155441284,0.5714285969734192,0.20000000298023224,0.0,0.4285714030265808
late_state_ce,combined_margin,4,0,2,-0.2546456456184387,0.6785714030265808,0.4000000059604645,0.0,0.3214285969734192
late_state_ce,combined_margin,4,0,4,-0.24313753843307495,0.9642857313156128,0.800000011920929,0.0,0.03571426868438721
late_state_ce,combined_margin,4,0,8,-0.17357471585273743,1.0,1.0,0.23212747275829315,0.0
late_state_ce,combined_margin,4,0,12,-0.09975853562355042,1.0,1.0,0.316903293132782,0.0
late_state_ce,combined_margin,4,0,16,0.05122332274913788,1.0,1.0,0.3699398338794708,0.0
late_state_ce,combined_margin,4,0,24,0.17027591168880463,1.0,1.0,0.43910813331604004,0.0
late_state_ce,combined_margin,4,0,32,0.23491206765174866,1.0,1.0,0.4856613576412201,0.0
late_state_ce,combined_margin,4,0,48,0.34699296951293945,1.0,1.0,0.5490307807922363,0.0
late_state_ce,combined_margin,4,0,64,0.4376947581768036,1.0,1.0,0.5929068326950073,0.0
late_state_ce,combined_margin,4,0,96,0.8141949772834778,1.0,1.0,0.6537318229675293,0.0
late_state_ce,combined_margin,4,0,128,0.9442616701126099,1.0,1.0,0.6963824033737183,0.0
late_state_ce,combined_margin,4,0,192,0.9957900643348694,1.0,1.0,0.756011426448822,0.0
late_state_ce,combined_margin,4,0,256,1.0107815265655518,1.0,1.0,0.7980747222900391,0.0
late_state_ce,combined_margin,4,0,384,1.0400642156600952,1.0,1.0,0.8571234345436096,0.0
late_state_ce,combined_margin,4,0,512,1.0366166830062866,1.0,1.0,0.8988991379737854,0.0
late_state_ce,combined_margin,4,0,768,1.0167630910873413,1.0,1.0,0.9576619863510132,0.0
late_state_ce,combined_margin,4,0,1024,0.9936310052871704,1.0,1.0,0.9992954134941101,0.0
late_state_ce,combined_margin,8,0,0,-0.7212409973144531,0.09090909361839294,0.0,0.0,0.9090908765792847
late_state_ce,combined_margin,8,0,1,-0.693187952041626,0.6181818246841431,0.20000000298023224,0.0,0.38181817531585693
late_state_ce,combined_margin,8,0,2,-0.7948183417320251,0.7272727489471436,0.4000000059604645,0.0,0.27272725105285645
late_state_ce,combined_margin,8,0,4,-0.5570187568664551,0.9090909361839294,0.800000011920929,0.0,0.09090906381607056
late_state_ce,combined_margin,8,0,8,-0.1385122537612915,1.0,1.0,0.23212747275829315,0.0
late_state_ce,combined_margin,8,0,12,-9.009808127302676e-05,1.0,1.0,0.316903293132782,0.0
late_state_ce,combined_margin,8,0,16,0.1490401178598404,1.0,1.0,0.3699398338794708,0.0
late_state_ce,combined_margin,8,0,24,0.30522581934928894,1.0,1.0,0.43910813331604004,0.0
late_state_ce,combined_margin,8,0,32,0.4504880905151367,1.0,1.0,0.4856613576412201,0.0
late_state_ce,combined_margin,8,0,48,0.6535573601722717,1.0,1.0,0.5490307807922363,0.0
late_state_ce,combined_margin,8,0,64,0.9206575751304626,1.0,1.0,0.5929068326950073,0.0
late_state_ce,combined_margin,8,0,96,1.0590327978134155,1.0,1.0,0.6537318229675293,0.0
late_state_ce,combined_margin,8,0,128,1.0716227293014526,1.0,1.0,0.6963824033737183,0.0
late_state_ce,combined_margin,8,0,192,1.077045202255249,1.0,1.0,0.756011426448822,0.0
late_state_ce,combined_margin,8,0,256,1.0702903270721436,1.0,1.0,0.7980747222900391,0.0
late_state_ce,combined_margin,8,0,384,0.991663932800293,1.0,1.0,0.8571234345436096,0.0
late_state_ce,combined_margin,8,0,512,0.9630938172340393,1.0,1.0,0.8988991379737854,0.0
late_state_ce,combined_margin,8,0,768,0.9137162566184998,1.0,1.0,0.9576619863510132,0.0
late_state_ce,combined_margin,8,0,1024,0.8746650218963623,1.0,1.0,0.9992954134941101,0.0
late_state_ce,combined_margin,9,0,0,-0.7212409973144531,0.1111111119389534,0.0,0.0,0.8888888955116272
late_state_ce,combined_margin,9,0,1,-0.22779379785060883,0.5,0.1666666716337204,0.0,0.5
late_state_ce,combined_margin,9,0,2,-0.47247958183288574,0.7037037014961243,0.3333333432674408,0.0,0.29629629850387573
late_state_ce,combined_margin,9,0,4,-0.3811796307563782,0.7037037014961243,0.6666666865348816,0.0,0.29629629850387573
late_state_ce,combined_margin,9,0,8,-0.10453062504529953,1.0,1.0,0.19994372129440308,0.0
late_state_ce,combined_margin,9,0,12,-0.06271685659885406,1.0,1.0,0.2999155819416046,0.0
late_state_ce,combined_margin,9,0,16,0.07196846604347229,1.0,1.0,0.35839536786079407,0.0
late_state_ce,combined_margin,9,0,24,0.2200174480676651,1.0,1.0,0.43207117915153503,0.0
late_state_ce,combined_margin,9,0,32,0.3319443166255951,1.0,1.0,0.4806002080440521,0.0
late_state_ce,combined_margin,9,0,48,0.5265207290649414,1.0,1.0,0.5457895398139954,0.0
late_state_ce,combined_margin,9,0,64,0.7178312540054321,1.0,1.0,0.590522825717926,0.0
late_state_ce,combined_margin,9,0,96,0.8999099731445312,1.0,1.0,0.6521726250648499,0.0
late_state_ce,combined_margin,9,0,128,0.9290438890457153,1.0,1.0,0.6952239274978638,0.0
late_state_ce,combined_margin,9,0,192,0.9365440011024475,1.0,1.0,0.7552462816238403,0.0
late_state_ce,combined_margin,9,0,256,0.9371284246444702,1.0,1.0,0.7975034713745117,0.0
late_state_ce,combined_margin,9,0,384,0.9170656204223633,1.0,1.0,0.8567444086074829,0.0
late_state_ce,combined_margin,9,0,512,0.8999001383781433,1.0,1.0,0.8986155390739441,0.0
late_state_ce,combined_margin,9,0,768,0.8651170134544373,1.0,1.0,0.9574733972549438,0.0
late_state_ce,combined_margin,9,0,1024,0.8424461483955383,1.0,1.0,0.9991540908813477,0.0
late_state_ce,combined_margin,12,1-2,0,-0.7212411165237427,0.12727272510528564,0.0,0.0,0.8727272748947144
late_state_ce,combined_margin,12,1-2,1,-0.24995574355125427,0.5272727012634277,0.20000000298023224,0.0,0.47272729873657227
late_state_ce,combined_margin,12,1-2,2,-0.5284541845321655,0.6000000238418579,0.4000000059604645,0.0,0.3999999761581421
late_state_ce,combined_margin,12,1-2,4,-0.5892007946968079,0.8727272748947144,0.800000011920929,0.0,0.12727272510528564
late_state_ce,combined_margin,12,1-2,8,0.15626369416713715,1.0,1.0,0.23212747275829315,0.0
late_state_ce,combined_margin,12,1-2,12,0.048346467316150665,1.0,1.0,0.316903293132782,0.0
late_state_ce,combined_margin,12,1-2,16,0.1694965660572052,1.0,1.0,0.3699398338794708,0.0
late_state_ce,combined_margin,12,1-2,24,0.3489944636821747,1.0,1.0,0.43910813331604004,0.0
late_state_ce,combined_margin,12,1-2,32,0.5287550687789917,1.0,1.0,0.4856613576412201,0.0
late_state_ce,combined_margin,12,1-2,48,0.7824689149856567,1.0,1.0,0.5490307807922363,0.0
late_state_ce,combined_margin,12,1-2,64,0.9850193858146667,1.0,1.0,0.5929068326950073,0.0
late_state_ce,combined_margin,12,1-2,96,1.0900098085403442,1.0,1.0,0.6537318229675293,0.0
late_state_ce,combined_margin,12,1-2,128,1.0971083641052246,1.0,1.0,0.6963824033737183,0.0
late_state_ce,combined_margin,12,1-2,192,1.095130205154419,1.0,1.0,0.756011426448822,0.0
late_state_ce,combined_margin,12,1-2,256,1.0922828912734985,1.0,1.0,0.7980747222900391,0.0
late_state_ce,combined_margin,12,1-2,384,1.085096836090088,1.0,1.0,0.8571234345436096,0.0
late_state_ce,combined_margin,12,1-2,512,1.0296106338500977,1.0,1.0,0.8988991379737854,0.0
late_state_ce,combined_margin,12,1-2,768,0.958537220954895,1.0,1.0,0.9576619863510132,0.0
late_state_ce,combined_margin,12,1-2,1024,0.909895122051239,1.0,1.0,0.9992954134941101,0.0
late_state_ce,combined_margin,13,1-2,0,-0.7212410569190979,0.1090909093618393,0.0,0.0,0.8909090757369995
late_state_ce,combined_margin,13,1-2,1,-0.2992101013660431,0.5272727012634277,0.04545454680919647,0.0,0.47272729873657227
late_state_ce,combined_margin,13,1-2,2,-0.4291808009147644,0.4909090995788574,0.09090909361839294,0.0,0.5090909004211426
late_state_ce,combined_margin,13,1-2,4,-0.6303176283836365,0.6545454263687134,0.1818181872367859,0.0,0.3454545736312866
late_state_ce,combined_margin,13,1-2,8,-0.7135795950889587,0.581818163394928,0.3636363744735718,0.0,0.418181836605072
late_state_ce,combined_margin,13,1-2,12,-0.7024924159049988,0.4545454680919647,0.5454545617103577,0.0,0.5454545021057129
late_state_ce,combined_margin,13,1-2,16,-0.6177070736885071,0.5636363625526428,0.7272727489471436,0.0,0.4363636374473572
late_state_ce,combined_margin,13,1-2,24,0.2802269458770752,1.0,1.0,0.19994372129440308,0.0
late_state_ce,combined_margin,13,1-2,32,0.4595903158187866,1.0,1.0,0.35839536786079407,0.0
late_state_ce,combined_margin,13,1-2,48,0.7842020988464355,1.0,1.0,0.4806002080440521,0.0
late_state_ce,combined_margin,13,1-2,64,0.991784930229187,1.0,1.0,0.5457895398139954,0.0
late_state_ce,combined_margin,13,1-2,96,1.1362555027008057,1.0,1.0,0.6246169209480286,0.0
late_state_ce,combined_margin,13,1-2,128,1.1647862195968628,1.0,1.0,0.6752986311912537,0.0
late_state_ce,combined_margin,13,1-2,192,1.1835891008377075,1.0,1.0,0.7424174547195435,0.0
late_state_ce,combined_margin,13,1-2,256,1.1789225339889526,1.0,1.0,0.7880424857139587,0.0
late_state_ce,combined_margin,13,1-2,384,1.1264196634292603,1.0,1.0,0.850540041923523,0.0
late_state_ce,combined_margin,13,1-2,512,1.0582412481307983,1.0,1.0,0.8939997553825378,0.0
late_state_ce,combined_margin,13,1-2,768,0.958500325679779,1.0,1.0,0.954420804977417,0.0
late_state_ce,combined_margin,13,1-2,1024,0.8846489787101746,1.0,1.0,0.9968737363815308,0.0
late_state_ce,combined_margin,20,1-2,0,-0.7212411165237427,0.125,0.0,0.0,0.875
late_state_ce,combined_margin,20,1-2,1,-0.131635844707489,0.5714285969734192,0.1666666716337204,0.0,0.4285714030265808
late_state_ce,combined_margin,20,1-2,2,-0.269996702671051,0.625,0.3333333432674408,0.0,0.375
late_state_ce,combined_margin,20,1-2,4,-0.32121264934539795,0.875,0.6666666865348816,0.0,0.125
late_state_ce,combined_margin,20,1-2,8,0.15131087601184845,1.0,1.0,0.19994372129440308,0.0
late_state_ce,combined_margin,20,1-2,12,0.14045287668704987,1.0,1.0,0.2999155819416046,0.0
late_state_ce,combined_margin,20,1-2,16,0.26867660880088806,1.0,1.0,0.35839536786079407,0.0
late_state_ce,combined_margin,20,1-2,24,0.4133453369140625,1.0,1.0,0.43207117915153503,0.0
late_state_ce,combined_margin,20,1-2,32,0.5476140975952148,1.0,1.0,0.4806002080440521,0.0
late_state_ce,combined_margin,20,1-2,48,0.7639303207397461,1.0,1.0,0.5457895398139954,0.0
late_state_ce,combined_margin,20,1-2,64,0.986814558506012,1.0,1.0,0.590522825717926,0.0
late_state_ce,combined_margin,20,1-2,96,1.1106982231140137,1.0,1.0,0.6521726250648499,0.0
late_state_ce,combined_margin,20,1-2,128,1.1404556035995483,1.0,1.0,0.6952239274978638,0.0
late_state_ce,combined_margin,20,1-2,192,1.1803807020187378,1.0,1.0,0.7552462816238403,0.0
late_state_ce,combined_margin,20,1-2,256,1.2017186880111694,1.0,1.0,0.7975034713745117,0.0
late_state_ce,combined_margin,20,1-2,384,1.1766327619552612,1.0,1.0,0.8567444086074829,0.0
late_state_ce,combined_margin,20,1-2,512,1.1369638442993164,1.0,1.0,0.8986155390739441,0.0
late_state_ce,combined_margin,20,1-2,768,1.050243854522705,1.0,1.0,0.9574733972549438,0.0
late_state_ce,combined_margin,20,1-2,1024,0.9948478937149048,1.0,1.0,0.9991540908813477,0.0
late_state_ce,combined_margin,22,1-2,0,-0.7212411165237427,0.09375,0.0,0.0,0.90625
late_state_ce,combined_margin,22,1-2,1,-0.2808834910392761,0.390625,0.1666666716337204,0.0,0.609375
late_state_ce,combined_margin,22,1-2,2,-0.4383840262889862,0.59375,0.3333333432674408,0.0,0.40625
late_state_ce,combined_margin,22,1-2,4,-0.30559253692626953,0.875,0.6666666865348816,0.0,0.125
late_state_ce,combined_margin,22,1-2,8,0.06931950151920319,1.0,1.0,0.19994372129440308,0.0
late_state_ce,combined_margin,22,1-2,12,-0.02696801722049713,1.0,1.0,0.2999155819416046,0.0
late_state_ce,combined_margin,22,1-2,16,0.13837705552577972,1.0,1.0,0.35839536786079407,0.0
late_state_ce,combined_margin,22,1-2,24,0.293490469455719,1.0,1.0,0.43207117915153503,0.0
late_state_ce,combined_margin,22,1-2,32,0.37836340069770813,1.0,1.0,0.4806002080440521,0.0
late_state_ce,combined_margin,22,1-2,48,0.5020425915718079,1.0,1.0,0.5457895398139954,0.0
late_state_ce,combined_margin,22,1-2,64,0.5782023072242737,1.0,1.0,0.590522825717926,0.0
late_state_ce,combined_margin,22,1-2,96,0.8399688005447388,1.0,1.0,0.6521726250648499,0.0
late_state_ce,combined_margin,22,1-2,128,0.9103032350540161,1.0,1.0,0.6952239274978638,0.0
late_state_ce,combined_margin,22,1-2,192,0.938231348991394,1.0,1.0,0.7552462816238403,0.0
late_state_ce,combined_margin,22,1-2,256,0.9333589673042297,1.0,1.0,0.7975034713745117,0.0
late_state_ce,combined_margin,22,1-2,384,0.9415643215179443,1.0,1.0,0.8567444086074829,0.0
late_state_ce,combined_margin,22,1-2,512,0.9119718074798584,1.0,1.0,0.8986155390739441,0.0
late_state_ce,combined_margin,22,1-2,768,0.7219624519348145,1.0,1.0,0.9574733972549438,0.0
late_state_ce,combined_margin,22,1-2,1024,0.6152157783508301,1.0,1.0,0.9991540908813477,0.0
late_state_ce,combined_margin,27,3-10,0,-0.7212410569190979,0.072727270424366,0.0,0.0,0.9272727370262146
late_state_ce,combined_margin,27,3-10,1,-0.6239076256752014,0.4545454680919647,0.1666666716337204,0.0,0.5454545021057129
late_state_ce,combined_margin,27,3-10,2,-0.8106527328491211,0.6545454263687134,0.3333333432674408,0.0,0.3454545736312866
late_state_ce,combined_margin,27,3-10,4,-1.0014199018478394,0.8181818127632141,0.6666666865348816,0.0,0.1818181872367859
late_state_ce,combined_margin,27,3-10,8,-0.06977579742670059,1.0,1.0,0.19994372129440308,0.0
late_state_ce,combined_margin,27,3-10,12,-0.0880589410662651,1.0,1.0,0.2999155819416046,0.0
late_state_ce,combined_margin,27,3-10,16,0.07663694024085999,1.0,1.0,0.35839536786079407,0.0
late_state_ce,combined_margin,27,3-10,24,0.21893809735774994,1.0,1.0,0.43207117915153503,0.0
late_state_ce,combined_margin,27,3-10,32,0.3058708608150482,1.0,1.0,0.4806002080440521,0.0
late_state_ce,combined_margin,27,3-10,48,0.43138542771339417,1.0,1.0,0.5457895398139954,0.0
late_state_ce,combined_margin,27,3-10,64,0.5975174903869629,1.0,1.0,0.590522825717926,0.0
late_state_ce,combined_margin,27,3-10,96,0.8142511248588562,1.0,1.0,0.6521726250648499,0.0
late_state_ce,combined_margin,27,3-10,128,0.8018656373023987,1.0,1.0,0.6952239274978638,0.0
late_state_ce,combined_margin,27,3-10,192,0.8113667964935303,1.0,1.0,0.7552462816238403,0.0
late_state_ce,combined_margin,27,3-10,256,0.8200578093528748,1.0,1.0,0.7975034713745117,0.0
late_state_ce,combined_margin,27,3-10,384,0.8206241726875305,1.0,1.0,0.8567444086074829,0.0
late_state_ce,combined_margin,27,3-10,512,0.8083769679069519,1.0,1.0,0.8986155390739441,0.0
late_state_ce,combined_margin,27,3-10,768,0.777763307094574,1.0,1.0,0.9574733972549438,0.0
late_state_ce,combined_margin,27,3-10,1024,0.7450745105743408,1.0,1.0,0.9991540908813477,0.0
late_state_ce,combined_margin,29,3-10,0,-0.7212411165237427,0.07407407462596893,0.0,0.0,0.9259259104728699
late_state_ce,combined_margin,29,3-10,1,-0.36721423268318176,0.40740740299224854,0.125,0.0,0.5925925970077515
late_state_ce,combined_margin,29,3-10,2,-0.4372428059577942,0.48148149251937866,0.25,0.0,0.5185185074806213
late_state_ce,combined_margin,29,3-10,4,-0.44675400853157043,0.7592592835426331,0.5,0.0,0.24074071645736694
late_state_ce,combined_margin,29,3-10,8,-0.2745126485824585,1.0,1.0,0.09997186064720154,0.0
late_state_ce,combined_margin,29,3-10,12,0.08519024401903152,1.0,1.0,0.25842350721359253,0.0
late_state_ce,combined_margin,29,3-10,16,0.25359073281288147,1.0,1.0,0.3320993185043335,0.0
late_state_ce,combined_margin,29,3-10,24,0.4753323793411255,1.0,1.0,0.4168751537799835,0.0
late_state_ce,combined_margin,29,3-10,32,0.5837568044662476,1.0,1.0,0.46991166472435,0.0
late_state_ce,combined_margin,29,3-10,48,0.7576377987861633,1.0,1.0,0.539080023765564,0.0
late_state_ce,combined_margin,29,3-10,64,0.9708986282348633,1.0,1.0,0.5856332182884216,0.0
late_state_ce,combined_margin,29,3-10,96,1.0980244874954224,1.0,1.0,0.6490026116371155,0.0
late_state_ce,combined_margin,29,3-10,128,1.0994582176208496,1.0,1.0,0.6928786635398865,0.0
late_state_ce,combined_margin,29,3-10,192,1.1319540739059448,1.0,1.0,0.7537037134170532,0.0
late_state_ce,combined_margin,29,3-10,256,1.149040699005127,1.0,1.0,0.7963542938232422,0.0
late_state_ce,combined_margin,29,3-10,384,1.1472132205963135,1.0,1.0,0.8559832572937012,0.0
late_state_ce,combined_margin,29,3-10,512,1.0883185863494873,1.0,1.0,0.8980465531349182,0.0
late_state_ce,combined_margin,29,3-10,768,1.0019314289093018,1.0,1.0,0.9570953249931335,0.0
late_state_ce,combined_margin,29,3-10,1024,0.9658563733100891,1.0,1.0,0.9988710284233093,0.0
late_state_ce,combined_margin,30,3-10,0,-0.7212411165237427,0.1071428582072258,0.0,0.0,0.8928571343421936
late_state_ce,combined_margin,30,3-10,1,-0.2916566729545593,0.4642857015132904,0.1666666716337204,0.0,0.5357142686843872
late_state_ce,combined_margin,30,3-10,2,-0.3019952178001404,0.5535714030265808,0.3333333432674408,0.0,0.4464285969734192
late_state_ce,combined_margin,30,3-10,4,-0.48491179943084717,0.6785714030265808,0.6666666865348816,0.0,0.3214285969734192
late_state_ce,combined_margin,30,3-10,8,0.13487796485424042,1.0,1.0,0.19994372129440308,0.0
late_state_ce,combined_margin,30,3-10,12,-0.07279981672763824,1.0,1.0,0.2999155819416046,0.0
late_state_ce,combined_margin,30,3-10,16,0.105632483959198,1.0,1.0,0.35839536786079407,0.0
late_state_ce,combined_margin,30,3-10,24,0.26683714985847473,1.0,1.0,0.43207117915153503,0.0
late_state_ce,combined_margin,30,3-10,32,0.36155933141708374,1.0,1.0,0.4806002080440521,0.0
late_state_ce,combined_margin,30,3-10,48,0.5200105905532837,1.0,1.0,0.5457895398139954,0.0
late_state_ce,combined_margin,30,3-10,64,0.7335662245750427,1.0,1.0,0.590522825717926,0.0
late_state_ce,combined_margin,30,3-10,96,0.9939723610877991,1.0,1.0,0.6521726250648499,0.0
late_state_ce,combined_margin,30,3-10,128,1.0238977670669556,1.0,1.0,0.6952239274978638,0.0
late_state_ce,combined_margin,30,3-10,192,1.0662920475006104,1.0,1.0,0.7552462816238403,0.0
late_state_ce,combined_margin,30,3-10,256,1.069696068763733,1.0,1.0,0.7975034713745117,0.0
late_state_ce,combined_margin,30,3-10,384,1.0571354627609253,1.0,1.0,0.8567444086074829,0.0
late_state_ce,combined_margin,30,3-10,512,1.0225199460983276,1.0,1.0,0.8986155390739441,0.0
late_state_ce,combined_margin,30,3-10,768,0.9589853286743164,1.0,1.0,0.9574733972549438,0.0
late_state_ce,combined_margin,30,3-10,1024,0.9108207821846008,1.0,1.0,0.9991540908813477,0.0
late_state_ce,combined_margin,35,3-10,0,-0.7212411165237427,0.08620689809322357,0.0,0.0,0.9137930870056152
late_state_ce,combined_margin,35,3-10,1,-0.21948665380477905,0.4482758641242981,0.0833333358168602,0.0,0.5517241358757019
late_state_ce,combined_margin,35,3-10,2,-0.3097662627696991,0.5344827771186829,0.1666666716337204,0.0,0.46551722288131714
late_state_ce,combined_margin,35,3-10,4,-0.577414333820343,0.5344827771186829,0.3333333432674408,0.0,0.46551722288131714
late_state_ce,combined_margin,35,3-10,8,-0.9550971388816833,0.6724137663841248,0.6666666865348816,0.0,0.32758623361587524
late_state_ce,combined_margin,35,3-10,12,-0.017972787842154503,1.0,1.0,0.09997186064720154,0.0
late_state_ce,combined_margin,35,3-10,16,0.40830644965171814,1.0,1.0,0.25842350721359253,0.0
late_state_ce,combined_margin,35,3-10,24,0.527870237827301,1.0,1.0,0.3806283473968506,0.0
late_state_ce,combined_margin,35,3-10,32,0.6869279146194458,1.0,1.0,0.4458176791667938,0.0
late_state_ce,combined_margin,35,3-10,48,0.9815100431442261,1.0,1.0,0.5246450304985046,0.0
late_state_ce,combined_margin,35,3-10,64,1.1313740015029907,1.0,1.0,0.5753268003463745,0.0
late_state_ce,combined_margin,35,3-10,96,1.2017964124679565,1.0,1.0,0.6424456238746643,0.0
late_state_ce,combined_margin,35,3-10,128,1.2038328647613525,1.0,1.0,0.6880705952644348,0.0
late_state_ce,combined_margin,35,3-10,192,1.1849126815795898,1.0,1.0,0.750568151473999,0.0
late_state_ce,combined_margin,35,3-10,256,1.1565489768981934,1.0,1.0,0.7940279245376587,0.0
late_state_ce,combined_margin,35,3-10,384,1.107913851737976,1.0,1.0,0.8544489145278931,0.0
late_state_ce,combined_margin,35,3-10,512,1.0672951936721802,1.0,1.0,0.8969019055366516,0.0
late_state_ce,combined_margin,35,3-10,768,1.0121605396270752,1.0,1.0,0.9563362002372742,0.0
late_state_ce,combined_margin,35,3-10,1024,0.9592719674110413,1.0,1.0,0.9983031749725342,0.0
late_state_ce,combined_margin,36,11-50,0,-0.7212411165237427,0.09090909361839294,0.0,0.0,0.9090908765792847
late_state_ce,combined_margin,36,11-50,1,-0.5636544823646545,0.4909090995788574,0.1666666716337204,0.0,0.5090909004211426
late_state_ce,combined_margin,36,11-50,2,-0.6552380919456482,0.6545454263687134,0.3333333432674408,0.0,0.3454545736312866
late_state_ce,combined_margin,36,11-50,4,-0.48781824111938477,0.7454545497894287,0.6666666865348816,0.0,0.2545454502105713
late_state_ce,combined_margin,36,11-50,8,-0.0765257477760315,1.0,1.0,0.19994372129440308,0.0
late_state_ce,combined_margin,36,11-50,12,0.016710562631487846,1.0,1.0,0.2999155819416046,0.0
late_state_ce,combined_margin,36,11-50,16,0.18763965368270874,1.0,1.0,0.35839536786079407,0.0
late_state_ce,combined_margin,36,11-50,24,0.3538080155849457,1.0,1.0,0.43207117915153503,0.0
late_state_ce,combined_margin,36,11-50,32,0.45855364203453064,1.0,1.0,0.4806002080440521,0.0
late_state_ce,combined_margin,36,11-50,48,0.6208093762397766,1.0,1.0,0.5457895398139954,0.0
late_state_ce,combined_margin,36,11-50,64,0.7925565242767334,1.0,1.0,0.590522825717926,0.0
late_state_ce,combined_margin,36,11-50,96,0.9311921000480652,1.0,1.0,0.6521726250648499,0.0
late_state_ce,combined_margin,36,11-50,128,0.9696677923202515,1.0,1.0,0.6952239274978638,0.0
late_state_ce,combined_margin,36,11-50,192,1.0075660943984985,1.0,1.0,0.7552462816238403,0.0
late_state_ce,combined_margin,36,11-50,256,1.0026267766952515,1.0,1.0,0.7975034713745117,0.0
late_state_ce,combined_margin,36,11-50,384,0.9788217544555664,1.0,1.0,0.8567444086074829,0.0
late_state_ce,combined_margin,36,11-50,512,0.9485165476799011,1.0,1.0,0.8986155390739441,0.0
late_state_ce,combined_margin,36,11-50,768,0.8391388058662415,1.0,1.0,0.9574733972549438,0.0
late_state_ce,combined_margin,36,11-50,1024,0.7756460309028625,1.0,1.0,0.9991540908813477,0.0
late_state_ce,combined_margin,38,11-50,0,-0.7212411165237427,0.1090909093618393,0.0,0.0,0.8909090757369995
late_state_ce,combined_margin,38,11-50,1,0.038627058267593384,0.4545454680919647,0.1666666716337204,0.0,0.5454545021057129
late_state_ce,combined_margin,38,11-50,2,-0.12367918342351913,0.6727272868156433,0.3333333432674408,0.0,0.3272727131843567
late_state_ce,combined_margin,38,11-50,4,-0.14077673852443695,0.8363636136054993,0.6666666865348816,0.0,0.16363638639450073
late_state_ce,combined_margin,38,11-50,8,0.1137797087430954,1.0,1.0,0.19994372129440308,0.0
late_state_ce,combined_margin,38,11-50,12,0.12351328879594803,1.0,1.0,0.2999155819416046,0.0
late_state_ce,combined_margin,38,11-50,16,0.2539075016975403,1.0,1.0,0.35839536786079407,0.0
late_state_ce,combined_margin,38,11-50,24,0.3976406157016754,1.0,1.0,0.43207117915153503,0.0
late_state_ce,combined_margin,38,11-50,32,0.5089685916900635,1.0,1.0,0.4806002080440521,0.0
late_state_ce,combined_margin,38,11-50,48,0.7401939034461975,1.0,1.0,0.5457895398139954,0.0
late_state_ce,combined_margin,38,11-50,64,0.9667000770568848,1.0,1.0,0.590522825717926,0.0
late_state_ce,combined_margin,38,11-50,96,1.163432002067566,1.0,1.0,0.6521726250648499,0.0
late_state_ce,combined_margin,38,11-50,128,1.2047990560531616,1.0,1.0,0.6952239274978638,0.0
late_state_ce,combined_margin,38,11-50,192,1.2055935859680176,1.0,1.0,0.7552462816238403,0.0
late_state_ce,combined_margin,38,11-50,256,1.1954238414764404,1.0,1.0,0.7975034713745117,0.0
late_state_ce,combined_margin,38,11-50,384,1.1761820316314697,1.0,1.0,0.8567444086074829,0.0
late_state_ce,combined_margin,38,11-50,512,1.1476421356201172,1.0,1.0,0.8986155390739441,0.0
late_state_ce,combined_margin,38,11-50,768,1.0798330307006836,1.0,1.0,0.9574733972549438,0.0
late_state_ce,combined_margin,38,11-50,1024,1.0287798643112183,1.0,1.0,0.9991540908813477,0.0
late_state_ce,combined_margin,41,11-50,0,-0.7212410569190979,0.08771929889917374,0.0,0.0,0.9122806787490845
late_state_ce,combined_margin,41,11-50,1,-0.6598858833312988,0.5614035129547119,0.25,0.0,0.4385964870452881
late_state_ce,combined_margin,41,11-50,2,-0.6567195057868958,0.7543859481811523,0.5,0.0,0.24561405181884766
late_state_ce,combined_margin,41,11-50,4,-0.09752365201711655,1.0,1.0,0.09997186064720154,0.0
late_state_ce,combined_margin,41,11-50,8,-0.21944527328014374,1.0,1.0,0.25842350721359253,0.0
late_state_ce,combined_margin,41,11-50,12,-0.07482834905385971,1.0,1.0,0.3320993185043335,0.0
late_state_ce,combined_margin,41,11-50,16,0.05412402004003525,1.0,1.0,0.3806283473968506,0.0
late_state_ce,combined_margin,41,11-50,24,0.20107655227184296,1.0,1.0,0.4458176791667938,0.0
late_state_ce,combined_margin,41,11-50,32,0.2916313707828522,1.0,1.0,0.4905509650707245,0.0
late_state_ce,combined_margin,41,11-50,48,0.41556867957115173,1.0,1.0,0.5522007346153259,0.0
late_state_ce,combined_margin,41,11-50,64,0.5449438691139221,1.0,1.0,0.5952520370483398,0.0
late_state_ce,combined_margin,41,11-50,96,0.8865512609481812,1.0,1.0,0.6552744507789612,0.0
late_state_ce,combined_margin,41,11-50,128,0.9341938495635986,1.0,1.0,0.6975316405296326,0.0
late_state_ce,combined_margin,41,11-50,192,0.9655298590660095,1.0,1.0,0.756772518157959,0.0
late_state_ce,combined_margin,41,11-50,256,0.9551308751106262,1.0,1.0,0.7986436486244202,0.0
late_state_ce,combined_margin,41,11-50,384,0.9029607772827148,1.0,1.0,0.8575015068054199,0.0
late_state_ce,combined_margin,41,11-50,512,0.8693761825561523,1.0,1.0,0.8991822004318237,0.0
late_state_ce,combined_margin,41,11-50,768,0.8009135723114014,1.0,1.0,0.9578503966331482,0.0
late_state_ce,combined_margin,41,11-50,1024,0.7540774941444397,1.0,1.0,0.999436616897583,0.0
late_state_ce,combined_margin,47,11-50,0,-0.7212409377098083,0.08771929889917374,0.0,0.0,0.9122806787490845
late_state_ce,combined_margin,47,11-50,1,-0.4013795852661133,0.4385964870452881,0.043478261679410934,0.0,0.5614035129547119
late_state_ce,combined_margin,47,11-50,2,-0.467706561088562,0.35087719559669495,0.08695652335882187,0.0,0.6491228342056274
late_state_ce,combined_margin,47,11-50,4,-0.7590353488922119,0.3333333432674408,0.17391304671764374,0.0,0.6666666269302368
late_state_ce,combined_margin,47,11-50,8,-0.981041431427002,0.31578946113586426,0.3478260934352875,0.0,0.6842105388641357
late_state_ce,combined_margin,47,11-50,12,-1.0406008958816528,0.35087719559669495,0.52173912525177,0.0,0.6491228342056274
late_state_ce,combined_margin,47,11-50,16,-1.0965454578399658,0.35087719559669495,0.695652186870575,0.0,0.6491228342056274
late_state_ce,combined_margin,47,11-50,24,0.30772992968559265,1.0,1.0,0.158451646566391,0.0
late_state_ce,combined_margin,47,11-50,32,0.32006168365478516,1.0,1.0,0.3458458185195923,0.0
late_state_ce,combined_margin,47,11-50,48,0.6688253283500671,1.0,1.0,0.475354939699173,0.0
late_state_ce,combined_margin,47,11-50,64,0.9405535459518433,1.0,1.0,0.5424737930297852,0.0
late_state_ce,combined_margin,47,11-50,96,1.2106298208236694,1.0,1.0,0.6227065920829773,0.0
late_state_ce,combined_margin,47,11-50,128,1.264120101928711,1.0,1.0,0.6739569306373596,0.0
late_state_ce,combined_margin,47,11-50,192,1.303687572479248,1.0,1.0,0.7415764927864075,0.0
late_state_ce,combined_margin,47,11-50,256,1.284775972366333,1.0,1.0,0.7874300479888916,0.0
late_state_ce,combined_margin,47,11-50,384,1.227466106414795,1.0,1.0,0.8501432538032532,0.0
late_state_ce,combined_margin,47,11-50,512,1.1638325452804565,1.0,1.0,0.8937063217163086,0.0
late_state_ce,combined_margin,47,11-50,768,1.0696545839309692,1.0,1.0,0.9542278051376343,0.0
late_state_ce,combined_margin,47,11-50,1024,0.9922335743904114,1.0,1.0,0.9967300295829773,0.0
late_state_ce,combined_margin,51,51+,0,-0.7212410569190979,0.12068965286016464,0.0,0.0,0.8793103694915771
late_state_ce,combined_margin,51,51+,1,0.03191138803958893,0.4137931168079376,0.0833333358168602,0.0,0.5862069129943848
late_state_ce,combined_margin,51,51+,2,-0.10118225961923599,0.48275861144065857,0.1666666716337204,0.0,0.517241358757019
late_state_ce,combined_margin,51,51+,4,-0.3910259008407593,0.7586206793785095,0.3333333432674408,0.0,0.24137932062149048
late_state_ce,combined_margin,51,51+,8,-0.27607107162475586,0.8103448152542114,0.6666666865348816,0.0,0.18965518474578857
late_state_ce,combined_margin,51,51+,12,-0.0410357341170311,1.0,1.0,0.09997186064720154,0.0
late_state_ce,combined_margin,51,51+,16,0.2403288036584854,1.0,1.0,0.25842350721359253,0.0
late_state_ce,combined_margin,51,51+,24,0.3851153254508972,1.0,1.0,0.3806283473968506,0.0
late_state_ce,combined_margin,51,51+,32,0.5879042744636536,1.0,1.0,0.4458176791667938,0.0
late_state_ce,combined_margin,51,51+,48,0.9099488258361816,1.0,1.0,0.5246450304985046,0.0
late_state_ce,combined_margin,51,51+,64,0.9744628071784973,1.0,1.0,0.5753268003463745,0.0
late_state_ce,combined_margin,51,51+,96,1.002086877822876,1.0,1.0,0.6424456238746643,0.0
late_state_ce,combined_margin,51,51+,128,1.031096339225769,1.0,1.0,0.6880705952644348,0.0
late_state_ce,combined_margin,51,51+,192,1.0497164726257324,1.0,1.0,0.750568151473999,0.0
late_state_ce,combined_margin,51,51+,256,1.0516254901885986,1.0,1.0,0.7940279245376587,0.0
late_state_ce,combined_margin,51,51+,384,1.0233210325241089,1.0,1.0,0.8544489145278931,0.0
late_state_ce,combined_margin,51,51+,512,0.9944179058074951,1.0,1.0,0.8969019055366516,0.0
late_state_ce,combined_margin,51,51+,768,0.9507015943527222,1.0,1.0,0.9563362002372742,0.0
late_state_ce,combined_margin,51,51+,1024,0.9191051721572876,1.0,1.0,0.9983031749725342,0.0
late_state_ce,combined_margin,52,51+,0,-0.7212409973144531,0.1428571492433548,0.0,0.0,0.8571428656578064
late_state_ce,combined_margin,52,51+,1,-0.26852238178253174,0.3928571343421936,0.01886792480945587,0.0,0.6071428656578064
late_state_ce,combined_margin,52,51+,2,-0.5087863206863403,0.4464285671710968,0.03773584961891174,0.0,0.5535714626312256
late_state_ce,combined_margin,52,51+,4,-0.6113079190254211,0.6071428656578064,0.07547169923782349,0.0,0.3928571343421936
late_state_ce,combined_margin,52,51+,8,-0.6286916136741638,0.6964285969734192,0.15094339847564697,0.0,0.3035714030265808
late_state_ce,combined_margin,52,51+,12,-0.873876690864563,0.5892857313156128,0.22641509771347046,0.0,0.4107142686843872
late_state_ce,combined_margin,52,51+,16,-0.37621796131134033,0.6785714030265808,0.30188679695129395,0.0,0.3214285969734192
late_state_ce,combined_margin,52,51+,24,-0.8735922574996948,0.5535714030265808,0.4528301954269409,0.0,0.4464285969734192
late_state_ce,combined_margin,52,51+,32,-0.7544912695884705,0.6071428656578064,0.6037735939025879,0.0,0.3928571343421936
late_state_ce,combined_margin,52,51+,48,-0.6846580505371094,0.6071428656578064,0.9056603908538818,0.0,0.3928571343421936
late_state_ce,combined_margin,52,51+,64,0.23588527739048004,1.0,1.0,0.3699398338794708,0.0
late_state_ce,combined_margin,52,51+,96,0.628180205821991,1.0,1.0,0.5490307807922363,0.0
late_state_ce,combined_margin,52,51+,128,0.9930021166801453,1.0,1.0,0.626502275466919,0.0
late_state_ce,combined_margin,52,51+,192,1.0857442617416382,1.0,1.0,0.7137542366981506,0.0
late_state_ce,combined_margin,52,51+,256,1.1061241626739502,1.0,1.0,0.7677319049835205,0.0
late_state_ce,combined_margin,52,51+,384,1.1012974977493286,1.0,1.0,0.8377020359039307,0.0
late_state_ce,combined_margin,52,51+,512,1.0780221223831177,1.0,1.0,0.8846132755279541,0.0
late_state_ce,combined_margin,52,51+,768,1.0290569067001343,1.0,1.0,0.9483159184455872,0.0
late_state_ce,combined_margin,52,51+,1024,0.9903022050857544,1.0,1.0,0.9923502206802368,0.0
late_state_ce,combined_margin,53,51+,0,-0.7212411165237427,0.072727270424366,0.0,0.0,0.9272727370262146
late_state_ce,combined_margin,53,51+,1,-0.5000773668289185,0.5090909004211426,0.25,0.0,0.4909090995788574
late_state_ce,combined_margin,53,51+,2,-0.5303993821144104,0.6545454263687134,0.5,0.0,0.3454545736312866
late_state_ce,combined_margin,53,51+,4,-0.4393731355667114,1.0,1.0,0.09997186064720154,0.0
late_state_ce,combined_margin,53,51+,8,0.021515537053346634,1.0,1.0,0.25842350721359253,0.0
late_state_ce,combined_margin,53,51+,12,0.14372478425502777,1.0,1.0,0.3320993185043335,0.0
late_state_ce,combined_margin,53,51+,16,0.24677738547325134,1.0,1.0,0.3806283473968506,0.0
late_state_ce,combined_margin,53,51+,24,0.3575110137462616,1.0,1.0,0.4458176791667938,0.0
late_state_ce,combined_margin,53,51+,32,0.44455355405807495,1.0,1.0,0.4905509650707245,0.0
late_state_ce,combined_margin,53,51+,48,0.5607604384422302,1.0,1.0,0.5522007346153259,0.0
late_state_ce,combined_margin,53,51+,64,0.7549811005592346,1.0,1.0,0.5952520370483398,0.0
late_state_ce,combined_margin,53,51+,96,1.0399593114852905,1.0,1.0,0.6552744507789612,0.0
late_state_ce,combined_margin,53,51+,128,1.0906058549880981,1.0,1.0,0.6975316405296326,0.0
late_state_ce,combined_margin,53,51+,192,1.1215386390686035,1.0,1.0,0.756772518157959,0.0
late_state_ce,combined_margin,53,51+,256,1.1186047792434692,1.0,1.0,0.7986436486244202,0.0
late_state_ce,combined_margin,53,51+,384,1.0798439979553223,1.0,1.0,0.8575015068054199,0.0
late_state_ce,combined_margin,53,51+,512,1.0174504518508911,1.0,1.0,0.8991822004318237,0.0
late_state_ce,combined_margin,53,51+,768,0.9268935918807983,1.0,1.0,0.9578503966331482,0.0
late_state_ce,combined_margin,53,51+,1024,0.8602523803710938,1.0,1.0,0.999436616897583,0.0
late_state_ce,combined_margin,56,51+,0,-0.7212412357330322,0.10000000149011612,0.0,0.0,0.8999999761581421
late_state_ce,combined_margin,56,51+,1,-0.5210458040237427,0.4166666567325592,0.0833333358168602,0.0,0.5833333730697632
late_state_ce,combined_margin,56,51+,2,-0.6579524874687195,0.5166666507720947,0.1666666716337204,0.0,0.4833333492279053
late_state_ce,combined_margin,56,51+,4,-0.7615584135055542,0.5333333611488342,0.3333333432674408,0.0,0.46666663885116577
late_state_ce,combined_margin,56,51+,8,-0.7123505473136902,0.6833333373069763,0.6666666865348816,0.0,0.3166666626930237
late_state_ce,combined_margin,56,51+,12,-0.27656298875808716,1.0,1.0,0.09997186064720154,0.0
late_state_ce,combined_margin,56,51+,16,-0.012067791074514389,1.0,1.0,0.25842350721359253,0.0
late_state_ce,combined_margin,56,51+,24,0.1895705908536911,1.0,1.0,0.3806283473968506,0.0
late_state_ce,combined_margin,56,51+,32,0.2935468256473541,1.0,1.0,0.4458176791667938,0.0
late_state_ce,combined_margin,56,51+,48,0.435335248708725,1.0,1.0,0.5246450304985046,0.0
late_state_ce,combined_margin,56,51+,64,0.5624861121177673,1.0,1.0,0.5753268003463745,0.0
late_state_ce,combined_margin,56,51+,96,0.8230513334274292,1.0,1.0,0.6424456238746643,0.0
late_state_ce,combined_margin,56,51+,128,0.903170645236969,1.0,1.0,0.6880705952644348,0.0
late_state_ce,combined_margin,56,51+,192,0.9717276692390442,1.0,1.0,0.750568151473999,0.0
late_state_ce,combined_margin,56,51+,256,1.010508418083191,1.0,1.0,0.7940279245376587,0.0
late_state_ce,combined_margin,56,51+,384,1.0091570615768433,1.0,1.0,0.8544489145278931,0.0
late_state_ce,combined_margin,56,51+,512,0.9755352139472961,1.0,1.0,0.8969019055366516,0.0
late_state_ce,combined_margin,56,51+,768,0.9229056239128113,1.0,1.0,0.9563362002372742,0.0
late_state_ce,combined_margin,56,51+,1024,0.8769170045852661,1.0,1.0,0.9983031749725342,0.0
combined_margin,stable_plain,1,0,0,-0.3290163576602936,0.12727272510528564,0.0,0.0,0.8727272748947144
combined_margin,stable_plain,1,0,1,0.2899337410926819,0.6181818246841431,0.20000000298023224,0.0,0.38181817531585693
combined_margin,stable_plain,1,0,2,0.08754371851682663,0.7636363506317139,0.4000000059604645,0.0,0.23636364936828613
combined_margin,stable_plain,1,0,4,-0.2778830826282501,0.9454545378684998,0.800000011920929,0.0,0.054545462131500244
combined_margin,stable_plain,1,0,8,0.0692095085978508,1.0,1.0,0.23212747275829315,0.0
combined_margin,stable_plain,1,0,12,0.1266576051712036,1.0,1.0,0.316903293132782,0.0
combined_margin,stable_plain,1,0,16,0.146249458193779,1.0,1.0,0.3699398338794708,0.0
combined_margin,stable_plain,1,0,24,0.14277060329914093,1.0,1.0,0.43910813331604004,0.0
combined_margin,stable_plain,1,0,32,0.12309125810861588,1.0,1.0,0.4856613576412201,0.0
combined_margin,stable_plain,1,0,48,0.09414206445217133,1.0,1.0,0.5490307807922363,0.0
combined_margin,stable_plain,1,0,64,0.08031056076288223,1.0,1.0,0.5929068326950073,0.0
combined_margin,stable_plain,1,0,96,0.07206950336694717,1.0,1.0,0.6537318229675293,0.0
combined_margin,stable_plain,1,0,128,0.07002691924571991,1.0,1.0,0.6963824033737183,0.0
combined_margin,stable_plain,1,0,192,0.0631227195262909,1.0,1.0,0.756011426448822,0.0
combined_margin,stable_plain,1,0,256,0.05453687533736229,1.0,1.0,0.7980747222900391,0.0
combined_margin,stable_plain,1,0,384,0.04263579845428467,1.0,1.0,0.8571234345436096,0.0
combined_margin,stable_plain,1,0,512,0.036988724023103714,1.0,1.0,0.8988991379737854,0.0
combined_margin,stable_plain,1,0,768,0.033751167356967926,1.0,1.0,0.9576619863510132,0.0
combined_margin,stable_plain,1,0,1024,0.03362756967544556,1.0,1.0,0.9992954134941101,0.0
combined_margin,stable_plain,4,0,0,-0.32901641726493835,0.125,0.0,0.0,0.875
combined_margin,stable_plain,4,0,1,0.2567538321018219,0.5357142686843872,0.1666666716337204,0.0,0.4642857313156128
combined_margin,stable_plain,4,0,2,0.3182491064071655,0.6785714030265808,0.3333333432674408,0.0,0.3214285969734192
combined_margin,stable_plain,4,0,4,0.09531320631504059,0.8571428656578064,0.6666666865348816,0.0,0.1428571343421936
combined_margin,stable_plain,4,0,8,0.03626863285899162,1.0,1.0,0.19994372129440308,0.0
combined_margin,stable_plain,4,0,12,0.13375702500343323,1.0,1.0,0.2999155819416046,0.0
combined_margin,stable_plain,4,0,16,0.1797279417514801,1.0,1.0,0.35839536786079407,0.0
combined_margin,stable_plain,4,0,24,0.19766202569007874,1.0,1.0,0.43207117915153503,0.0
combined_margin,stable_plain,4,0,32,0.18652506172657013,1.0,1.0,0.4806002080440521,0.0
combined_margin,stable_plain,4,0,48,0.16258198022842407,1.0,1.0,0.5457895398139954,0.0
combined_margin,stable_plain,4,0,64,0.1475653499364853,1.0,1.0,0.590522825717926,0.0
combined_margin,stable_plain,4,0,96,0.13317711651325226,1.0,1.0,0.6521726250648499,0.0
combined_margin,stable_plain,4,0,128,0.12519508600234985,1.0,1.0,0.6952239274978638,0.0
combined_margin,stable_plain,4,0,192,0.10907018929719925,1.0,1.0,0.7552462816238403,0.0
combined_margin,stable_plain,4,0,256,0.09264597296714783,1.0,1.0,0.7975034713745117,0.0
combined_margin,stable_plain,4,0,384,0.07124323397874832,1.0,1.0,0.8567444086074829,0.0
combined_margin,stable_plain,4,0,512,0.0615396685898304,1.0,1.0,0.8986155390739441,0.0
combined_margin,stable_plain,4,0,768,0.057126499712467194,1.0,1.0,0.9574733972549438,0.0
combined_margin,stable_plain,4,0,1024,0.06019643694162369,1.0,1.0,0.9991540908813477,0.0
combined_margin,stable_plain,8,0,0,-0.3290162682533264,0.1090909093618393,0.0,0.0,0.8909090757369995
combined_margin,stable_plain,8,0,1,0.07349720597267151,0.581818163394928,0.20000000298023224,0.0,0.418181836605072
combined_margin,stable_plain,8,0,2,-0.0682036355137825,0.7454545497894287,0.4000000059604645,0.0,0.2545454502105713
combined_margin,stable_plain,8,0,4,-0.3759157359600067,0.9090909361839294,0.800000011920929,0.0,0.09090906381607056
combined_margin,stable_plain,8,0,8,0.00690774479880929,1.0,1.0,0.23212747275829315,0.0
combined_margin,stable_plain,8,0,12,0.09053747355937958,1.0,1.0,0.316903293132782,0.0
combined_margin,stable_plain,8,0,16,0.12256398797035217,1.0,1.0,0.3699398338794708,0.0
combined_margin,stable_plain,8,0,24,0.129547119140625,1.0,1.0,0.43910813331604004,0.0
combined_margin,stable_plain,8,0,32,0.10796720534563065,1.0,1.0,0.4856613576412201,0.0
combined_margin,stable_plain,8,0,48,0.07153210788965225,1.0,1.0,0.5490307807922363,0.0
combined_margin,stable_plain,8,0,64,0.05156755819916725,1.0,1.0,0.5929068326950073,0.0
combined_margin,stable_plain,8,0,96,0.038174789398908615,1.0,1.0,0.6537318229675293,0.0
combined_margin,stable_plain,8,0,128,0.034072019159793854,1.0,1.0,0.6963824033737183,0.0
combined_margin,stable_plain,8,0,192,0.023863766342401505,1.0,1.0,0.756011426448822,0.0
combined_margin,stable_plain,8,0,256,0.011719963513314724,1.0,1.0,0.7980747222900391,0.0
combined_margin,stable_plain,8,0,384,-0.006340849678963423,1.0,1.0,0.8571234345436096,0.0
combined_margin,stable_plain,8,0,512,-0.01512383297085762,1.0,1.0,0.8988991379737854,0.0
combined_margin,stable_plain,8,0,768,-0.018076449632644653,1.0,1.0,0.9576619863510132,0.0
combined_margin,stable_plain,8,0,1024,-0.014277534559369087,1.0,1.0,0.9992954134941101,0.0
combined_margin,stable_plain,9,0,0,-0.3290165066719055,0.14814814925193787,0.0,0.0,0.8518518209457397
combined_margin,stable_plain,9,0,1,0.36497271060943604,0.5370370149612427,0.1666666716337204,0.0,0.4629629850387573
combined_margin,stable_plain,9,0,2,0.13725417852401733,0.6851851940155029,0.3333333432674408,0.0,0.31481480598449707
combined_margin,stable_plain,9,0,4,-0.18864314258098602,0.6666666865348816,0.6666666865348816,0.0,0.3333333134651184
combined_margin,stable_plain,9,0,8,-0.04602736607193947,1.0,1.0,0.19994372129440308,0.0
combined_margin,stable_plain,9,0,12,0.07081041485071182,1.0,1.0,0.2999155819416046,0.0
combined_margin,stable_plain,9,0,16,0.10276687145233154,1.0,1.0,0.35839536786079407,0.0
combined_margin,stable_plain,9,0,24,0.11719195544719696,1.0,1.0,0.43207117915153503,0.0
combined_margin,stable_plain,9,0,32,0.10381478816270828,1.0,1.0,0.4806002080440521,0.0
combined_margin,stable_plain,9,0,48,0.07968542724847794,1.0,1.0,0.5457895398139954,0.0
combined_margin,stable_plain,9,0,64,0.06664767116308212,1.0,1.0,0.590522825717926,0.0
combined_margin,stable_plain,9,0,96,0.05580790713429451,1.0,1.0,0.6521726250648499,0.0
combined_margin,stable_plain,9,0,128,0.052248530089855194,1.0,1.0,0.6952239274978638,0.0
combined_margin,stable_plain,9,0,192,0.04386424645781517,1.0,1.0,0.7552462816238403,0.0
combined_margin,stable_plain,9,0,256,0.03354903310537338,1.0,1.0,0.7975034713745117,0.0
combined_margin,stable_plain,9,0,384,0.019439231604337692,1.0,1.0,0.8567444086074829,0.0
combined_margin,stable_plain,9,0,512,0.01413082517683506,1.0,1.0,0.8986155390739441,0.0
combined_margin,stable_plain,9,0,768,0.014608096331357956,1.0,1.0,0.9574733972549438,0.0
combined_margin,stable_plain,9,0,1024,0.018379895016551018,1.0,1.0,0.9991540908813477,0.0
combined_margin,stable_plain,12,1-2,0,-0.32901638746261597,0.1090909093618393,0.0,0.0,0.8909090757369995
combined_margin,stable_plain,12,1-2,1,0.6773214936256409,0.581818163394928,0.20000000298023224,0.0,0.418181836605072
combined_margin,stable_plain,12,1-2,2,0.5975251197814941,0.6000000238418579,0.4000000059604645,0.0,0.3999999761581421
combined_margin,stable_plain,12,1-2,4,0.2927877902984619,0.800000011920929,0.800000011920929,0.0,0.19999998807907104
combined_margin,stable_plain,12,1-2,8,0.049301039427518845,1.0,1.0,0.23212747275829315,0.0
combined_margin,stable_plain,12,1-2,12,0.1580876260995865,1.0,1.0,0.316903293132782,0.0
combined_margin,stable_plain,12,1-2,16,0.23830755054950714,1.0,1.0,0.3699398338794708,0.0
combined_margin,stable_plain,12,1-2,24,0.27884310483932495,1.0,1.0,0.43910813331604004,0.0
combined_margin,stable_plain,12,1-2,32,0.2671809196472168,1.0,1.0,0.4856613576412201,0.0
combined_margin,stable_plain,12,1-2,48,0.2343941479921341,1.0,1.0,0.5490307807922363,0.0
combined_margin,stable_plain,12,1-2,64,0.21532301604747772,1.0,1.0,0.5929068326950073,0.0
combined_margin,stable_plain,12,1-2,96,0.20011277496814728,1.0,1.0,0.6537318229675293,0.0
combined_margin,stable_plain,12,1-2,128,0.19514989852905273,1.0,1.0,0.6963824033737183,0.0
combined_margin,stable_plain,12,1-2,192,0.18755942583084106,1.0,1.0,0.756011426448822,0.0
combined_margin,stable_plain,12,1-2,256,0.17704913020133972,1.0,1.0,0.7980747222900391,0.0
combined_margin,stable_plain,12,1-2,384,0.15835589170455933,1.0,1.0,0.8571234345436096,0.0
combined_margin,stable_plain,12,1-2,512,0.14824044704437256,1.0,1.0,0.8988991379737854,0.0
combined_margin,stable_plain,12,1-2,768,0.1428510844707489,1.0,1.0,0.9576619863510132,0.0
combined_margin,stable_plain,12,1-2,1024,0.1445593684911728,1.0,1.0,0.9992954134941101,0.0
combined_margin,stable_plain,13,1-2,0,-0.3290163576602936,0.09090909361839294,0.0,0.0,0.9090908765792847
combined_margin,stable_plain,13,1-2,1,0.22872431576251984,0.4909090995788574,0.0555555559694767,0.0,0.5090909004211426
combined_margin,stable_plain,13,1-2,2,0.14904668927192688,0.5454545617103577,0.1111111119389534,0.0,0.45454543828964233
combined_margin,stable_plain,13,1-2,4,-0.31989145278930664,0.6727272868156433,0.2222222238779068,0.0,0.3272727131843567
combined_margin,stable_plain,13,1-2,8,-0.6347137689590454,0.5636363625526428,0.4444444477558136,0.0,0.4363636374473572
combined_margin,stable_plain,13,1-2,12,-0.7271068096160889,0.5090909004211426,0.6666666865348816,0.0,0.4909090995788574
combined_margin,stable_plain,13,1-2,16,-0.7854557037353516,0.6909090876579285,0.8888888955116272,0.0,0.30909091234207153
combined_margin,stable_plain,13,1-2,24,0.0013757343403995037,1.0,1.0,0.2999155819416046,0.0
combined_margin,stable_plain,13,1-2,32,0.18592007458209991,1.0,1.0,0.39988744258880615,0.0
combined_margin,stable_plain,13,1-2,48,0.21256817877292633,1.0,1.0,0.4998593032360077,0.0
combined_margin,stable_plain,13,1-2,64,0.18443213403224945,1.0,1.0,0.5583390593528748,0.0
combined_margin,stable_plain,13,1-2,96,0.14767740666866302,1.0,1.0,0.6320148706436157,0.0
combined_margin,stable_plain,13,1-2,128,0.13187363743782043,1.0,1.0,0.6805438995361328,0.0
combined_margin,stable_plain,13,1-2,192,0.1126922219991684,1.0,1.0,0.7457332611083984,0.0
combined_margin,stable_plain,13,1-2,256,0.09706241637468338,1.0,1.0,0.7904665470123291,0.0
combined_margin,stable_plain,13,1-2,384,0.07390297204256058,1.0,1.0,0.8521163463592529,0.0
combined_margin,stable_plain,13,1-2,512,0.05823224410414696,1.0,1.0,0.8951676487922668,0.0
combined_margin,stable_plain,13,1-2,768,0.0414893701672554,1.0,1.0,0.9551900029182434,0.0
combined_margin,stable_plain,13,1-2,1024,0.03514992073178291,1.0,1.0,0.9974471926689148,0.0
combined_margin,stable_plain,20,1-2,0,-0.3290163576602936,0.1071428582072258,0.0,0.0,0.8928571343421936
combined_margin,stable_plain,20,1-2,1,0.12375538796186447,0.5714285969734192,0.1666666716337204,0.0,0.4285714030265808
combined_margin,stable_plain,20,1-2,2,0.08637436479330063,0.6607142686843872,0.3333333432674408,0.0,0.3392857313156128
combined_margin,stable_plain,20,1-2,4,0.10084239393472672,0.9285714030265808,0.6666666865348816,0.0,0.07142859697341919
combined_margin,stable_plain,20,1-2,8,-0.03225194662809372,1.0,1.0,0.19994372129440308,0.0
combined_margin,stable_plain,20,1-2,12,0.11422895640134811,1.0,1.0,0.2999155819416046,0.0
combined_margin,stable_plain,20,1-2,16,0.188172847032547,1.0,1.0,0.35839536786079407,0.0
combined_margin,stable_plain,20,1-2,24,0.22439225018024445,1.0,1.0,0.43207117915153503,0.0
combined_margin,stable_plain,20,1-2,32,0.21500055491924286,1.0,1.0,0.4806002080440521,0.0
combined_margin,stable_plain,20,1-2,48,0.18705859780311584,1.0,1.0,0.5457895398139954,0.0
combined_margin,stable_plain,20,1-2,64,0.16835054755210876,1.0,1.0,0.590522825717926,0.0
combined_margin,stable_plain,20,1-2,96,0.1526489108800888,1.0,1.0,0.6521726250648499,0.0
combined_margin,stable_plain,20,1-2,128,0.14679588377475739,1.0,1.0,0.6952239274978638,0.0
combined_margin,stable_plain,20,1-2,192,0.13414594531059265,1.0,1.0,0.7552462816238403,0.0
combined_margin,stable_plain,20,1-2,256,0.12079591304063797,1.0,1.0,0.7975034713745117,0.0
combined_margin,stable_plain,20,1-2,384,0.10325577110052109,1.0,1.0,0.8567444086074829,0.0
combined_margin,stable_plain,20,1-2,512,0.09669795632362366,1.0,1.0,0.8986155390739441,0.0
combined_margin,stable_plain,20,1-2,768,0.09871173650026321,1.0,1.0,0.9574733972549438,0.0
combined_margin,stable_plain,20,1-2,1024,0.10293514281511307,1.0,1.0,0.9991540908813477,0.0
combined_margin,stable_plain,22,1-2,0,-0.3290163576602936,0.109375,0.0,0.0,0.890625
combined_margin,stable_plain,22,1-2,1,-0.006694725714623928,0.296875,0.1428571492433548,0.0,0.703125
combined_margin,stable_plain,22,1-2,2,-0.2334391325712204,0.5625,0.2857142984867096,0.0,0.4375
combined_margin,stable_plain,22,1-2,4,-0.2663797438144684,0.859375,0.5714285969734192,0.0,0.140625
combined_margin,stable_plain,22,1-2,8,-0.16257430613040924,1.0,1.0,0.158451646566391,0.0
combined_margin,stable_plain,22,1-2,12,0.05629999563097954,1.0,1.0,0.28065648674964905,0.0
combined_margin,stable_plain,22,1-2,16,0.13922126591205597,1.0,1.0,0.3458458185195923,0.0
combined_margin,stable_plain,22,1-2,24,0.1924736052751541,1.0,1.0,0.4246731996536255,0.0
combined_margin,stable_plain,22,1-2,32,0.1867620199918747,1.0,1.0,0.475354939699173,0.0
combined_margin,stable_plain,22,1-2,48,0.16014234721660614,1.0,1.0,0.5424737930297852,0.0
combined_margin,stable_plain,22,1-2,64,0.14078950881958008,1.0,1.0,0.5880987644195557,0.0
combined_margin,stable_plain,22,1-2,96,0.12264081090688705,1.0,1.0,0.6505963206291199,0.0
combined_margin,stable_plain,22,1-2,128,0.11671088635921478,1.0,1.0,0.6940560936927795,0.0
combined_margin,stable_plain,22,1-2,192,0.10705216974020004,1.0,1.0,0.7544770836830139,0.0
combined_margin,stable_plain,22,1-2,256,0.09621734917163849,1.0,1.0,0.7969300150871277,0.0
combined_margin,stable_plain,22,1-2,384,0.07975242286920547,1.0,1.0,0.8563643097877502,0.0
combined_margin,stable_plain,22,1-2,512,0.0706850066781044,1.0,1.0,0.8983312845230103,0.0
combined_margin,stable_plain,22,1-2,768,0.06709152460098267,1.0,1.0,0.9572844505310059,0.0
combined_margin,stable_plain,22,1-2,1024,0.07032613456249237,1.0,1.0,0.9990125894546509,0.0
combined_margin,stable_plain,27,3-10,0,-0.32901620864868164,0.12727272510528564,0.0,0.0,0.8727272748947144
combined_margin,stable_plain,27,3-10,1,0.018403396010398865,0.5272727012634277,0.1666666716337204,0.0,0.47272729873657227
combined_margin,stable_plain,27,3-10,2,0.014569527469575405,0.6727272868156433,0.3333333432674408,0.0,0.3272727131843567
combined_margin,stable_plain,27,3-10,4,-0.29466021060943604,0.7636363506317139,0.6666666865348816,0.0,0.23636364936828613
combined_margin,stable_plain,27,3-10,8,-0.16024284064769745,1.0,1.0,0.19994372129440308,0.0
combined_margin,stable_plain,27,3-10,12,0.0502823069691658,1.0,1.0,0.2999155819416046,0.0
combined_margin,stable_plain,27,3-10,16,0.11960548162460327,1.0,1.0,0.35839536786079407,0.0
combined_margin,stable_plain,27,3-10,24,0.15110500156879425,1.0,1.0,0.43207117915153503,0.0
combined_margin,stable_plain,27,3-10,32,0.1358845978975296,1.0,1.0,0.4806002080440521,0.0
combined_margin,stable_plain,27,3-10,48,0.09766710549592972,1.0,1.0,0.5457895398139954,0.0
combined_margin,stable_plain,27,3-10,64,0.07314083725214005,1.0,1.0,0.590522825717926,0.0
combined_margin,stable_plain,27,3-10,96,0.04945637658238411,1.0,1.0,0.6521726250648499,0.0
combined_margin,stable_plain,27,3-10,128,0.03992917016148567,1.0,1.0,0.6952239274978638,0.0
combined_margin,stable_plain,27,3-10,192,0.025163723155856133,1.0,1.0,0.7552462816238403,0.0
combined_margin,stable_plain,27,3-10,256,0.011706358753144741,1.0,1.0,0.7975034713745117,0.0
combined_margin,stable_plain,27,3-10,384,-0.0030260824132710695,1.0,1.0,0.8567444086074829,0.0
combined_margin,stable_plain,27,3-10,512,-0.005239393562078476,1.0,1.0,0.8986155390739441,0.0
combined_margin,stable_plain,27,3-10,768,0.0029922937974333763,1.0,1.0,0.9574733972549438,0.0
combined_margin,stable_plain,27,3-10,1024,0.011677863076329231,1.0,1.0,0.9991540908813477,0.0
combined_margin,stable_plain,29,3-10,0,-0.32901641726493835,0.09259258955717087,0.0,0.0,0.9074074029922485
combined_margin,stable_plain,29,3-10,1,0.4997873604297638,0.48148149251937866,0.1666666716337204,0.0,0.5185185074806213
combined_margin,stable_plain,29,3-10,2,0.5946040749549866,0.5925925970077515,0.3333333432674408,0.0,0.40740740299224854
combined_margin,stable_plain,29,3-10,4,0.24399809539318085,0.8888888955116272,0.6666666865348816,0.0,0.1111111044883728
combined_margin,stable_plain,29,3-10,8,-0.20712141692638397,1.0,1.0,0.19994372129440308,0.0
combined_margin,stable_plain,29,3-10,12,0.08082480728626251,1.0,1.0,0.2999155819416046,0.0
combined_margin,stable_plain,29,3-10,16,0.1823621392250061,1.0,1.0,0.35839536786079407,0.0
combined_margin,stable_plain,29,3-10,24,0.2595174014568329,1.0,1.0,0.43207117915153503,0.0
combined_margin,stable_plain,29,3-10,32,0.25828859210014343,1.0,1.0,0.4806002080440521,0.0
combined_margin,stable_plain,29,3-10,48,0.23206596076488495,1.0,1.0,0.5457895398139954,0.0
combined_margin,stable_plain,29,3-10,64,0.21449968218803406,1.0,1.0,0.590522825717926,0.0
combined_margin,stable_plain,29,3-10,96,0.20034745335578918,1.0,1.0,0.6521726250648499,0.0
combined_margin,stable_plain,29,3-10,128,0.19337743520736694,1.0,1.0,0.6952239274978638,0.0
combined_margin,stable_plain,29,3-10,192,0.17862267792224884,1.0,1.0,0.7552462816238403,0.0
combined_margin,stable_plain,29,3-10,256,0.16374248266220093,1.0,1.0,0.7975034713745117,0.0
combined_margin,stable_plain,29,3-10,384,0.1450689285993576,1.0,1.0,0.8567444086074829,0.0
combined_margin,stable_plain,29,3-10,512,0.1409742385149002,1.0,1.0,0.8986155390739441,0.0
combined_margin,stable_plain,29,3-10,768,0.14617255330085754,1.0,1.0,0.9574733972549438,0.0
combined_margin,stable_plain,29,3-10,1024,0.15175355970859528,1.0,1.0,0.9991540908813477,0.0
combined_margin,stable_plain,30,3-10,0,-0.3290163576602936,0.125,0.0,0.0,0.875
combined_margin,stable_plain,30,3-10,1,0.18780295550823212,0.3928571343421936,0.1428571492433548,0.0,0.6071428656578064
combined_margin,stable_plain,30,3-10,2,0.12012398988008499,0.6428571343421936,0.2857142984867096,0.0,0.3571428656578064
combined_margin,stable_plain,30,3-10,4,-0.25265952944755554,0.7142857313156128,0.5714285969734192,0.0,0.2857142686843872
combined_margin,stable_plain,30,3-10,8,-0.1402900069952011,1.0,1.0,0.158451646566391,0.0
combined_margin,stable_plain,30,3-10,12,0.13468433916568756,1.0,1.0,0.28065648674964905,0.0
combined_margin,stable_plain,30,3-10,16,0.1804317682981491,1.0,1.0,0.3458458185195923,0.0
combined_margin,stable_plain,30,3-10,24,0.21303723752498627,1.0,1.0,0.4246731996536255,0.0
combined_margin,stable_plain,30,3-10,32,0.2015169858932495,1.0,1.0,0.475354939699173,0.0
combined_margin,stable_plain,30,3-10,48,0.16879427433013916,1.0,1.0,0.5424737930297852,0.0
combined_margin,stable_plain,30,3-10,64,0.14870186150074005,1.0,1.0,0.5880987644195557,0.0
combined_margin,stable_plain,30,3-10,96,0.1347699761390686,1.0,1.0,0.6505963206291199,0.0
combined_margin,stable_plain,30,3-10,128,0.1302729696035385,1.0,1.0,0.6940560936927795,0.0
combined_margin,stable_plain,30,3-10,192,0.12086371332406998,1.0,1.0,0.7544770836830139,0.0
combined_margin,stable_plain,30,3-10,256,0.11092470586299896,1.0,1.0,0.7969300150871277,0.0
combined_margin,stable_plain,30,3-10,384,0.09260988980531693,1.0,1.0,0.8563643097877502,0.0
combined_margin,stable_plain,30,3-10,512,0.0820268839597702,1.0,1.0,0.8983312845230103,0.0
combined_margin,stable_plain,30,3-10,768,0.07580210268497467,1.0,1.0,0.9572844505310059,0.0
combined_margin,stable_plain,30,3-10,1024,0.07536738365888596,1.0,1.0,0.9990125894546509,0.0
combined_margin,stable_plain,35,3-10,0,-0.32901641726493835,0.12068965286016464,0.0,0.0,0.8793103694915771
combined_margin,stable_plain,35,3-10,1,-0.03764161095023155,0.3965517282485962,0.09090909361839294,0.0,0.6034482717514038
combined_margin,stable_plain,35,3-10,2,-0.006725681480020285,0.568965494632721,0.1818181872367859,0.0,0.43103450536727905
combined_margin,stable_plain,35,3-10,4,-0.27550891041755676,0.5344827771186829,0.3636363744735718,0.0,0.46551722288131714
combined_margin,stable_plain,35,3-10,8,-0.6879914402961731,0.6896551847457886,0.7272727489471436,0.0,0.3103448152542114
combined_margin,stable_plain,35,3-10,12,-0.7700181603431702,1.0,1.0,0.158451646566391,0.0
combined_margin,stable_plain,35,3-10,16,-0.09551462531089783,1.0,1.0,0.28065648674964905,0.0
combined_margin,stable_plain,35,3-10,24,0.1181410551071167,1.0,1.0,0.39057910442352295,0.0
combined_margin,stable_plain,35,3-10,32,0.16169527173042297,1.0,1.0,0.4522289037704468,0.0
combined_margin,stable_plain,35,3-10,48,0.1477242112159729,1.0,1.0,0.5283914804458618,0.0
combined_margin,stable_plain,35,3-10,64,0.125863716006279,1.0,1.0,0.5779733061790466,0.0
combined_margin,stable_plain,35,3-10,96,0.10632337629795074,1.0,1.0,0.6441130042076111,0.0
combined_margin,stable_plain,35,3-10,128,0.0989043340086937,1.0,1.0,0.6892877221107483,0.0
combined_margin,stable_plain,35,3-10,192,0.088070809841156,1.0,1.0,0.7513584494590759,0.0
combined_margin,stable_plain,35,3-10,256,0.07519232481718063,1.0,1.0,0.7946130633354187,0.0
combined_margin,stable_plain,35,3-10,384,0.053853049874305725,1.0,1.0,0.8548340797424316,0.0
combined_margin,stable_plain,35,3-10,512,0.04223719239234924,1.0,1.0,0.8971889019012451,0.0
combined_margin,stable_plain,35,3-10,768,0.03355572372674942,1.0,1.0,0.9565263390541077,0.0
combined_margin,stable_plain,35,3-10,1024,0.031640585511922836,1.0,1.0,0.9984452724456787,0.0
combined_margin,stable_plain,36,11-50,0,-0.3290162682533264,0.145454540848732,0.0,0.0,0.8545454740524292
combined_margin,stable_plain,36,11-50,1,0.576844334602356,0.4363636374473572,0.20000000298023224,0.0,0.5636363625526428
combined_margin,stable_plain,36,11-50,2,0.5271616578102112,0.6909090876579285,0.4000000059604645,0.0,0.30909091234207153
combined_margin,stable_plain,36,11-50,4,0.24021530151367188,0.9636363387107849,0.800000011920929,0.0,0.03636366128921509
combined_margin,stable_plain,36,11-50,8,0.20732638239860535,1.0,1.0,0.23212747275829315,0.0
combined_margin,stable_plain,36,11-50,12,0.2113974243402481,1.0,1.0,0.316903293132782,0.0
combined_margin,stable_plain,36,11-50,16,0.24038226902484894,1.0,1.0,0.3699398338794708,0.0
combined_margin,stable_plain,36,11-50,24,0.2589239776134491,1.0,1.0,0.43910813331604004,0.0
combined_margin,stable_plain,36,11-50,32,0.24643857777118683,1.0,1.0,0.4856613576412201,0.0
combined_margin,stable_plain,36,11-50,48,0.22031013667583466,1.0,1.0,0.5490307807922363,0.0
combined_margin,stable_plain,36,11-50,64,0.20655114948749542,1.0,1.0,0.5929068326950073,0.0
combined_margin,stable_plain,36,11-50,96,0.1974671632051468,1.0,1.0,0.6537318229675293,0.0
combined_margin,stable_plain,36,11-50,128,0.19418469071388245,1.0,1.0,0.6963824033737183,0.0
combined_margin,stable_plain,36,11-50,192,0.18455614149570465,1.0,1.0,0.756011426448822,0.0
combined_margin,stable_plain,36,11-50,256,0.17163243889808655,1.0,1.0,0.7980747222900391,0.0
combined_margin,stable_plain,36,11-50,384,0.15037669241428375,1.0,1.0,0.8571234345436096,0.0
combined_margin,stable_plain,36,11-50,512,0.13764886558055878,1.0,1.0,0.8988991379737854,0.0
combined_margin,stable_plain,36,11-50,768,0.12984950840473175,1.0,1.0,0.9576619863510132,0.0
combined_margin,stable_plain,36,11-50,1024,0.13221028447151184,1.0,1.0,0.9992954134941101,0.0
combined_margin,stable_plain,38,11-50,0,-0.3290163576602936,0.09090909361839294,0.0,0.0,0.9090908765792847
combined_margin,stable_plain,38,11-50,1,0.5677177906036377,0.5272727012634277,0.20000000298023224,0.0,0.47272729873657227
combined_margin,stable_plain,38,11-50,2,0.7027524709701538,0.6363636255264282,0.4000000059604645,0.0,0.3636363744735718
combined_margin,stable_plain,38,11-50,4,0.3075854182243347,0.8181818127632141,0.800000011920929,0.0,0.1818181872367859
combined_margin,stable_plain,38,11-50,8,-0.024748532101511955,1.0,1.0,0.23212747275829315,0.0
combined_margin,stable_plain,38,11-50,12,0.1169462502002716,1.0,1.0,0.316903293132782,0.0
combined_margin,stable_plain,38,11-50,16,0.19762523472309113,1.0,1.0,0.3699398338794708,0.0
combined_margin,stable_plain,38,11-50,24,0.2575576901435852,1.0,1.0,0.43910813331604004,0.0
combined_margin,stable_plain,38,11-50,32,0.25778982043266296,1.0,1.0,0.4856613576412201,0.0
combined_margin,stable_plain,38,11-50,48,0.23661138117313385,1.0,1.0,0.5490307807922363,0.0
combined_margin,stable_plain,38,11-50,64,0.2225937843322754,1.0,1.0,0.5929068326950073,0.0
combined_margin,stable_plain,38,11-50,96,0.2099049687385559,1.0,1.0,0.6537318229675293,0.0
combined_margin,stable_plain,38,11-50,128,0.20367085933685303,1.0,1.0,0.6963824033737183,0.0
combined_margin,stable_plain,38,11-50,192,0.19088530540466309,1.0,1.0,0.756011426448822,0.0
combined_margin,stable_plain,38,11-50,256,0.17893166840076447,1.0,1.0,0.7980747222900391,0.0
combined_margin,stable_plain,38,11-50,384,0.16465795040130615,1.0,1.0,0.8571234345436096,0.0
combined_margin,stable_plain,38,11-50,512,0.1589217483997345,1.0,1.0,0.8988991379737854,0.0
combined_margin,stable_plain,38,11-50,768,0.15731798112392426,1.0,1.0,0.9576619863510132,0.0
combined_margin,stable_plain,38,11-50,1024,0.16002261638641357,1.0,1.0,0.9992954134941101,0.0
combined_margin,stable_plain,41,11-50,0,-0.3290163576602936,0.14035087823867798,0.0,0.0,0.859649121761322
combined_margin,stable_plain,41,11-50,1,0.17048273980617523,0.4736842215061188,0.25,0.0,0.5263158082962036
combined_margin,stable_plain,41,11-50,2,0.2973521947860718,0.7719298005104065,0.5,0.0,0.2280701994895935
combined_margin,stable_plain,41,11-50,4,-0.1440473198890686,1.0,1.0,0.09997186064720154,0.0
combined_margin,stable_plain,41,11-50,8,0.1915093958377838,1.0,1.0,0.25842350721359253,0.0
combined_margin,stable_plain,41,11-50,12,0.1723521202802658,1.0,1.0,0.3320993185043335,0.0
combined_margin,stable_plain,41,11-50,16,0.16566896438598633,1.0,1.0,0.3806283473968506,0.0
combined_margin,stable_plain,41,11-50,24,0.15250717103481293,1.0,1.0,0.4458176791667938,0.0
combined_margin,stable_plain,41,11-50,32,0.13047170639038086,1.0,1.0,0.4905509650707245,0.0
combined_margin,stable_plain,41,11-50,48,0.09758508950471878,1.0,1.0,0.5522007346153259,0.0
combined_margin,stable_plain,41,11-50,64,0.08023755997419357,1.0,1.0,0.5952520370483398,0.0
combined_margin,stable_plain,41,11-50,96,0.06604240089654922,1.0,1.0,0.6552744507789612,0.0
combined_margin,stable_plain,41,11-50,128,0.06153709441423416,1.0,1.0,0.6975316405296326,0.0
combined_margin,stable_plain,41,11-50,192,0.05482889339327812,1.0,1.0,0.756772518157959,0.0
combined_margin,stable_plain,41,11-50,256,0.04884891211986542,1.0,1.0,0.7986436486244202,0.0
combined_margin,stable_plain,41,11-50,384,0.04009801894426346,1.0,1.0,0.8575015068054199,0.0
combined_margin,stable_plain,41,11-50,512,0.03506582975387573,1.0,1.0,0.8991822004318237,0.0
combined_margin,stable_plain,41,11-50,768,0.03199145942926407,1.0,1.0,0.9578503966331482,0.0
combined_margin,stable_plain,41,11-50,1024,0.0341489315032959,1.0,1.0,0.999436616897583,0.0
combined_margin,stable_plain,47,11-50,0,-0.32901623845100403,0.10526315867900848,0.0,0.0,0.8947368264198303
combined_margin,stable_plain,47,11-50,1,-0.002274029888212681,0.3684210479259491,0.05882352963089943,0.0,0.6315789222717285
combined_margin,stable_plain,47,11-50,2,0.06575480103492737,0.38596490025520325,0.11764705926179886,0.0,0.6140351295471191
combined_margin,stable_plain,47,11-50,4,-0.26800644397735596,0.28070175647735596,0.23529411852359772,0.0,0.719298243522644
combined_margin,stable_plain,47,11-50,8,-0.825261652469635,0.2631579041481018,0.47058823704719543,0.0,0.7368420958518982
combined_margin,stable_plain,47,11-50,12,-0.9599586129188538,0.31578946113586426,0.7058823704719543,0.0,0.6842105388641357
combined_margin,stable_plain,47,11-50,16,-0.8911760449409485,0.8070175647735596,0.9411764740943909,0.0,0.19298243522644043
combined_margin,stable_plain,47,11-50,24,0.005739885848015547,1.0,1.0,0.316903293132782,0.0
combined_margin,stable_plain,47,11-50,32,0.137828066945076,1.0,1.0,0.40863126516342163,0.0
combined_margin,stable_plain,47,11-50,48,0.1666659265756607,1.0,1.0,0.5042974352836609,0.0
combined_margin,stable_plain,47,11-50,64,0.1583193987607956,1.0,1.0,0.5613129734992981,0.0
combined_margin,stable_plain,47,11-50,96,0.14266829192638397,1.0,1.0,0.633806586265564,0.0
combined_margin,stable_plain,47,11-50,128,0.13277679681777954,1.0,1.0,0.6818259954452515,0.0
combined_margin,stable_plain,47,11-50,192,0.1178738996386528,1.0,1.0,0.746550440788269,0.0
combined_margin,stable_plain,47,11-50,256,0.10348086804151535,1.0,1.0,0.7910662293434143,0.0
combined_margin,stable_plain,47,11-50,384,0.07634236663579941,1.0,1.0,0.8525077104568481,0.0
combined_margin,stable_plain,47,11-50,512,0.05449214577674866,1.0,1.0,0.8954581022262573,0.0
combined_margin,stable_plain,47,11-50,768,0.027423588559031487,1.0,1.0,0.9553816914558411,0.0
combined_margin,stable_plain,47,11-50,1024,0.015034749172627926,1.0,1.0,0.9975902438163757,0.0
combined_margin,stable_plain,51,51+,0,-0.32901641726493835,0.13793103396892548,0.0,0.0,0.8620689511299133
combined_margin,stable_plain,51,51+,1,0.12426675856113434,0.4137931168079376,0.1428571492433548,0.0,0.5862069129943848
combined_margin,stable_plain,51,51+,2,0.23367060720920563,0.517241358757019,0.2857142984867096,0.0,0.48275864124298096
combined_margin,stable_plain,51,51+,4,0.10465800017118454,0.8103448152542114,0.5714285969734192,0.0,0.18965518474578857
combined_margin,stable_plain,51,51+,8,-0.32181015610694885,1.0,1.0,0.158451646566391,0.0
combined_margin,stable_plain,51,51+,12,0.07113320380449295,1.0,1.0,0.28065648674964905,0.0
combined_margin,stable_plain,51,51+,16,0.17693820595741272,1.0,1.0,0.3458458185195923,0.0
combined_margin,stable_plain,51,51+,24,0.2539566457271576,1.0,1.0,0.4246731996536255,0.0
combined_margin,stable_plain,51,51+,32,0.2526617646217346,1.0,1.0,0.475354939699173,0.0
combined_margin,stable_plain,51,51+,48,0.22712264955043793,1.0,1.0,0.5424737930297852,0.0
combined_margin,stable_plain,51,51+,64,0.2099238485097885,1.0,1.0,0.5880987644195557,0.0
combined_margin,stable_plain,51,51+,96,0.19428622722625732,1.0,1.0,0.6505963206291199,0.0
combined_margin,stable_plain,51,51+,128,0.18762832880020142,1.0,1.0,0.6940560936927795,0.0
combined_margin,stable_plain,51,51+,192,0.17678214609622955,1.0,1.0,0.7544770836830139,0.0
combined_margin,stable_plain,51,51+,256,0.16560420393943787,1.0,1.0,0.7969300150871277,0.0
combined_margin,stable_plain,51,51+,384,0.1500660628080368,1.0,1.0,0.8563643097877502,0.0
combined_margin,stable_plain,51,51+,512,0.14215925335884094,1.0,1.0,0.8983312845230103,0.0
combined_margin,stable_plain,51,51+,768,0.13724207878112793,1.0,1.0,0.9572844505310059,0.0
combined_margin,stable_plain,51,51+,1024,0.13756395876407623,1.0,1.0,0.9990125894546509,0.0
combined_margin,stable_plain,52,51+,0,-0.32901641726493835,0.1428571492433548,0.0,0.0,0.8571428656578064
combined_margin,stable_plain,52,51+,1,-0.03831383213400841,0.4107142984867096,0.0714285746216774,0.0,0.5892857313156128
combined_margin,stable_plain,52,51+,2,0.07695194333791733,0.5178571343421936,0.1428571492433548,0.0,0.4821428656578064
combined_margin,stable_plain,52,51+,4,-0.17903196811676025,0.5357142686843872,0.2857142984867096,0.0,0.4642857313156128
combined_margin,stable_plain,52,51+,8,-0.4313288629055023,0.625,0.5714285969734192,0.0,0.375
combined_margin,stable_plain,52,51+,12,-0.5570117831230164,0.8214285969734192,0.8571428656578064,0.0,0.1785714030265808
combined_margin,stable_plain,52,51+,16,-0.16958290338516235,1.0,1.0,0.19994372129440308,0.0
combined_margin,stable_plain,52,51+,24,0.0878015086054802,1.0,1.0,0.35839536786079407,0.0
combined_margin,stable_plain,52,51+,32,0.17103315889835358,1.0,1.0,0.43207117915153503,0.0
combined_margin,stable_plain,52,51+,48,0.1701965481042862,1.0,1.0,0.5168470144271851,0.0
combined_margin,stable_plain,52,51+,64,0.14597897231578827,1.0,1.0,0.5698835253715515,0.0
combined_margin,stable_plain,52,51+,96,0.11793004721403122,1.0,1.0,0.6390518546104431,0.0
combined_margin,stable_plain,52,51+,128,0.10625602304935455,1.0,1.0,0.6856051087379456,0.0
combined_margin,stable_plain,52,51+,192,0.09279265999794006,1.0,1.0,0.7489745020866394,0.0
combined_margin,stable_plain,52,51+,256,0.08180592954158783,1.0,1.0,0.7928504943847656,0.0
combined_margin,stable_plain,52,51+,384,0.06684979051351547,1.0,1.0,0.8536755442619324,0.0
combined_margin,stable_plain,52,51+,512,0.05968065932393074,1.0,1.0,0.8963261246681213,0.0
combined_margin,stable_plain,52,51+,768,0.05460210144519806,1.0,1.0,0.9559551477432251,0.0
combined_margin,stable_plain,52,51+,1024,0.05402863025665283,1.0,1.0,0.9980184435844421,0.0
combined_margin,stable_plain,53,51+,0,-0.3290162682533264,0.1090909093618393,0.0,0.0,0.8909090757369995
combined_margin,stable_plain,53,51+,1,0.5775099992752075,0.5454545617103577,0.25,0.0,0.45454543828964233
combined_margin,stable_plain,53,51+,2,0.6308809518814087,0.7636363506317139,0.5,0.0,0.23636364936828613
combined_margin,stable_plain,53,51+,4,0.08920948207378387,1.0,1.0,0.09997186064720154,0.0
combined_margin,stable_plain,53,51+,8,0.17494584619998932,1.0,1.0,0.25842350721359253,0.0
combined_margin,stable_plain,53,51+,12,0.2020965963602066,1.0,1.0,0.3320993185043335,0.0
combined_margin,stable_plain,53,51+,16,0.2249450534582138,1.0,1.0,0.3806283473968506,0.0
combined_margin,stable_plain,53,51+,24,0.23680277168750763,1.0,1.0,0.4458176791667938,0.0
combined_margin,stable_plain,53,51+,32,0.2258767932653427,1.0,1.0,0.4905509650707245,0.0
combined_margin,stable_plain,53,51+,48,0.20349039137363434,1.0,1.0,0.5522007346153259,0.0
combined_margin,stable_plain,53,51+,64,0.19195058941841125,1.0,1.0,0.5952520370483398,0.0
combined_margin,stable_plain,53,51+,96,0.18397189676761627,1.0,1.0,0.6552744507789612,0.0
combined_margin,stable_plain,53,51+,128,0.18136025965213776,1.0,1.0,0.6975316405296326,0.0
combined_margin,stable_plain,53,51+,192,0.17464329302310944,1.0,1.0,0.756772518157959,0.0
combined_margin,stable_plain,53,51+,256,0.16665707528591156,1.0,1.0,0.7986436486244202,0.0
combined_margin,stable_plain,53,51+,384,0.15470099449157715,1.0,1.0,0.8575015068054199,0.0
combined_margin,stable_plain,53,51+,512,0.1494370400905609,1.0,1.0,0.8991822004318237,0.0
combined_margin,stable_plain,53,51+,768,0.1486859917640686,1.0,1.0,0.9578503966331482,0.0
combined_margin,stable_plain,53,51+,1024,0.15150213241577148,1.0,1.0,0.999436616897583,0.0
combined_margin,stable_plain,56,51+,0,-0.3290163576602936,0.11666666716337204,0.0,0.0,0.8833333253860474
combined_margin,stable_plain,56,51+,1,0.07552803307771683,0.3499999940395355,0.029411764815449715,0.0,0.6499999761581421
combined_margin,stable_plain,56,51+,2,0.12147878110408783,0.5166666507720947,0.05882352963089943,0.0,0.4833333492279053
combined_margin,stable_plain,56,51+,4,-0.003273351350799203,0.46666666865348816,0.11764705926179886,0.0,0.5333333015441895
combined_margin,stable_plain,56,51+,8,-0.44803526997566223,0.5333333611488342,0.23529411852359772,0.0,0.46666663885116577
combined_margin,stable_plain,56,51+,12,-0.434388667345047,0.5833333134651184,0.3529411852359772,0.0,0.4166666865348816
combined_margin,stable_plain,56,51+,16,-0.6060405373573303,0.5166666507720947,0.47058823704719543,0.0,0.4833333492279053
combined_margin,stable_plain,56,51+,24,-0.687463641166687,0.5,0.7058823704719543,0.0,0.5
combined_margin,stable_plain,56,51+,32,-0.7098462581634521,0.6333333253860474,0.9411764740943909,0.0,0.36666667461395264
combined_margin,stable_plain,56,51+,48,0.16546453535556793,1.0,1.0,0.39988744258880615,0.0
combined_margin,stable_plain,56,51+,64,0.22450272738933563,1.0,1.0,0.4998593032360077,0.0
combined_margin,stable_plain,56,51+,96,0.2125483900308609,1.0,1.0,0.5998311638832092,0.0
combined_margin,stable_plain,56,51+,128,0.1937132328748703,1.0,1.0,0.6583109498023987,0.0
combined_margin,stable_plain,56,51+,192,0.16498397290706635,1.0,1.0,0.7319867610931396,0.0
combined_margin,stable_plain,56,51+,256,0.14401830732822418,1.0,1.0,0.780515730381012,0.0
combined_margin,stable_plain,56,51+,384,0.11534379422664642,1.0,1.0,0.8457050919532776,0.0
combined_margin,stable_plain,56,51+,512,0.10019101947546005,1.0,1.0,0.8904383778572083,0.0
combined_margin,stable_plain,56,51+,768,0.08474276959896088,1.0,1.0,0.9520881772041321,0.0
combined_margin,stable_plain,56,51+,1024,0.07610178738832474,1.0,1.0,0.995139479637146,0.0
combined_margin,collapsed_plain,1,0,0,1.186199426651001,0.12727272510528564,0.0,0.0,0.8727272748947144
combined_margin,collapsed_plain,1,0,1,1.3989077806472778,0.6181818246841431,0.20000000298023224,0.0,0.38181817531585693
combined_margin,collapsed_plain,1,0,2,1.4213199615478516,0.7636363506317139,0.4000000059604645,0.0,0.23636364936828613
combined_margin,collapsed_plain,1,0,4,1.5380146503448486,0.9090909361839294,0.800000011920929,0.0,0.09090906381607056
combined_margin,collapsed_plain,1,0,8,1.800427794456482,1.0,1.0,0.23212747275829315,0.0
combined_margin,collapsed_plain,1,0,12,1.882612943649292,1.0,1.0,0.316903293132782,0.0
combined_margin,collapsed_plain,1,0,16,1.915548324584961,1.0,1.0,0.3699398338794708,0.0
combined_margin,collapsed_plain,1,0,24,1.961042881011963,1.0,1.0,0.43910813331604004,0.0
combined_margin,collapsed_plain,1,0,32,1.9829928874969482,1.0,1.0,0.4856613576412201,0.0
combined_margin,collapsed_plain,1,0,48,2.001432418823242,1.0,1.0,0.5490307807922363,0.0
combined_margin,collapsed_plain,1,0,64,2.0089194774627686,1.0,1.0,0.5929068326950073,0.0
combined_margin,collapsed_plain,1,0,96,2.021366596221924,1.0,1.0,0.6537318229675293,0.0
combined_margin,collapsed_plain,1,0,128,2.0311994552612305,1.0,1.0,0.6963824033737183,0.0
combined_margin,collapsed_plain,1,0,192,2.0410516262054443,1.0,1.0,0.756011426448822,0.0
combined_margin,collapsed_plain,1,0,256,2.038738250732422,1.0,1.0,0.7980747222900391,0.0
combined_margin,collapsed_plain,1,0,384,1.97500741481781,1.0,1.0,0.8571234345436096,0.0
combined_margin,collapsed_plain,1,0,512,1.8315032720565796,1.0,1.0,0.8988991379737854,0.0
combined_margin,collapsed_plain,1,0,768,1.7474278211593628,0.9818181991577148,1.0,0.0,0.018181800842285156
combined_margin,collapsed_plain,1,0,1024,1.7651686668395996,0.9272727370262146,1.0,0.0,0.0727272629737854
combined_margin,collapsed_plain,4,0,0,1.186199426651001,0.1428571492433548,0.0,0.0,0.8571428656578064
combined_margin,collapsed_plain,4,0,1,0.5910066366195679,0.5535714030265808,0.20000000298023224,0.0,0.4464285969734192
combined_margin,collapsed_plain,4,0,2,0.819243311882019,0.7142857313156128,0.4000000059604645,0.0,0.2857142686843872
combined_margin,collapsed_plain,4,0,4,1.2507764101028442,0.9464285969734192,0.800000011920929,0.0,0.05357140302658081
combined_margin,collapsed_plain,4,0,8,1.8310595750808716,1.0,1.0,0.23212747275829315,0.0
combined_margin,collapsed_plain,4,0,12,1.9379457235336304,1.0,1.0,0.316903293132782,0.0
combined_margin,collapsed_plain,4,0,16,1.9596126079559326,1.0,1.0,0.3699398338794708,0.0
combined_margin,collapsed_plain,4,0,24,1.9806348085403442,1.0,1.0,0.43910813331604004,0.0
combined_margin,collapsed_plain,4,0,32,1.9938093423843384,1.0,1.0,0.4856613576412201,0.0
combined_margin,collapsed_plain,4,0,48,2.0106465816497803,1.0,1.0,0.5490307807922363,0.0
combined_margin,collapsed_plain,4,0,64,2.024711847305298,1.0,1.0,0.5929068326950073,0.0
combined_margin,collapsed_plain,4,0,96,2.044419765472412,1.0,1.0,0.6537318229675293,0.0
combined_margin,collapsed_plain,4,0,128,2.0494863986968994,1.0,1.0,0.6963824033737183,0.0
combined_margin,collapsed_plain,4,0,192,2.0459134578704834,1.0,1.0,0.756011426448822,0.0
combined_margin,collapsed_plain,4,0,256,2.0737781524658203,1.0,1.0,0.7980747222900391,0.0
combined_margin,collapsed_plain,4,0,384,2.1039459705352783,1.0,1.0,0.8571234345436096,0.0
combined_margin,collapsed_plain,4,0,512,2.079598903656006,1.0,1.0,0.8988991379737854,0.0
combined_margin,collapsed_plain,4,0,768,1.60044264793396,0.9464285969734192,1.0,0.0,0.05357140302658081
combined_margin,collapsed_plain,4,0,1024,1.3690149784088135,0.625,1.0,0.0,0.375
combined_margin,collapsed_plain,8,0,0,1.1861993074417114,0.1090909093618393,0.0,0.0,0.8909090757369995
combined_margin,collapsed_plain,8,0,1,1.3823902606964111,0.581818163394928,0.20000000298023224,0.0,0.418181836605072
combined_margin,collapsed_plain,8,0,2,1.4720782041549683,0.7636363506317139,0.4000000059604645,0.0,0.23636364936828613
combined_margin,collapsed_plain,8,0,4,1.3956961631774902,0.8181818127632141,0.800000011920929,0.0,0.1818181872367859
combined_margin,collapsed_plain,8,0,8,1.791067123413086,1.0,1.0,0.23212747275829315,0.0
combined_margin,collapsed_plain,8,0,12,1.8785085678100586,1.0,1.0,0.316903293132782,0.0
combined_margin,collapsed_plain,8,0,16,1.9097015857696533,1.0,1.0,0.3699398338794708,0.0
combined_margin,collapsed_plain,8,0,24,1.9401618242263794,1.0,1.0,0.43910813331604004,0.0
combined_margin,collapsed_plain,8,0,32,1.9565775394439697,1.0,1.0,0.4856613576412201,0.0
combined_margin,collapsed_plain,8,0,48,1.974836826324463,1.0,1.0,0.5490307807922363,0.0
combined_margin,collapsed_plain,8,0,64,1.9824172258377075,1.0,1.0,0.5929068326950073,0.0
combined_margin,collapsed_plain,8,0,96,1.9881638288497925,1.0,1.0,0.6537318229675293,0.0
combined_margin,collapsed_plain,8,0,128,1.9877030849456787,1.0,1.0,0.6963824033737183,0.0
combined_margin,collapsed_plain,8,0,192,1.9811996221542358,1.0,1.0,0.756011426448822,0.0
combined_margin,collapsed_plain,8,0,256,1.9751471281051636,1.0,1.0,0.7980747222900391,0.0
combined_margin,collapsed_plain,8,0,384,1.9354877471923828,1.0,1.0,0.8571234345436096,0.0
combined_margin,collapsed_plain,8,0,512,1.8839889764785767,1.0,1.0,0.8988991379737854,0.0
combined_margin,collapsed_plain,8,0,768,1.7019201517105103,0.9818181991577148,1.0,0.0,0.018181800842285156
combined_margin,collapsed_plain,8,0,1024,1.4309073686599731,0.6909090876579285,1.0,0.0,0.30909091234207153
combined_margin,collapsed_plain,9,0,0,1.1861993074417114,0.1111111119389534,0.0,0.0,0.8888888955116272
combined_margin,collapsed_plain,9,0,1,1.211044430732727,0.6111111044883728,0.1666666716337204,0.0,0.3888888955116272
combined_margin,collapsed_plain,9,0,2,1.306221842765808,0.7037037014961243,0.3333333432674408,0.0,0.29629629850387573
combined_margin,collapsed_plain,9,0,4,1.3471795320510864,0.7222222089767456,0.6666666865348816,0.0,0.2777777910232544
combined_margin,collapsed_plain,9,0,8,1.6865828037261963,1.0,1.0,0.19994372129440308,0.0
combined_margin,collapsed_plain,9,0,12,1.9098926782608032,1.0,1.0,0.2999155819416046,0.0
combined_margin,collapsed_plain,9,0,16,1.944432258605957,1.0,1.0,0.35839536786079407,0.0
combined_margin,collapsed_plain,9,0,24,1.9753416776657104,1.0,1.0,0.43207117915153503,0.0
combined_margin,collapsed_plain,9,0,32,1.9873876571655273,1.0,1.0,0.4806002080440521,0.0
combined_margin,collapsed_plain,9,0,48,2.000190496444702,1.0,1.0,0.5457895398139954,0.0
combined_margin,collapsed_plain,9,0,64,2.009554147720337,1.0,1.0,0.590522825717926,0.0
combined_margin,collapsed_plain,9,0,96,2.023512601852417,1.0,1.0,0.6521726250648499,0.0
combined_margin,collapsed_plain,9,0,128,2.0391805171966553,1.0,1.0,0.6952239274978638,0.0
combined_margin,collapsed_plain,9,0,192,2.0474066734313965,1.0,1.0,0.7552462816238403,0.0
combined_margin,collapsed_plain,9,0,256,2.055769681930542,1.0,1.0,0.7975034713745117,0.0
combined_margin,collapsed_plain,9,0,384,2.042750120162964,1.0,1.0,0.8567444086074829,0.0
combined_margin,collapsed_plain,9,0,512,2.007448196411133,1.0,1.0,0.8986155390739441,0.0
combined_margin,collapsed_plain,9,0,768,1.6899055242538452,0.9444444179534912,1.0,0.0,0.05555558204650879
combined_margin,collapsed_plain,9,0,1024,1.3742023706436157,0.7407407164573669,1.0,0.0,0.25925928354263306
combined_margin,collapsed_plain,12,1-2,0,1.1861993074417114,0.09090909361839294,0.0,0.0,0.9090908765792847
combined_margin,collapsed_plain,12,1-2,1,1.631784200668335,0.6000000238418579,0.1428571492433548,0.0,0.3999999761581421
combined_margin,collapsed_plain,12,1-2,2,1.7452188730239868,0.6727272868156433,0.2857142984867096,0.0,0.3272727131843567
combined_margin,collapsed_plain,12,1-2,4,1.7709647417068481,0.7636363506317139,0.5714285969734192,0.0,0.23636364936828613
combined_margin,collapsed_plain,12,1-2,8,1.6784225702285767,1.0,1.0,0.158451646566391,0.0
combined_margin,collapsed_plain,12,1-2,12,1.8729523420333862,1.0,1.0,0.28065648674964905,0.0
combined_margin,collapsed_plain,12,1-2,16,1.9244890213012695,1.0,1.0,0.3458458185195923,0.0
combined_margin,collapsed_plain,12,1-2,24,1.9708813428878784,1.0,1.0,0.4246731996536255,0.0
combined_margin,collapsed_plain,12,1-2,32,1.9894298315048218,1.0,1.0,0.475354939699173,0.0
combined_margin,collapsed_plain,12,1-2,48,2.011746644973755,1.0,1.0,0.5424737930297852,0.0
combined_margin,collapsed_plain,12,1-2,64,2.028057336807251,1.0,1.0,0.5880987644195557,0.0
combined_margin,collapsed_plain,12,1-2,96,2.0451853275299072,1.0,1.0,0.6505963206291199,0.0
combined_margin,collapsed_plain,12,1-2,128,2.0448977947235107,1.0,1.0,0.6940560936927795,0.0
combined_margin,collapsed_plain,12,1-2,192,2.0368380546569824,1.0,1.0,0.7544770836830139,0.0
combined_margin,collapsed_plain,12,1-2,256,2.0502681732177734,1.0,1.0,0.7969300150871277,0.0
combined_margin,collapsed_plain,12,1-2,384,1.9953967332839966,1.0,1.0,0.8563643097877502,0.0
combined_margin,collapsed_plain,12,1-2,512,1.8186774253845215,1.0,1.0,0.8983312845230103,0.0
combined_margin,collapsed_plain,12,1-2,768,1.8473812341690063,0.9636363387107849,1.0,0.0,0.03636366128921509
combined_margin,collapsed_plain,12,1-2,1024,1.859961986541748,0.9272727370262146,1.0,0.0,0.0727272629737854
combined_margin,collapsed_plain,13,1-2,0,1.1861993074417114,0.09090909361839294,0.0,0.0,0.9090908765792847
combined_margin,collapsed_plain,13,1-2,1,1.2658809423446655,0.5636363625526428,0.02857142873108387,0.0,0.4363636374473572
combined_margin,collapsed_plain,13,1-2,2,1.3296477794647217,0.5272727012634277,0.05714285746216774,0.0,0.47272729873657227
combined_margin,collapsed_plain,13,1-2,4,1.339866280555725,0.6363636255264282,0.11428571492433548,0.0,0.3636363744735718
combined_margin,collapsed_plain,13,1-2,8,1.213698387145996,0.5636363625526428,0.22857142984867096,0.0,0.4363636374473572
combined_margin,collapsed_plain,13,1-2,12,1.1402738094329834,0.5454545617103577,0.34285715222358704,0.0,0.45454543828964233
combined_margin,collapsed_plain,13,1-2,16,1.2179176807403564,0.6727272868156433,0.4571428596973419,0.0,0.3272727131843567
combined_margin,collapsed_plain,13,1-2,24,1.174525499343872,0.6363636255264282,0.6857143044471741,0.0,0.3636363744735718
combined_margin,collapsed_plain,13,1-2,32,1.1548811197280884,0.7636363506317139,0.9142857193946838,0.0,0.23636364936828613
combined_margin,collapsed_plain,13,1-2,48,1.8725181818008423,1.0,1.0,0.39057910442352295,0.0
combined_margin,collapsed_plain,13,1-2,64,1.8969058990478516,1.0,1.0,0.4952802062034607,0.0
combined_margin,collapsed_plain,13,1-2,96,1.941357135772705,1.0,1.0,0.5975597500801086,0.0
combined_margin,collapsed_plain,13,1-2,128,1.9707319736480713,1.0,1.0,0.6568006873130798,0.0
combined_margin,collapsed_plain,13,1-2,192,2.010415554046631,1.0,1.0,0.7310824990272522,0.0
combined_margin,collapsed_plain,13,1-2,256,2.0376486778259277,1.0,1.0,0.7798704504966736,0.0
combined_margin,collapsed_plain,13,1-2,384,2.0263659954071045,1.0,1.0,0.8452947735786438,0.0
combined_margin,collapsed_plain,13,1-2,512,1.925714135169983,1.0,1.0,0.8901376128196716,0.0
combined_margin,collapsed_plain,13,1-2,768,1.55885910987854,0.8181818127632141,1.0,0.0,0.1818181872367859
combined_margin,collapsed_plain,13,1-2,1024,1.3176993131637573,0.5272727012634277,1.0,0.0,0.47272729873657227
combined_margin,collapsed_plain,20,1-2,0,1.186199426651001,0.0892857164144516,0.0,0.0,0.9107142686843872
combined_margin,collapsed_plain,20,1-2,1,1.0254287719726562,0.5892857313156128,0.20000000298023224,0.0,0.4107142686843872
combined_margin,collapsed_plain,20,1-2,2,1.1747990846633911,0.7142857313156128,0.4000000059604645,0.0,0.2857142686843872
combined_margin,collapsed_plain,20,1-2,4,1.239575743675232,0.8928571343421936,0.800000011920929,0.0,0.1071428656578064
combined_margin,collapsed_plain,20,1-2,8,1.675572156906128,1.0,1.0,0.23212747275829315,0.0
combined_margin,collapsed_plain,20,1-2,12,1.8165955543518066,1.0,1.0,0.316903293132782,0.0
combined_margin,collapsed_plain,20,1-2,16,1.8518223762512207,1.0,1.0,0.3699398338794708,0.0
combined_margin,collapsed_plain,20,1-2,24,1.874685287475586,1.0,1.0,0.43910813331604004,0.0
combined_margin,collapsed_plain,20,1-2,32,1.8863184452056885,1.0,1.0,0.4856613576412201,0.0
combined_margin,collapsed_plain,20,1-2,48,1.900785207748413,1.0,1.0,0.5490307807922363,0.0
combined_margin,collapsed_plain,20,1-2,64,1.9099761247634888,1.0,1.0,0.5929068326950073,0.0
combined_margin,collapsed_plain,20,1-2,96,1.9243497848510742,1.0,1.0,0.6537318229675293,0.0
combined_margin,collapsed_plain,20,1-2,128,1.9331663846969604,1.0,1.0,0.6963824033737183,0.0
combined_margin,collapsed_plain,20,1-2,192,1.9414341449737549,1.0,1.0,0.756011426448822,0.0
combined_margin,collapsed_plain,20,1-2,256,1.947799563407898,1.0,1.0,0.7980747222900391,0.0
combined_margin,collapsed_plain,20,1-2,384,1.8476604223251343,1.0,1.0,0.8571234345436096,0.0
combined_margin,collapsed_plain,20,1-2,512,1.77707040309906,1.0,1.0,0.8988991379737854,0.0
combined_margin,collapsed_plain,20,1-2,768,1.614512324333191,0.8392857313156128,1.0,0.0,0.1607142686843872
combined_margin,collapsed_plain,20,1-2,1024,1.4056925773620605,0.7678571343421936,1.0,0.0,0.2321428656578064
combined_margin,collapsed_plain,22,1-2,0,1.186199426651001,0.109375,0.0,0.0,0.890625
combined_margin,collapsed_plain,22,1-2,1,0.8973209261894226,0.375,0.1428571492433548,0.0,0.625
combined_margin,collapsed_plain,22,1-2,2,0.9706757068634033,0.5625,0.2857142984867096,0.0,0.4375
combined_margin,collapsed_plain,22,1-2,4,1.1136878728866577,0.828125,0.5714285969734192,0.0,0.171875
combined_margin,collapsed_plain,22,1-2,8,1.7413359880447388,1.0,1.0,0.158451646566391,0.0
combined_margin,collapsed_plain,22,1-2,12,1.925042748451233,1.0,1.0,0.28065648674964905,0.0
combined_margin,collapsed_plain,22,1-2,16,1.9593669176101685,1.0,1.0,0.3458458185195923,0.0
combined_margin,collapsed_plain,22,1-2,24,1.976562738418579,1.0,1.0,0.4246731996536255,0.0
combined_margin,collapsed_plain,22,1-2,32,1.9862388372421265,1.0,1.0,0.475354939699173,0.0
combined_margin,collapsed_plain,22,1-2,48,1.9990828037261963,1.0,1.0,0.5424737930297852,0.0
combined_margin,collapsed_plain,22,1-2,64,2.009453535079956,1.0,1.0,0.5880987644195557,0.0
combined_margin,collapsed_plain,22,1-2,96,2.0239667892456055,1.0,1.0,0.6505963206291199,0.0
combined_margin,collapsed_plain,22,1-2,128,2.0321309566497803,1.0,1.0,0.6940560936927795,0.0
combined_margin,collapsed_plain,22,1-2,192,2.044349193572998,1.0,1.0,0.7544770836830139,0.0
combined_margin,collapsed_plain,22,1-2,256,2.0665550231933594,1.0,1.0,0.7969300150871277,0.0
combined_margin,collapsed_plain,22,1-2,384,2.0719685554504395,1.0,1.0,0.8563643097877502,0.0
combined_margin,collapsed_plain,22,1-2,512,2.06406569480896,1.0,1.0,0.8983312845230103,0.0
combined_margin,collapsed_plain,22,1-2,768,1.8316233158111572,1.0,1.0,0.9572844505310059,0.0
combined_margin,collapsed_plain,22,1-2,1024,1.6517436504364014,0.8125,1.0,0.0,0.1875
combined_margin,collapsed_plain,27,3-10,0,1.1861993074417114,0.12727272510528564,0.0,0.0,0.8727272748947144
combined_margin,collapsed_plain,27,3-10,1,1.4617846012115479,0.5454545617103577,0.1666666716337204,0.0,0.45454543828964233
combined_margin,collapsed_plain,27,3-10,2,1.5962187051773071,0.6545454263687134,0.3333333432674408,0.0,0.3454545736312866
combined_margin,collapsed_plain,27,3-10,4,1.6584495306015015,0.7272727489471436,0.6666666865348816,0.0,0.27272725105285645
combined_margin,collapsed_plain,27,3-10,8,1.8438668251037598,1.0,1.0,0.19994372129440308,0.0
combined_margin,collapsed_plain,27,3-10,12,1.9293814897537231,1.0,1.0,0.2999155819416046,0.0
combined_margin,collapsed_plain,27,3-10,16,1.9288997650146484,1.0,1.0,0.35839536786079407,0.0
combined_margin,collapsed_plain,27,3-10,24,1.9510502815246582,1.0,1.0,0.43207117915153503,0.0
combined_margin,collapsed_plain,27,3-10,32,1.9717758893966675,1.0,1.0,0.4806002080440521,0.0
combined_margin,collapsed_plain,27,3-10,48,1.9873098134994507,1.0,1.0,0.5457895398139954,0.0
combined_margin,collapsed_plain,27,3-10,64,1.9936367273330688,1.0,1.0,0.590522825717926,0.0
combined_margin,collapsed_plain,27,3-10,96,2.003774642944336,1.0,1.0,0.6521726250648499,0.0
combined_margin,collapsed_plain,27,3-10,128,2.0085411071777344,1.0,1.0,0.6952239274978638,0.0
combined_margin,collapsed_plain,27,3-10,192,2.010054111480713,1.0,1.0,0.7552462816238403,0.0
combined_margin,collapsed_plain,27,3-10,256,2.0525400638580322,1.0,1.0,0.7975034713745117,0.0
combined_margin,collapsed_plain,27,3-10,384,1.9645920991897583,1.0,1.0,0.8567444086074829,0.0
combined_margin,collapsed_plain,27,3-10,512,1.8869645595550537,1.0,1.0,0.8986155390739441,0.0
combined_margin,collapsed_plain,27,3-10,768,1.861760139465332,0.9636363387107849,1.0,0.0,0.03636366128921509
combined_margin,collapsed_plain,27,3-10,1024,1.812443733215332,0.8363636136054993,1.0,0.0,0.16363638639450073
combined_margin,collapsed_plain,29,3-10,0,1.186199426651001,0.1111111119389534,0.0,0.0,0.8888888955116272
combined_margin,collapsed_plain,29,3-10,1,1.1486234664916992,0.5185185074806213,0.1428571492433548,0.0,0.48148149251937866
combined_margin,collapsed_plain,29,3-10,2,1.428642988204956,0.5555555820465088,0.2857142984867096,0.0,0.4444444179534912
combined_margin,collapsed_plain,29,3-10,4,1.6398683786392212,0.7592592835426331,0.5714285969734192,0.0,0.24074071645736694
combined_margin,collapsed_plain,29,3-10,8,1.8702244758605957,1.0,1.0,0.158451646566391,0.0
combined_margin,collapsed_plain,29,3-10,12,2.0183424949645996,1.0,1.0,0.28065648674964905,0.0
combined_margin,collapsed_plain,29,3-10,16,2.0472347736358643,1.0,1.0,0.3458458185195923,0.0
combined_margin,collapsed_plain,29,3-10,24,2.036228895187378,1.0,1.0,0.4246731996536255,0.0
combined_margin,collapsed_plain,29,3-10,32,2.0193748474121094,1.0,1.0,0.475354939699173,0.0
combined_margin,collapsed_plain,29,3-10,48,2.0089478492736816,1.0,1.0,0.5424737930297852,0.0
combined_margin,collapsed_plain,29,3-10,64,2.005401611328125,1.0,1.0,0.5880987644195557,0.0
combined_margin,collapsed_plain,29,3-10,96,2.0062665939331055,1.0,1.0,0.6505963206291199,0.0
combined_margin,collapsed_plain,29,3-10,128,2.002572536468506,1.0,1.0,0.6940560936927795,0.0
combined_margin,collapsed_plain,29,3-10,192,2.0013601779937744,1.0,1.0,0.7544770836830139,0.0
combined_margin,collapsed_plain,29,3-10,256,2.0189969539642334,1.0,1.0,0.7969300150871277,0.0
combined_margin,collapsed_plain,29,3-10,384,2.004208564758301,1.0,1.0,0.8563643097877502,0.0
combined_margin,collapsed_plain,29,3-10,512,1.9543118476867676,1.0,1.0,0.8983312845230103,0.0
combined_margin,collapsed_plain,29,3-10,768,1.9319700002670288,1.0,1.0,0.9572844505310059,0.0
combined_margin,collapsed_plain,29,3-10,1024,1.9032641649246216,0.9814814925193787,1.0,0.0,0.018518507480621338
combined_margin,collapsed_plain,30,3-10,0,1.186199426651001,0.1071428582072258,0.0,0.0,0.8928571343421936
combined_margin,collapsed_plain,30,3-10,1,1.0457769632339478,0.4642857015132904,0.1666666716337204,0.0,0.5357142686843872
combined_margin,collapsed_plain,30,3-10,2,1.202160120010376,0.5892857313156128,0.3333333432674408,0.0,0.4107142686843872
combined_margin,collapsed_plain,30,3-10,4,1.165700078010559,0.7678571343421936,0.6666666865348816,0.0,0.2321428656578064
combined_margin,collapsed_plain,30,3-10,8,1.588126540184021,1.0,1.0,0.19994372129440308,0.0
combined_margin,collapsed_plain,30,3-10,12,1.8696224689483643,1.0,1.0,0.2999155819416046,0.0
combined_margin,collapsed_plain,30,3-10,16,1.9282891750335693,1.0,1.0,0.35839536786079407,0.0
combined_margin,collapsed_plain,30,3-10,24,1.9545825719833374,1.0,1.0,0.43207117915153503,0.0
combined_margin,collapsed_plain,30,3-10,32,1.964620590209961,1.0,1.0,0.4806002080440521,0.0
combined_margin,collapsed_plain,30,3-10,48,1.978920817375183,1.0,1.0,0.5457895398139954,0.0
combined_margin,collapsed_plain,30,3-10,64,1.9894914627075195,1.0,1.0,0.590522825717926,0.0
combined_margin,collapsed_plain,30,3-10,96,2.013460159301758,1.0,1.0,0.6521726250648499,0.0
combined_margin,collapsed_plain,30,3-10,128,2.030623197555542,1.0,1.0,0.6952239274978638,0.0
combined_margin,collapsed_plain,30,3-10,192,2.0366718769073486,1.0,1.0,0.7552462816238403,0.0
combined_margin,collapsed_plain,30,3-10,256,2.036907434463501,1.0,1.0,0.7975034713745117,0.0
combined_margin,collapsed_plain,30,3-10,384,1.9759812355041504,1.0,1.0,0.8567444086074829,0.0
combined_margin,collapsed_plain,30,3-10,512,1.8467847108840942,1.0,1.0,0.8986155390739441,0.0
combined_margin,collapsed_plain,30,3-10,768,1.6803112030029297,0.875,1.0,0.0,0.125
combined_margin,collapsed_plain,30,3-10,1024,1.5035619735717773,0.7678571343421936,1.0,0.0,0.2321428656578064
combined_margin,collapsed_plain,35,3-10,0,1.186199426651001,0.12068965286016464,0.0,0.0,0.8793103694915771
combined_margin,collapsed_plain,35,3-10,1,1.1089709997177124,0.36206895112991333,0.012048192322254181,0.0,0.6379310488700867
combined_margin,collapsed_plain,35,3-10,2,1.386318325996399,0.517241358757019,0.024096384644508362,0.0,0.48275864124298096
combined_margin,collapsed_plain,35,3-10,4,1.2701467275619507,0.4482758641242981,0.048192769289016724,0.0,0.5517241358757019
combined_margin,collapsed_plain,35,3-10,8,1.0970021486282349,0.6206896305084229,0.09638553857803345,0.0,0.37931036949157715
combined_margin,collapsed_plain,35,3-10,12,1.0196136236190796,0.5517241358757019,0.14457830786705017,0.0,0.4482758641242981
combined_margin,collapsed_plain,35,3-10,16,0.9287694096565247,0.4655172526836395,0.1927710771560669,0.0,0.5344827175140381
combined_margin,collapsed_plain,35,3-10,24,1.0522650480270386,0.3965517282485962,0.28915661573410034,0.0,0.6034482717514038
combined_margin,collapsed_plain,35,3-10,32,0.900496780872345,0.48275861144065857,0.3855421543121338,0.0,0.517241358757019
combined_margin,collapsed_plain,35,3-10,48,0.9664071202278137,0.48275861144065857,0.5783132314682007,0.0,0.517241358757019
combined_margin,collapsed_plain,35,3-10,64,0.9650648236274719,0.4482758641242981,0.7710843086242676,0.0,0.5517241358757019
combined_margin,collapsed_plain,35,3-10,96,1.8930495977401733,1.0,1.0,0.39057910442352295,0.0
combined_margin,collapsed_plain,35,3-10,128,1.9419043064117432,1.0,1.0,0.5553025603294373,0.0
combined_margin,collapsed_plain,35,3-10,192,2.002737522125244,1.0,1.0,0.6792504191398621,0.0
combined_margin,collapsed_plain,35,3-10,256,2.018582820892334,1.0,1.0,0.7449113726615906,0.0
combined_margin,collapsed_plain,35,3-10,384,2.010648012161255,1.0,1.0,0.8240854144096375,0.0
combined_margin,collapsed_plain,35,3-10,512,2.0040552616119385,1.0,1.0,0.8749081492424011,0.0
combined_margin,collapsed_plain,35,3-10,768,2.0096514225006104,1.0,1.0,0.9421514272689819,0.0
combined_margin,collapsed_plain,35,3-10,1024,1.9341591596603394,1.0,1.0,0.9878333210945129,0.0
combined_margin,collapsed_plain,36,11-50,0,1.1861993074417114,0.072727270424366,0.0,0.0,0.9272727370262146
combined_margin,collapsed_plain,36,11-50,1,1.201919674873352,0.5272727012634277,0.20000000298023224,0.0,0.47272729873657227
combined_margin,collapsed_plain,36,11-50,2,1.6318572759628296,0.7090908885002136,0.4000000059604645,0.0,0.2909091114997864
combined_margin,collapsed_plain,36,11-50,4,1.735970377922058,0.9636363387107849,0.800000011920929,0.0,0.03636366128921509
combined_margin,collapsed_plain,36,11-50,8,2.0017426013946533,1.0,1.0,0.23212747275829315,0.0
combined_margin,collapsed_plain,36,11-50,12,2.0421926975250244,1.0,1.0,0.316903293132782,0.0
combined_margin,collapsed_plain,36,11-50,16,2.041698932647705,1.0,1.0,0.3699398338794708,0.0
combined_margin,collapsed_plain,36,11-50,24,2.0336410999298096,1.0,1.0,0.43910813331604004,0.0
combined_margin,collapsed_plain,36,11-50,32,2.0346081256866455,1.0,1.0,0.4856613576412201,0.0
combined_margin,collapsed_plain,36,11-50,48,2.0387017726898193,1.0,1.0,0.5490307807922363,0.0
combined_margin,collapsed_plain,36,11-50,64,2.0450589656829834,1.0,1.0,0.5929068326950073,0.0
combined_margin,collapsed_plain,36,11-50,96,2.0611422061920166,1.0,1.0,0.6537318229675293,0.0
combined_margin,collapsed_plain,36,11-50,128,2.075632095336914,1.0,1.0,0.6963824033737183,0.0
combined_margin,collapsed_plain,36,11-50,192,2.0798122882843018,1.0,1.0,0.756011426448822,0.0
combined_margin,collapsed_plain,36,11-50,256,2.067981481552124,1.0,1.0,0.7980747222900391,0.0
combined_margin,collapsed_plain,36,11-50,384,2.047165632247925,1.0,1.0,0.8571234345436096,0.0
combined_margin,collapsed_plain,36,11-50,512,2.0125815868377686,1.0,1.0,0.8988991379737854,0.0
combined_margin,collapsed_plain,36,11-50,768,1.941042184829712,0.9636363387107849,1.0,0.0,0.03636366128921509
combined_margin,collapsed_plain,36,11-50,1024,1.9075185060501099,0.9272727370262146,1.0,0.0,0.0727272629737854
combined_margin,collapsed_plain,38,11-50,0,1.1861993074417114,0.072727270424366,0.0,0.0,0.9272727370262146
combined_margin,collapsed_plain,38,11-50,1,0.8188876509666443,0.4909090995788574,0.1428571492433548,0.0,0.5090909004211426
combined_margin,collapsed_plain,38,11-50,2,0.9529089331626892,0.6000000238418579,0.2857142984867096,0.0,0.3999999761581421
combined_margin,collapsed_plain,38,11-50,4,1.4488024711608887,0.7818182110786438,0.5714285969734192,0.0,0.2181817889213562
combined_margin,collapsed_plain,38,11-50,8,1.6169847249984741,1.0,1.0,0.158451646566391,0.0
combined_margin,collapsed_plain,38,11-50,12,1.9517995119094849,1.0,1.0,0.28065648674964905,0.0
combined_margin,collapsed_plain,38,11-50,16,2.0063698291778564,1.0,1.0,0.3458458185195923,0.0
combined_margin,collapsed_plain,38,11-50,24,2.0007193088531494,1.0,1.0,0.4246731996536255,0.0
combined_margin,collapsed_plain,38,11-50,32,1.9885457754135132,1.0,1.0,0.475354939699173,0.0
combined_margin,collapsed_plain,38,11-50,48,1.9786229133605957,1.0,1.0,0.5424737930297852,0.0
combined_margin,collapsed_plain,38,11-50,64,1.979758620262146,1.0,1.0,0.5880987644195557,0.0
combined_margin,collapsed_plain,38,11-50,96,1.9980422258377075,1.0,1.0,0.6505963206291199,0.0
combined_margin,collapsed_plain,38,11-50,128,2.010848045349121,1.0,1.0,0.6940560936927795,0.0
combined_margin,collapsed_plain,38,11-50,192,2.035910129547119,1.0,1.0,0.7544770836830139,0.0
combined_margin,collapsed_plain,38,11-50,256,2.049515962600708,1.0,1.0,0.7969300150871277,0.0
combined_margin,collapsed_plain,38,11-50,384,2.055244207382202,1.0,1.0,0.8563643097877502,0.0
combined_margin,collapsed_plain,38,11-50,512,1.991143822669983,1.0,1.0,0.8983312845230103,0.0
combined_margin,collapsed_plain,38,11-50,768,1.7438380718231201,0.9454545378684998,1.0,0.0,0.054545462131500244
combined_margin,collapsed_plain,38,11-50,1024,1.4041781425476074,0.7272727489471436,1.0,0.0,0.27272725105285645
combined_margin,collapsed_plain,41,11-50,0,1.1861993074417114,0.08771929889917374,0.0,0.0,0.9122806787490845
combined_margin,collapsed_plain,41,11-50,1,1.493213415145874,0.5438596606254578,0.25,0.0,0.45614033937454224
combined_margin,collapsed_plain,41,11-50,2,1.7775877714157104,0.719298243522644,0.5,0.0,0.28070175647735596
combined_margin,collapsed_plain,41,11-50,4,1.5811442136764526,1.0,1.0,0.09997186064720154,0.0
combined_margin,collapsed_plain,41,11-50,8,1.9814306497573853,1.0,1.0,0.25842350721359253,0.0
combined_margin,collapsed_plain,41,11-50,12,2.0252232551574707,1.0,1.0,0.3320993185043335,0.0
combined_margin,collapsed_plain,41,11-50,16,2.0331153869628906,1.0,1.0,0.3806283473968506,0.0
combined_margin,collapsed_plain,41,11-50,24,2.040860652923584,1.0,1.0,0.4458176791667938,0.0
combined_margin,collapsed_plain,41,11-50,32,2.042630910873413,1.0,1.0,0.4905509650707245,0.0
combined_margin,collapsed_plain,41,11-50,48,2.040605306625366,1.0,1.0,0.5522007346153259,0.0
combined_margin,collapsed_plain,41,11-50,64,2.0401296615600586,1.0,1.0,0.5952520370483398,0.0
combined_margin,collapsed_plain,41,11-50,96,2.04306960105896,1.0,1.0,0.6552744507789612,0.0
combined_margin,collapsed_plain,41,11-50,128,2.0402514934539795,1.0,1.0,0.6975316405296326,0.0
combined_margin,collapsed_plain,41,11-50,192,2.052504777908325,1.0,1.0,0.756772518157959,0.0
combined_margin,collapsed_plain,41,11-50,256,2.0543856620788574,1.0,1.0,0.7986436486244202,0.0
combined_margin,collapsed_plain,41,11-50,384,1.9870494604110718,1.0,1.0,0.8575015068054199,0.0
combined_margin,collapsed_plain,41,11-50,512,1.899316668510437,1.0,1.0,0.8991822004318237,0.0
combined_margin,collapsed_plain,41,11-50,768,1.8740465641021729,0.9473684430122375,1.0,0.0,0.05263155698776245
combined_margin,collapsed_plain,41,11-50,1024,1.870194435119629,0.9298245906829834,1.0,0.0,0.0701754093170166
combined_margin,collapsed_plain,47,11-50,0,1.186199426651001,0.08771929889917374,0.0,0.0,0.9122806787490845
combined_margin,collapsed_plain,47,11-50,1,1.3510886430740356,0.4035087823867798,0.023255813866853714,0.0,0.5964912176132202
combined_margin,collapsed_plain,47,11-50,2,1.5121510028839111,0.3333333432674408,0.04651162773370743,0.0,0.6666666269302368
combined_margin,collapsed_plain,47,11-50,4,1.4381587505340576,0.15789473056793213,0.09302325546741486,0.0,0.8421052694320679
combined_margin,collapsed_plain,47,11-50,8,1.3173502683639526,0.31578946113586426,0.1860465109348297,0.0,0.6842105388641357
combined_margin,collapsed_plain,47,11-50,12,1.2760788202285767,0.3333333432674408,0.27906978130340576,0.0,0.6666666269302368
combined_margin,collapsed_plain,47,11-50,16,1.2205718755722046,0.3684210479259491,0.3720930218696594,0.0,0.6315789222717285
combined_margin,collapsed_plain,47,11-50,24,1.2485060691833496,0.31578946113586426,0.5581395626068115,0.0,0.6842105388641357
combined_margin,collapsed_plain,47,11-50,32,1.1562188863754272,0.45614033937454224,0.7441860437393188,0.0,0.5438596606254578
combined_margin,collapsed_plain,47,11-50,48,1.838582158088684,1.0,1.0,0.28065648674964905,0.0
combined_margin,collapsed_plain,47,11-50,64,1.9050812721252441,1.0,1.0,0.4522289037704468,0.0
combined_margin,collapsed_plain,47,11-50,96,1.9535319805145264,1.0,1.0,0.5779733061790466,0.0
combined_margin,collapsed_plain,47,11-50,128,1.9827079772949219,1.0,1.0,0.6441130042076111,0.0
combined_margin,collapsed_plain,47,11-50,192,1.9955378770828247,1.0,1.0,0.7236367464065552,0.0
combined_margin,collapsed_plain,47,11-50,256,2.006201982498169,1.0,1.0,0.7746012210845947,0.0
combined_margin,collapsed_plain,47,11-50,384,2.0102384090423584,1.0,1.0,0.8419694304466248,0.0
combined_margin,collapsed_plain,47,11-50,512,1.9332038164138794,1.0,1.0,0.8877084255218506,0.0
combined_margin,collapsed_plain,47,11-50,768,1.664325475692749,0.8771929740905762,1.0,0.0,0.12280702590942383
combined_margin,collapsed_plain,47,11-50,1024,1.388217806816101,0.6666666865348816,1.0,0.0,0.3333333134651184
combined_margin,collapsed_plain,51,51+,0,1.186199426651001,0.08620689809322357,0.0,0.0,0.9137930870056152
combined_margin,collapsed_plain,51,51+,1,0.8225429058074951,0.4482758641242981,0.0833333358168602,0.0,0.5517241358757019
combined_margin,collapsed_plain,51,51+,2,1.3061003684997559,0.5344827771186829,0.1666666716337204,0.0,0.46551722288131714
combined_margin,collapsed_plain,51,51+,4,1.352168321609497,0.7758620977401733,0.3333333432674408,0.0,0.22413790225982666
combined_margin,collapsed_plain,51,51+,8,1.3705052137374878,0.8620689511299133,0.6666666865348816,0.0,0.13793104887008667
combined_margin,collapsed_plain,51,51+,12,1.5318396091461182,1.0,1.0,0.09997186064720154,0.0
combined_margin,collapsed_plain,51,51+,16,1.8550418615341187,1.0,1.0,0.25842350721359253,0.0
combined_margin,collapsed_plain,51,51+,24,1.9229539632797241,1.0,1.0,0.3806283473968506,0.0
combined_margin,collapsed_plain,51,51+,32,1.911238431930542,1.0,1.0,0.4458176791667938,0.0
combined_margin,collapsed_plain,51,51+,48,1.9116499423980713,1.0,1.0,0.5246450304985046,0.0
combined_margin,collapsed_plain,51,51+,64,1.9219597578048706,1.0,1.0,0.5753268003463745,0.0
combined_margin,collapsed_plain,51,51+,96,1.9466201066970825,1.0,1.0,0.6424456238746643,0.0
combined_margin,collapsed_plain,51,51+,128,1.962882161140442,1.0,1.0,0.6880705952644348,0.0
combined_margin,collapsed_plain,51,51+,192,1.9795500040054321,1.0,1.0,0.750568151473999,0.0
combined_margin,collapsed_plain,51,51+,256,1.9934624433517456,1.0,1.0,0.7940279245376587,0.0
combined_margin,collapsed_plain,51,51+,384,1.9946324825286865,1.0,1.0,0.8544489145278931,0.0
combined_margin,collapsed_plain,51,51+,512,1.953246831893921,1.0,1.0,0.8969019055366516,0.0
combined_margin,collapsed_plain,51,51+,768,1.766258716583252,0.982758641242981,1.0,0.0,0.017241358757019043
combined_margin,collapsed_plain,51,51+,1024,1.351948857307434,0.7758620977401733,1.0,0.0,0.22413790225982666
combined_margin,collapsed_plain,52,51+,0,1.186199426651001,0.1071428582072258,0.0,0.0,0.8928571343421936
combined_margin,collapsed_plain,52,51+,1,1.1578010320663452,0.4464285671710968,0.05882352963089943,0.0,0.5535714626312256
combined_margin,collapsed_plain,52,51+,2,1.6210594177246094,0.4821428656578064,0.11764705926179886,0.0,0.5178571343421936
combined_margin,collapsed_plain,52,51+,4,1.4433377981185913,0.5714285969734192,0.23529411852359772,0.0,0.4285714030265808
combined_margin,collapsed_plain,52,51+,8,1.4289793968200684,0.6964285969734192,0.47058823704719543,0.0,0.3035714030265808
combined_margin,collapsed_plain,52,51+,12,1.2591756582260132,0.6964285969734192,0.7058823704719543,0.0,0.3035714030265808
combined_margin,collapsed_plain,52,51+,16,1.1722261905670166,0.9821428656578064,0.9411764740943909,0.0,0.017857134342193604
combined_margin,collapsed_plain,52,51+,24,1.8419393301010132,1.0,1.0,0.316903293132782,0.0
combined_margin,collapsed_plain,52,51+,32,1.8663150072097778,1.0,1.0,0.40863126516342163,0.0
combined_margin,collapsed_plain,52,51+,48,1.8914291858673096,1.0,1.0,0.5042974352836609,0.0
combined_margin,collapsed_plain,52,51+,64,1.9156174659729004,1.0,1.0,0.5613129734992981,0.0
combined_margin,collapsed_plain,52,51+,96,1.953357219696045,1.0,1.0,0.633806586265564,0.0
combined_margin,collapsed_plain,52,51+,128,1.975196123123169,1.0,1.0,0.6818259954452515,0.0
combined_margin,collapsed_plain,52,51+,192,1.964698076248169,1.0,1.0,0.746550440788269,0.0
combined_margin,collapsed_plain,52,51+,256,1.958937644958496,1.0,1.0,0.7910662293434143,0.0
combined_margin,collapsed_plain,52,51+,384,1.9337618350982666,1.0,1.0,0.8525077104568481,0.0
combined_margin,collapsed_plain,52,51+,512,1.8883051872253418,1.0,1.0,0.8954581022262573,0.0
combined_margin,collapsed_plain,52,51+,768,1.7755643129348755,0.9821428656578064,1.0,0.0,0.017857134342193604
combined_margin,collapsed_plain,52,51+,1024,1.7838226556777954,0.9642857313156128,1.0,0.0,0.03571426868438721
combined_margin,collapsed_plain,53,51+,0,1.1861993074417114,0.145454540848732,0.0,0.0,0.8545454740524292
combined_margin,collapsed_plain,53,51+,1,1.4288148880004883,0.5272727012634277,0.20000000298023224,0.0,0.47272729873657227
combined_margin,collapsed_plain,53,51+,2,1.711534023284912,0.6727272868156433,0.4000000059604645,0.0,0.3272727131843567
combined_margin,collapsed_plain,53,51+,4,1.9026964902877808,0.9818181991577148,0.800000011920929,0.0,0.018181800842285156
combined_margin,collapsed_plain,53,51+,8,2.090259313583374,1.0,1.0,0.23212747275829315,0.0
combined_margin,collapsed_plain,53,51+,12,2.11423659324646,1.0,1.0,0.316903293132782,0.0
combined_margin,collapsed_plain,53,51+,16,2.113452911376953,1.0,1.0,0.3699398338794708,0.0
combined_margin,collapsed_plain,53,51+,24,2.1162960529327393,1.0,1.0,0.43910813331604004,0.0
combined_margin,collapsed_plain,53,51+,32,2.1200308799743652,1.0,1.0,0.4856613576412201,0.0
combined_margin,collapsed_plain,53,51+,48,2.1178696155548096,1.0,1.0,0.5490307807922363,0.0
combined_margin,collapsed_plain,53,51+,64,2.1146702766418457,1.0,1.0,0.5929068326950073,0.0
combined_margin,collapsed_plain,53,51+,96,2.1155195236206055,1.0,1.0,0.6537318229675293,0.0
combined_margin,collapsed_plain,53,51+,128,2.1219544410705566,1.0,1.0,0.6963824033737183,0.0
combined_margin,collapsed_plain,53,51+,192,2.1230432987213135,1.0,1.0,0.756011426448822,0.0
combined_margin,collapsed_plain,53,51+,256,2.1403794288635254,1.0,1.0,0.7980747222900391,0.0
combined_margin,collapsed_plain,53,51+,384,2.0802268981933594,1.0,1.0,0.8571234345436096,0.0
combined_margin,collapsed_plain,53,51+,512,2.0097382068634033,1.0,1.0,0.8988991379737854,0.0
combined_margin,collapsed_plain,53,51+,768,1.965286374092102,0.9636363387107849,1.0,0.0,0.03636366128921509
combined_margin,collapsed_plain,53,51+,1024,1.988203763961792,0.9272727370262146,1.0,0.0,0.0727272629737854
combined_margin,collapsed_plain,56,51+,0,1.186199426651001,0.11666666716337204,0.0,0.0,0.8833333253860474
combined_margin,collapsed_plain,56,51+,1,1.289260983467102,0.36666667461395264,0.043478261679410934,0.0,0.6333333253860474
combined_margin,collapsed_plain,56,51+,2,1.3802878856658936,0.5166666507720947,0.08695652335882187,0.0,0.4833333492279053
combined_margin,collapsed_plain,56,51+,4,1.377485990524292,0.5333333611488342,0.17391304671764374,0.0,0.46666663885116577
combined_margin,collapsed_plain,56,51+,8,1.258395791053772,0.5666666626930237,0.3478260934352875,0.0,0.4333333373069763
combined_margin,collapsed_plain,56,51+,12,1.18831205368042,0.6833333373069763,0.52173912525177,0.0,0.3166666626930237
combined_margin,collapsed_plain,56,51+,16,1.177188754081726,0.5,0.695652186870575,0.0,0.5
combined_margin,collapsed_plain,56,51+,24,1.646652102470398,1.0,1.0,0.158451646566391,0.0
combined_margin,collapsed_plain,56,51+,32,1.9183253049850464,1.0,1.0,0.3458458185195923,0.0
combined_margin,collapsed_plain,56,51+,48,1.9318279027938843,1.0,1.0,0.475354939699173,0.0
combined_margin,collapsed_plain,56,51+,64,1.9547832012176514,1.0,1.0,0.5424737930297852,0.0
combined_margin,collapsed_plain,56,51+,96,1.9960819482803345,1.0,1.0,0.6227065920829773,0.0
combined_margin,collapsed_plain,56,51+,128,2.010655403137207,1.0,1.0,0.6739569306373596,0.0
combined_margin,collapsed_plain,56,51+,192,2.0097241401672363,1.0,1.0,0.7415764927864075,0.0
combined_margin,collapsed_plain,56,51+,256,2.0238542556762695,1.0,1.0,0.7874300479888916,0.0
combined_margin,collapsed_plain,56,51+,384,2.0311367511749268,1.0,1.0,0.8501432538032532,0.0
combined_margin,collapsed_plain,56,51+,512,2.004763126373291,1.0,1.0,0.8937063217163086,0.0
combined_margin,collapsed_plain,56,51+,768,1.9367374181747437,0.9666666388511658,1.0,0.0,0.03333336114883423
combined_margin,collapsed_plain,56,51+,1024,1.4927239418029785,0.8166666626930237,1.0,0.0,0.18333333730697632
combined_margin,late_state_ce,1,0,0,-0.8973535299301147,0.12727272510528564,0.0,0.0,0.8727272748947144
combined_margin,late_state_ce,1,0,1,-0.5691202282905579,0.6363636255264282,0.20000000298023224,0.0,0.3636363744735718
combined_margin,late_state_ce,1,0,2,-0.3917503356933594,0.7818182110786438,0.4000000059604645,0.0,0.2181817889213562
combined_margin,late_state_ce,1,0,4,-0.4729057848453522,0.9454545378684998,0.800000011920929,0.0,0.054545462131500244
combined_margin,late_state_ce,1,0,8,-0.15611642599105835,1.0,1.0,0.23212747275829315,0.0
combined_margin,late_state_ce,1,0,12,-0.4899153411388397,1.0,1.0,0.316903293132782,0.0
combined_margin,late_state_ce,1,0,16,-0.6813687086105347,1.0,1.0,0.3699398338794708,0.0
combined_margin,late_state_ce,1,0,24,-0.8488405346870422,1.0,1.0,0.43910813331604004,0.0
combined_margin,late_state_ce,1,0,32,-0.8603667616844177,1.0,1.0,0.4856613576412201,0.0
combined_margin,late_state_ce,1,0,48,-0.82342928647995,1.0,1.0,0.5490307807922363,0.0
combined_margin,late_state_ce,1,0,64,-0.7682725787162781,1.0,1.0,0.5929068326950073,0.0
combined_margin,late_state_ce,1,0,96,-0.6686846613883972,1.0,1.0,0.6537318229675293,0.0
combined_margin,late_state_ce,1,0,128,-0.5876461267471313,1.0,1.0,0.6963824033737183,0.0
combined_margin,late_state_ce,1,0,192,-0.5502215027809143,1.0,1.0,0.756011426448822,0.0
combined_margin,late_state_ce,1,0,256,-0.5424867272377014,1.0,1.0,0.7980747222900391,0.0
combined_margin,late_state_ce,1,0,384,-0.46990346908569336,1.0,1.0,0.8571234345436096,0.0
combined_margin,late_state_ce,1,0,512,-0.4342474341392517,1.0,1.0,0.8988991379737854,0.0
combined_margin,late_state_ce,1,0,768,-0.3703477084636688,1.0,1.0,0.9576619863510132,0.0
combined_margin,late_state_ce,1,0,1024,-0.3265880346298218,1.0,1.0,0.9992954134941101,0.0
combined_margin,late_state_ce,4,0,0,-0.8973535895347595,0.1071428582072258,0.0,0.0,0.8928571343421936
combined_margin,late_state_ce,4,0,1,-0.09329035878181458,0.5357142686843872,0.20000000298023224,0.0,0.4642857313156128
combined_margin,late_state_ce,4,0,2,0.08607131242752075,0.6607142686843872,0.4000000059604645,0.0,0.3392857313156128
combined_margin,late_state_ce,4,0,4,0.10446763783693314,0.9107142686843872,0.800000011920929,0.0,0.08928573131561279
combined_margin,late_state_ce,4,0,8,0.1924222856760025,1.0,1.0,0.23212747275829315,0.0
combined_margin,late_state_ce,4,0,12,-0.230824813246727,1.0,1.0,0.316903293132782,0.0
combined_margin,late_state_ce,4,0,16,-0.4510518014431,1.0,1.0,0.3699398338794708,0.0
combined_margin,late_state_ce,4,0,24,-0.6788153052330017,1.0,1.0,0.43910813331604004,0.0
combined_margin,late_state_ce,4,0,32,-0.7407839298248291,1.0,1.0,0.4856613576412201,0.0
combined_margin,late_state_ce,4,0,48,-0.648254930973053,1.0,1.0,0.5490307807922363,0.0
combined_margin,late_state_ce,4,0,64,-0.5155680775642395,1.0,1.0,0.5929068326950073,0.0
combined_margin,late_state_ce,4,0,96,-0.4239680767059326,1.0,1.0,0.6537318229675293,0.0
combined_margin,late_state_ce,4,0,128,-0.34645673632621765,1.0,1.0,0.6963824033737183,0.0
combined_margin,late_state_ce,4,0,192,-0.29365089535713196,1.0,1.0,0.756011426448822,0.0
combined_margin,late_state_ce,4,0,256,-0.3231653571128845,1.0,1.0,0.7980747222900391,0.0
combined_margin,late_state_ce,4,0,384,-0.30745038390159607,1.0,1.0,0.8571234345436096,0.0
combined_margin,late_state_ce,4,0,512,-0.3030564486980438,1.0,1.0,0.8988991379737854,0.0
combined_margin,late_state_ce,4,0,768,-0.26935529708862305,1.0,1.0,0.9576619863510132,0.0
combined_margin,late_state_ce,4,0,1024,-0.24542352557182312,1.0,1.0,0.9992954134941101,0.0
combined_margin,late_state_ce,8,0,0,-0.8973535299301147,0.09090909361839294,0.0,0.0,0.9090908765792847
combined_margin,late_state_ce,8,0,1,-0.5382608771324158,0.6181818246841431,0.20000000298023224,0.0,0.38181817531585693
combined_margin,late_state_ce,8,0,2,-0.47150057554244995,0.7454545497894287,0.4000000059604645,0.0,0.2545454502105713
combined_margin,late_state_ce,8,0,4,-0.2581593692302704,0.9454545378684998,0.800000011920929,0.0,0.054545462131500244
combined_margin,late_state_ce,8,0,8,0.11229343712329865,1.0,1.0,0.23212747275829315,0.0
combined_margin,late_state_ce,8,0,12,-0.2984520494937897,1.0,1.0,0.316903293132782,0.0
combined_margin,late_state_ce,8,0,16,-0.5222784876823425,1.0,1.0,0.3699398338794708,0.0
combined_margin,late_state_ce,8,0,24,-0.742009699344635,1.0,1.0,0.43910813331604004,0.0
combined_margin,late_state_ce,8,0,32,-0.8268120884895325,1.0,1.0,0.4856613576412201,0.0
combined_margin,late_state_ce,8,0,48,-0.7865587472915649,1.0,1.0,0.5490307807922363,0.0
combined_margin,late_state_ce,8,0,64,-0.5502533912658691,1.0,1.0,0.5929068326950073,0.0
combined_margin,late_state_ce,8,0,96,-0.3680826425552368,1.0,1.0,0.6537318229675293,0.0
combined_margin,late_state_ce,8,0,128,-0.35264983773231506,1.0,1.0,0.6963824033737183,0.0
combined_margin,late_state_ce,8,0,192,-0.33636370301246643,1.0,1.0,0.756011426448822,0.0
combined_margin,late_state_ce,8,0,256,-0.28796330094337463,1.0,1.0,0.7980747222900391,0.0
combined_margin,late_state_ce,8,0,384,-0.21325147151947021,1.0,1.0,0.8571234345436096,0.0
combined_margin,late_state_ce,8,0,512,-0.27385014295578003,1.0,1.0,0.8988991379737854,0.0
combined_margin,late_state_ce,8,0,768,-0.40156471729278564,1.0,1.0,0.9576619863510132,0.0
combined_margin,late_state_ce,8,0,1024,-0.3498472571372986,1.0,1.0,0.9992954134941101,0.0
combined_margin,late_state_ce,9,0,0,-0.8973535299301147,0.1111111119389534,0.0,0.0,0.8888888955116272
combined_margin,late_state_ce,9,0,1,-0.3018428683280945,0.5370370149612427,0.1428571492433548,0.0,0.4629629850387573
combined_margin,late_state_ce,9,0,2,-0.19922639429569244,0.7222222089767456,0.2857142984867096,0.0,0.2777777910232544
combined_margin,late_state_ce,9,0,4,-0.2215159386396408,0.6851851940155029,0.5714285969734192,0.0,0.31481480598449707
combined_margin,late_state_ce,9,0,8,0.1453748345375061,1.0,1.0,0.158451646566391,0.0
combined_margin,late_state_ce,9,0,12,-0.2224426120519638,1.0,1.0,0.28065648674964905,0.0
combined_margin,late_state_ce,9,0,16,-0.4517058730125427,1.0,1.0,0.3458458185195923,0.0
combined_margin,late_state_ce,9,0,24,-0.6721077561378479,1.0,1.0,0.4246731996536255,0.0
combined_margin,late_state_ce,9,0,32,-0.7510861158370972,1.0,1.0,0.475354939699173,0.0
combined_margin,late_state_ce,9,0,48,-0.6594683527946472,1.0,1.0,0.5424737930297852,0.0
combined_margin,late_state_ce,9,0,64,-0.5497666597366333,1.0,1.0,0.5880987644195557,0.0
combined_margin,late_state_ce,9,0,96,-0.5052679181098938,1.0,1.0,0.6505963206291199,0.0
combined_margin,late_state_ce,9,0,128,-0.4526910185813904,1.0,1.0,0.6940560936927795,0.0
combined_margin,late_state_ce,9,0,192,-0.37412887811660767,1.0,1.0,0.7544770836830139,0.0
combined_margin,late_state_ce,9,0,256,-0.33106985688209534,1.0,1.0,0.7969300150871277,0.0
combined_margin,late_state_ce,9,0,384,-0.32803305983543396,1.0,1.0,0.8563643097877502,0.0
combined_margin,late_state_ce,9,0,512,-0.28979694843292236,1.0,1.0,0.8983312845230103,0.0
combined_margin,late_state_ce,9,0,768,-0.24198035895824432,1.0,1.0,0.9572844505310059,0.0
combined_margin,late_state_ce,9,0,1024,-0.1931396722793579,1.0,1.0,0.9990125894546509,0.0
combined_margin,late_state_ce,12,1-2,0,-0.8973535299301147,0.12727272510528564,0.0,0.0,0.8727272748947144
combined_margin,late_state_ce,12,1-2,1,-0.4805050790309906,0.5454545617103577,0.20000000298023224,0.0,0.45454543828964233
combined_margin,late_state_ce,12,1-2,2,-0.23294125497341156,0.6727272868156433,0.4000000059604645,0.0,0.3272727131843567
combined_margin,late_state_ce,12,1-2,4,-0.2288779318332672,0.8909090757369995,0.800000011920929,0.0,0.10909092426300049
combined_margin,late_state_ce,12,1-2,8,0.10978105664253235,1.0,1.0,0.23212747275829315,0.0
combined_margin,late_state_ce,12,1-2,12,-0.3090418875217438,1.0,1.0,0.316903293132782,0.0
combined_margin,late_state_ce,12,1-2,16,-0.5510511994361877,1.0,1.0,0.3699398338794708,0.0
combined_margin,late_state_ce,12,1-2,24,-0.7945038676261902,1.0,1.0,0.43910813331604004,0.0
combined_margin,late_state_ce,12,1-2,32,-0.8542799353599548,1.0,1.0,0.4856613576412201,0.0
combined_margin,late_state_ce,12,1-2,48,-0.7893732190132141,1.0,1.0,0.5490307807922363,0.0
combined_margin,late_state_ce,12,1-2,64,-0.60025554895401,1.0,1.0,0.5929068326950073,0.0
combined_margin,late_state_ce,12,1-2,96,-0.4301435649394989,1.0,1.0,0.6537318229675293,0.0
combined_margin,late_state_ce,12,1-2,128,-0.28278669714927673,1.0,1.0,0.6963824033737183,0.0
combined_margin,late_state_ce,12,1-2,192,-0.2344476878643036,1.0,1.0,0.756011426448822,0.0
combined_margin,late_state_ce,12,1-2,256,-0.22833092510700226,1.0,1.0,0.7980747222900391,0.0
combined_margin,late_state_ce,12,1-2,384,-0.2330167442560196,1.0,1.0,0.8571234345436096,0.0
combined_margin,late_state_ce,12,1-2,512,-0.26757121086120605,1.0,1.0,0.8988991379737854,0.0
combined_margin,late_state_ce,12,1-2,768,-0.36152541637420654,1.0,1.0,0.9576619863510132,0.0
combined_margin,late_state_ce,12,1-2,1024,-0.37782302498817444,1.0,1.0,0.9992954134941101,0.0
combined_margin,late_state_ce,13,1-2,0,-0.8973536491394043,0.1090909093618393,0.0,0.0,0.8909090757369995
combined_margin,late_state_ce,13,1-2,1,-0.5841790437698364,0.5636363625526428,0.03703703731298447,0.0,0.4363636374473572
combined_margin,late_state_ce,13,1-2,2,-0.3243914544582367,0.5636363625526428,0.07407407462596893,0.0,0.4363636374473572
combined_margin,late_state_ce,13,1-2,4,-0.12941314280033112,0.6727272868156433,0.14814814925193787,0.0,0.3272727131843567
combined_margin,late_state_ce,13,1-2,8,-0.24469366669654846,0.6727272868156433,0.29629629850387573,0.0,0.3272727131843567
combined_margin,late_state_ce,13,1-2,12,-0.1836063116788864,0.6000000238418579,0.4444444477558136,0.0,0.3999999761581421
combined_margin,late_state_ce,13,1-2,16,-0.2765555679798126,0.6000000238418579,0.5925925970077515,0.0,0.3999999761581421
combined_margin,late_state_ce,13,1-2,24,-0.30970942974090576,0.7090908885002136,0.8888888955116272,0.0,0.2909091114997864
combined_margin,late_state_ce,13,1-2,32,-0.2577703893184662,1.0,1.0,0.28065648674964905,0.0
combined_margin,late_state_ce,13,1-2,48,-0.8619917631149292,1.0,1.0,0.4522289037704468,0.0
combined_margin,late_state_ce,13,1-2,64,-0.8613799810409546,1.0,1.0,0.5283914804458618,0.0
combined_margin,late_state_ce,13,1-2,96,-0.7684109210968018,1.0,1.0,0.6148016452789307,0.0
combined_margin,late_state_ce,13,1-2,128,-0.6867344975471497,1.0,1.0,0.6684618592262268,0.0
combined_margin,late_state_ce,13,1-2,192,-0.516528308391571,1.0,1.0,0.738162636756897,0.0
combined_margin,late_state_ce,13,1-2,256,-0.4292595088481903,1.0,1.0,0.7849539518356323,0.0
combined_margin,late_state_ce,13,1-2,384,-0.4506952464580536,1.0,1.0,0.8485451340675354,0.0
combined_margin,late_state_ce,13,1-2,512,-0.3790673613548279,1.0,1.0,0.8925265073776245,0.0
combined_margin,late_state_ce,13,1-2,768,-0.2622453570365906,1.0,1.0,0.9534534215927124,0.0
combined_margin,late_state_ce,13,1-2,1024,-0.1674964278936386,1.0,1.0,0.996153712272644,0.0
combined_margin,late_state_ce,20,1-2,0,-0.8973535895347595,0.125,0.0,0.0,0.875
combined_margin,late_state_ce,20,1-2,1,-0.23842057585716248,0.5892857313156128,0.1666666716337204,0.0,0.4107142686843872
combined_margin,late_state_ce,20,1-2,2,0.0089269345626235,0.6607142686843872,0.3333333432674408,0.0,0.3392857313156128
combined_margin,late_state_ce,20,1-2,4,0.09963882714509964,0.875,0.6666666865348816,0.0,0.125
combined_margin,late_state_ce,20,1-2,8,0.29693323373794556,1.0,1.0,0.19994372129440308,0.0
combined_margin,late_state_ce,20,1-2,12,-0.18448755145072937,1.0,1.0,0.2999155819416046,0.0
combined_margin,late_state_ce,20,1-2,16,-0.43300074338912964,1.0,1.0,0.35839536786079407,0.0
combined_margin,late_state_ce,20,1-2,24,-0.6723501682281494,1.0,1.0,0.43207117915153503,0.0
combined_margin,late_state_ce,20,1-2,32,-0.7301986217498779,1.0,1.0,0.4806002080440521,0.0
combined_margin,late_state_ce,20,1-2,48,-0.6769405603408813,1.0,1.0,0.5457895398139954,0.0
combined_margin,late_state_ce,20,1-2,64,-0.45207610726356506,1.0,1.0,0.590522825717926,0.0
combined_margin,late_state_ce,20,1-2,96,-0.27336472272872925,1.0,1.0,0.6521726250648499,0.0
combined_margin,late_state_ce,20,1-2,128,-0.21117372810840607,1.0,1.0,0.6952239274978638,0.0
combined_margin,late_state_ce,20,1-2,192,-0.16550688445568085,1.0,1.0,0.7552462816238403,0.0
combined_margin,late_state_ce,20,1-2,256,-0.17806914448738098,1.0,1.0,0.7975034713745117,0.0
combined_margin,late_state_ce,20,1-2,384,-0.1646570861339569,1.0,1.0,0.8567444086074829,0.0
combined_margin,late_state_ce,20,1-2,512,-0.21837463974952698,1.0,1.0,0.8986155390739441,0.0
combined_margin,late_state_ce,20,1-2,768,-0.24855558574199677,1.0,1.0,0.9574733972549438,0.0
combined_margin,late_state_ce,20,1-2,1024,-0.24499207735061646,1.0,1.0,0.9991540908813477,0.0
combined_margin,late_state_ce,22,1-2,0,-0.8973535299301147,0.09375,0.0,0.0,0.90625
combined_margin,late_state_ce,22,1-2,1,-0.33978259563446045,0.40625,0.1666666716337204,0.0,0.59375
combined_margin,late_state_ce,22,1-2,2,-0.17337967455387115,0.5625,0.3333333432674408,0.0,0.4375
combined_margin,late_state_ce,22,1-2,4,-0.06335380673408508,0.859375,0.6666666865348816,0.0,0.140625
combined_margin,late_state_ce,22,1-2,8,0.5080467462539673,1.0,1.0,0.19994372129440308,0.0
combined_margin,late_state_ce,22,1-2,12,0.061144035309553146,1.0,1.0,0.2999155819416046,0.0
combined_margin,late_state_ce,22,1-2,16,-0.24048921465873718,1.0,1.0,0.35839536786079407,0.0
combined_margin,late_state_ce,22,1-2,24,-0.601055383682251,1.0,1.0,0.43207117915153503,0.0
combined_margin,late_state_ce,22,1-2,32,-0.7592126727104187,1.0,1.0,0.4806002080440521,0.0
combined_margin,late_state_ce,22,1-2,48,-0.6426853537559509,1.0,1.0,0.5457895398139954,0.0
combined_margin,late_state_ce,22,1-2,64,-0.4522193968296051,1.0,1.0,0.590522825717926,0.0
combined_margin,late_state_ce,22,1-2,96,-0.2957848906517029,1.0,1.0,0.6521726250648499,0.0
combined_margin,late_state_ce,22,1-2,128,-0.27288779616355896,1.0,1.0,0.6952239274978638,0.0
combined_margin,late_state_ce,22,1-2,192,-0.16693530976772308,1.0,1.0,0.7552462816238403,0.0
combined_margin,late_state_ce,22,1-2,256,-0.21407769620418549,1.0,1.0,0.7975034713745117,0.0
combined_margin,late_state_ce,22,1-2,384,-0.2020566165447235,1.0,1.0,0.8567444086074829,0.0
combined_margin,late_state_ce,22,1-2,512,-0.15330711007118225,1.0,1.0,0.8986155390739441,0.0
combined_margin,late_state_ce,22,1-2,768,-0.16717815399169922,1.0,1.0,0.9574733972549438,0.0
combined_margin,late_state_ce,22,1-2,1024,-0.14865566790103912,1.0,1.0,0.9991540908813477,0.0
combined_margin,late_state_ce,27,3-10,0,-0.8973535895347595,0.072727270424366,0.0,0.0,0.9272727370262146
combined_margin,late_state_ce,27,3-10,1,-0.5300120711326599,0.581818163394928,0.20000000298023224,0.0,0.418181836605072
combined_margin,late_state_ce,27,3-10,2,-0.40450310707092285,0.6545454263687134,0.4000000059604645,0.0,0.3454545736312866
combined_margin,late_state_ce,27,3-10,4,-0.24191752076148987,0.8727272748947144,0.800000011920929,0.0,0.12727272510528564
combined_margin,late_state_ce,27,3-10,8,0.21403037011623383,1.0,1.0,0.23212747275829315,0.0
combined_margin,late_state_ce,27,3-10,12,-0.25526314973831177,1.0,1.0,0.316903293132782,0.0
combined_margin,late_state_ce,27,3-10,16,-0.5172801613807678,1.0,1.0,0.3699398338794708,0.0
combined_margin,late_state_ce,27,3-10,24,-0.7642129063606262,1.0,1.0,0.43910813331604004,0.0
combined_margin,late_state_ce,27,3-10,32,-0.8266854286193848,1.0,1.0,0.4856613576412201,0.0
combined_margin,late_state_ce,27,3-10,48,-0.7221829295158386,1.0,1.0,0.5490307807922363,0.0
combined_margin,late_state_ce,27,3-10,64,-0.5762766599655151,1.0,1.0,0.5929068326950073,0.0
combined_margin,late_state_ce,27,3-10,96,-0.507374107837677,1.0,1.0,0.6537318229675293,0.0
combined_margin,late_state_ce,27,3-10,128,-0.457568496465683,1.0,1.0,0.6963824033737183,0.0
combined_margin,late_state_ce,27,3-10,192,-0.44356226921081543,1.0,1.0,0.756011426448822,0.0
combined_margin,late_state_ce,27,3-10,256,-0.4540145993232727,1.0,1.0,0.7980747222900391,0.0
combined_margin,late_state_ce,27,3-10,384,-0.4218645691871643,1.0,1.0,0.8571234345436096,0.0
combined_margin,late_state_ce,27,3-10,512,-0.36109864711761475,1.0,1.0,0.8988991379737854,0.0
combined_margin,late_state_ce,27,3-10,768,-0.2912481427192688,1.0,1.0,0.9576619863510132,0.0
combined_margin,late_state_ce,27,3-10,1024,-0.21212083101272583,1.0,1.0,0.9992954134941101,0.0
combined_margin,late_state_ce,29,3-10,0,-0.8973535299301147,0.07407407462596893,0.0,0.0,0.9259259104728699
combined_margin,late_state_ce,29,3-10,1,-0.2593948245048523,0.4444444477558136,0.1666666716337204,0.0,0.5555555820465088
combined_margin,late_state_ce,29,3-10,2,0.26857510209083557,0.6111111044883728,0.3333333432674408,0.0,0.3888888955116272
combined_margin,late_state_ce,29,3-10,4,-0.011699612252414227,0.7592592835426331,0.6666666865348816,0.0,0.24074071645736694
combined_margin,late_state_ce,29,3-10,8,0.2464168667793274,1.0,1.0,0.19994372129440308,0.0
combined_margin,late_state_ce,29,3-10,12,-0.013147321529686451,1.0,1.0,0.2999155819416046,0.0
combined_margin,late_state_ce,29,3-10,16,-0.2596856355667114,1.0,1.0,0.35839536786079407,0.0
combined_margin,late_state_ce,29,3-10,24,-0.5787519216537476,1.0,1.0,0.43207117915153503,0.0
combined_margin,late_state_ce,29,3-10,32,-0.7336980104446411,1.0,1.0,0.4806002080440521,0.0
combined_margin,late_state_ce,29,3-10,48,-0.5870559811592102,1.0,1.0,0.5457895398139954,0.0
combined_margin,late_state_ce,29,3-10,64,-0.31770947575569153,1.0,1.0,0.590522825717926,0.0
combined_margin,late_state_ce,29,3-10,96,-0.22771210968494415,1.0,1.0,0.6521726250648499,0.0
combined_margin,late_state_ce,29,3-10,128,-0.22411474585533142,1.0,1.0,0.6952239274978638,0.0
combined_margin,late_state_ce,29,3-10,192,-0.2186010479927063,1.0,1.0,0.7552462816238403,0.0
combined_margin,late_state_ce,29,3-10,256,-0.20176514983177185,1.0,1.0,0.7975034713745117,0.0
combined_margin,late_state_ce,29,3-10,384,-0.18024806678295135,1.0,1.0,0.8567444086074829,0.0
combined_margin,late_state_ce,29,3-10,512,-0.10401804000139236,1.0,1.0,0.8986155390739441,0.0
combined_margin,late_state_ce,29,3-10,768,-0.02831553854048252,1.0,1.0,0.9574733972549438,0.0
combined_margin,late_state_ce,29,3-10,1024,-0.0417473129928112,1.0,1.0,0.9991540908813477,0.0
combined_margin,late_state_ce,30,3-10,0,-0.8973535895347595,0.1071428582072258,0.0,0.0,0.8928571343421936
combined_margin,late_state_ce,30,3-10,1,-0.5566965341567993,0.4464285671710968,0.1666666716337204,0.0,0.5535714626312256
combined_margin,late_state_ce,30,3-10,2,-0.3434947431087494,0.6428571343421936,0.3333333432674408,0.0,0.3571428656578064
combined_margin,late_state_ce,30,3-10,4,-0.08069571107625961,0.7142857313156128,0.6666666865348816,0.0,0.2857142686843872
combined_margin,late_state_ce,30,3-10,8,0.5255492925643921,1.0,1.0,0.19994372129440308,0.0
combined_margin,late_state_ce,30,3-10,12,-0.04100266844034195,1.0,1.0,0.2999155819416046,0.0
combined_margin,late_state_ce,30,3-10,16,-0.34395819902420044,1.0,1.0,0.35839536786079407,0.0
combined_margin,late_state_ce,30,3-10,24,-0.6873658299446106,1.0,1.0,0.43207117915153503,0.0
combined_margin,late_state_ce,30,3-10,32,-0.8088071942329407,1.0,1.0,0.4806002080440521,0.0
combined_margin,late_state_ce,30,3-10,48,-0.6725760102272034,1.0,1.0,0.5457895398139954,0.0
combined_margin,late_state_ce,30,3-10,64,-0.5382565259933472,1.0,1.0,0.590522825717926,0.0
combined_margin,late_state_ce,30,3-10,96,-0.4385722279548645,1.0,1.0,0.6521726250648499,0.0
combined_margin,late_state_ce,30,3-10,128,-0.36525896191596985,1.0,1.0,0.6952239274978638,0.0
combined_margin,late_state_ce,30,3-10,192,-0.3302076756954193,1.0,1.0,0.7552462816238403,0.0
combined_margin,late_state_ce,30,3-10,256,-0.31979823112487793,1.0,1.0,0.7975034713745117,0.0
combined_margin,late_state_ce,30,3-10,384,-0.29062125086784363,1.0,1.0,0.8567444086074829,0.0
combined_margin,late_state_ce,30,3-10,512,-0.22533179819583893,1.0,1.0,0.8986155390739441,0.0
combined_margin,late_state_ce,30,3-10,768,-0.09756160527467728,1.0,1.0,0.9574733972549438,0.0
combined_margin,late_state_ce,30,3-10,1024,-0.04986603558063507,1.0,1.0,0.9991540908813477,0.0
combined_margin,late_state_ce,35,3-10,0,-0.8973535299301147,0.08620689809322357,0.0,0.0,0.9137930870056152
combined_margin,late_state_ce,35,3-10,1,-0.5753196477890015,0.3965517282485962,0.07692307978868484,0.0,0.6034482717514038
combined_margin,late_state_ce,35,3-10,2,-0.36600419878959656,0.5,0.1538461595773697,0.0,0.5
combined_margin,late_state_ce,35,3-10,4,-0.27665990591049194,0.48275861144065857,0.3076923191547394,0.0,0.517241358757019
combined_margin,late_state_ce,35,3-10,8,-0.23735108971595764,0.6551724076271057,0.6153846383094788,0.0,0.3448275923728943
combined_margin,late_state_ce,35,3-10,12,-0.1821494698524475,0.8103448152542114,0.9230769276618958,0.0,0.18965518474578857
combined_margin,late_state_ce,35,3-10,16,0.4317353367805481,1.0,1.0,0.23212747275829315,0.0
combined_margin,late_state_ce,35,3-10,24,-0.31321293115615845,1.0,1.0,0.3699398338794708,0.0
combined_margin,late_state_ce,35,3-10,32,-0.5877746939659119,1.0,1.0,0.43910813331604004,0.0
combined_margin,late_state_ce,35,3-10,48,-0.6105940937995911,1.0,1.0,0.5207987427711487,0.0
combined_margin,late_state_ce,35,3-10,64,-0.5378121137619019,1.0,1.0,0.5726308226585388,0.0
combined_margin,late_state_ce,35,3-10,96,-0.5027599930763245,1.0,1.0,0.6407586932182312,0.0
combined_margin,late_state_ce,35,3-10,128,-0.45590221881866455,1.0,1.0,0.6868431568145752,0.0
combined_margin,late_state_ce,35,3-10,192,-0.438932865858078,1.0,1.0,0.7497735023498535,0.0
combined_margin,late_state_ce,35,3-10,256,-0.4576655924320221,1.0,1.0,0.7934404611587524,0.0
combined_margin,late_state_ce,35,3-10,384,-0.42176875472068787,1.0,1.0,0.8540627360343933,0.0
combined_margin,late_state_ce,35,3-10,512,-0.41317203640937805,1.0,1.0,0.8966143131256104,0.0
combined_margin,late_state_ce,35,3-10,768,-0.3077867329120636,1.0,1.0,0.9561457633972168,0.0
combined_margin,late_state_ce,35,3-10,1024,-0.2411036491394043,1.0,1.0,0.9981608390808105,0.0
combined_margin,late_state_ce,36,11-50,0,-0.8973535299301147,0.09090909361839294,0.0,0.0,0.9090908765792847
combined_margin,late_state_ce,36,11-50,1,-0.5694536566734314,0.5090909004211426,0.20000000298023224,0.0,0.4909090995788574
combined_margin,late_state_ce,36,11-50,2,-0.15131664276123047,0.6909090876579285,0.4000000059604645,0.0,0.30909091234207153
combined_margin,late_state_ce,36,11-50,4,-0.38958364725112915,0.9272727370262146,0.800000011920929,0.0,0.0727272629737854
combined_margin,late_state_ce,36,11-50,8,0.01669076271355152,1.0,1.0,0.23212747275829315,0.0
combined_margin,late_state_ce,36,11-50,12,-0.30647751688957214,1.0,1.0,0.316903293132782,0.0
combined_margin,late_state_ce,36,11-50,16,-0.5013418793678284,1.0,1.0,0.3699398338794708,0.0
combined_margin,late_state_ce,36,11-50,24,-0.709591269493103,1.0,1.0,0.43910813331604004,0.0
combined_margin,late_state_ce,36,11-50,32,-0.794893741607666,1.0,1.0,0.4856613576412201,0.0
combined_margin,late_state_ce,36,11-50,48,-0.7732404470443726,1.0,1.0,0.5490307807922363,0.0
combined_margin,late_state_ce,36,11-50,64,-0.6246726512908936,1.0,1.0,0.5929068326950073,0.0
combined_margin,late_state_ce,36,11-50,96,-0.4557543098926544,1.0,1.0,0.6537318229675293,0.0
combined_margin,late_state_ce,36,11-50,128,-0.3978332579135895,1.0,1.0,0.6963824033737183,0.0
combined_margin,late_state_ce,36,11-50,192,-0.3676237463951111,1.0,1.0,0.756011426448822,0.0
combined_margin,late_state_ce,36,11-50,256,-0.38154032826423645,1.0,1.0,0.7980747222900391,0.0
combined_margin,late_state_ce,36,11-50,384,-0.3687971532344818,1.0,1.0,0.8571234345436096,0.0
combined_margin,late_state_ce,36,11-50,512,-0.3275696039199829,1.0,1.0,0.8988991379737854,0.0
combined_margin,late_state_ce,36,11-50,768,-0.23241150379180908,1.0,1.0,0.9576619863510132,0.0
combined_margin,late_state_ce,36,11-50,1024,-0.1558404415845871,1.0,1.0,0.9992954134941101,0.0
combined_margin,late_state_ce,38,11-50,0,-0.8973536491394043,0.1090909093618393,0.0,0.0,0.8909090757369995
combined_margin,late_state_ce,38,11-50,1,-0.10685917735099792,0.4909090995788574,0.1666666716337204,0.0,0.5090909004211426
combined_margin,late_state_ce,38,11-50,2,0.3357738256454468,0.6363636255264282,0.3333333432674408,0.0,0.3636363744735718
combined_margin,late_state_ce,38,11-50,4,0.01575424335896969,0.8181818127632141,0.6666666865348816,0.0,0.1818181872367859
combined_margin,late_state_ce,38,11-50,8,0.3754856586456299,1.0,1.0,0.19994372129440308,0.0
combined_margin,late_state_ce,38,11-50,12,-0.005230867303907871,1.0,1.0,0.2999155819416046,0.0
combined_margin,late_state_ce,38,11-50,16,-0.24849411845207214,1.0,1.0,0.35839536786079407,0.0
combined_margin,late_state_ce,38,11-50,24,-0.5248015522956848,1.0,1.0,0.43207117915153503,0.0
combined_margin,late_state_ce,38,11-50,32,-0.6254556179046631,1.0,1.0,0.4806002080440521,0.0
combined_margin,late_state_ce,38,11-50,48,-0.34407758712768555,1.0,1.0,0.5457895398139954,0.0
combined_margin,late_state_ce,38,11-50,64,-0.19605493545532227,1.0,1.0,0.590522825717926,0.0
combined_margin,late_state_ce,38,11-50,96,-0.0892799124121666,1.0,1.0,0.6521726250648499,0.0
combined_margin,late_state_ce,38,11-50,128,-0.08596757054328918,1.0,1.0,0.6952239274978638,0.0
combined_margin,late_state_ce,38,11-50,192,-0.1266055554151535,1.0,1.0,0.7552462816238403,0.0
combined_margin,late_state_ce,38,11-50,256,-0.15824998915195465,1.0,1.0,0.7975034713745117,0.0
combined_margin,late_state_ce,38,11-50,384,-0.10844667255878448,1.0,1.0,0.8567444086074829,0.0
combined_margin,late_state_ce,38,11-50,512,-0.08243626356124878,1.0,1.0,0.8986155390739441,0.0
combined_margin,late_state_ce,38,11-50,768,-0.09090382605791092,1.0,1.0,0.9574733972549438,0.0
combined_margin,late_state_ce,38,11-50,1024,-0.10519217699766159,1.0,1.0,0.9991540908813477,0.0
combined_margin,late_state_ce,41,11-50,0,-0.8973535299301147,0.08771929889917374,0.0,0.0,0.9122806787490845
combined_margin,late_state_ce,41,11-50,1,-0.6315706372261047,0.5438596606254578,0.25,0.0,0.45614033937454224
combined_margin,late_state_ce,41,11-50,2,-0.1987721472978592,0.7894737124443054,0.5,0.0,0.21052628755569458
combined_margin,late_state_ce,41,11-50,4,-0.15942785143852234,1.0,1.0,0.09997186064720154,0.0
combined_margin,late_state_ce,41,11-50,8,0.013422038406133652,1.0,1.0,0.25842350721359253,0.0
combined_margin,late_state_ce,41,11-50,12,-0.3351263999938965,1.0,1.0,0.3320993185043335,0.0
combined_margin,late_state_ce,41,11-50,16,-0.5389123558998108,1.0,1.0,0.3806283473968506,0.0
combined_margin,late_state_ce,41,11-50,24,-0.7353631854057312,1.0,1.0,0.4458176791667938,0.0
combined_margin,late_state_ce,41,11-50,32,-0.7706873416900635,1.0,1.0,0.4905509650707245,0.0
combined_margin,late_state_ce,41,11-50,48,-0.6571365594863892,1.0,1.0,0.5522007346153259,0.0
combined_margin,late_state_ce,41,11-50,64,-0.5042575597763062,1.0,1.0,0.5952520370483398,0.0
combined_margin,late_state_ce,41,11-50,96,-0.42220884561538696,1.0,1.0,0.6552744507789612,0.0
combined_margin,late_state_ce,41,11-50,128,-0.35900604724884033,1.0,1.0,0.6975316405296326,0.0
combined_margin,late_state_ce,41,11-50,192,-0.2693573534488678,1.0,1.0,0.756772518157959,0.0
combined_margin,late_state_ce,41,11-50,256,-0.2811470627784729,1.0,1.0,0.7986436486244202,0.0
combined_margin,late_state_ce,41,11-50,384,-0.2977074980735779,1.0,1.0,0.8575015068054199,0.0
combined_margin,late_state_ce,41,11-50,512,-0.2924545109272003,1.0,1.0,0.8991822004318237,0.0
combined_margin,late_state_ce,41,11-50,768,-0.3370800316333771,1.0,1.0,0.9578503966331482,0.0
combined_margin,late_state_ce,41,11-50,1024,-0.31484857201576233,1.0,1.0,0.999436616897583,0.0
combined_margin,late_state_ce,47,11-50,0,-0.8973535299301147,0.08771929889917374,0.0,0.0,0.9122806787490845
combined_margin,late_state_ce,47,11-50,1,-0.5595541596412659,0.4385964870452881,0.014925372786819935,0.0,0.5614035129547119
combined_margin,late_state_ce,47,11-50,2,-0.380275160074234,0.4035087823867798,0.02985074557363987,0.0,0.5964912176132202
combined_margin,late_state_ce,47,11-50,4,-0.0650877133011818,0.3684210479259491,0.05970149114727974,0.0,0.6315789222717285
combined_margin,late_state_ce,47,11-50,8,0.03607240691781044,0.2982456088066101,0.11940298229455948,0.0,0.7017543911933899
combined_margin,late_state_ce,47,11-50,12,0.05068138614296913,0.4035087823867798,0.17910447716712952,0.0,0.5964912176132202
combined_margin,late_state_ce,47,11-50,16,0.15405099093914032,0.5614035129547119,0.23880596458911896,0.0,0.4385964870452881
combined_margin,late_state_ce,47,11-50,24,0.4202902317047119,0.4035087823867798,0.35820895433425903,0.0,0.5964912176132202
combined_margin,late_state_ce,47,11-50,32,0.41017597913742065,0.31578946113586426,0.4776119291782379,0.0,0.6842105388641357
combined_margin,late_state_ce,47,11-50,48,0.27453330159187317,0.35087719559669495,0.7164179086685181,0.0,0.6491228342056274
combined_margin,late_state_ce,47,11-50,64,0.23678340017795563,0.5087719559669495,0.9552238583564758,0.0,0.49122804403305054
combined_margin,late_state_ce,47,11-50,96,-0.866296648979187,1.0,1.0,0.4952802062034607,0.0
combined_margin,late_state_ce,47,11-50,128,-0.8066776990890503,1.0,1.0,0.5975597500801086,0.0
combined_margin,late_state_ce,47,11-50,192,-0.7090309858322144,1.0,1.0,0.698671817779541,0.0
combined_margin,late_state_ce,47,11-50,256,-0.6479629874229431,1.0,1.0,0.7575296759605408,0.0
combined_margin,late_state_ce,47,11-50,384,-0.5498641133308411,1.0,1.0,0.8315072059631348,0.0
combined_margin,late_state_ce,47,11-50,512,-0.4927091598510742,1.0,1.0,0.8801653385162354,0.0
combined_margin,late_state_ce,47,11-50,768,-0.41744303703308105,1.0,1.0,0.9454719424247742,0.0
combined_margin,late_state_ce,47,11-50,1024,-0.3623318672180176,1.0,1.0,0.9902599453926086,0.0
combined_margin,late_state_ce,51,51+,0,-0.8973535299301147,0.12068965286016464,0.0,0.0,0.8793103694915771
combined_margin,late_state_ce,51,51+,1,-0.1769562065601349,0.4137931168079376,0.125,0.0,0.5862069129943848
combined_margin,late_state_ce,51,51+,2,0.19871333241462708,0.43103447556495667,0.25,0.0,0.5689655542373657
combined_margin,late_state_ce,51,51+,4,0.11244168877601624,0.6724137663841248,0.5,0.0,0.32758623361587524
combined_margin,late_state_ce,51,51+,8,0.35125240683555603,1.0,1.0,0.09997186064720154,0.0
combined_margin,late_state_ce,51,51+,12,0.3258845806121826,1.0,1.0,0.25842350721359253,0.0
combined_margin,late_state_ce,51,51+,16,-0.12088402360677719,1.0,1.0,0.3320993185043335,0.0
combined_margin,late_state_ce,51,51+,24,-0.47701701521873474,1.0,1.0,0.4168751537799835,0.0
combined_margin,late_state_ce,51,51+,32,-0.566598653793335,1.0,1.0,0.46991166472435,0.0
combined_margin,late_state_ce,51,51+,48,-0.51523357629776,1.0,1.0,0.539080023765564,0.0
combined_margin,late_state_ce,51,51+,64,-0.4302881062030792,1.0,1.0,0.5856332182884216,0.0
combined_margin,late_state_ce,51,51+,96,-0.341382771730423,1.0,1.0,0.6490026116371155,0.0
combined_margin,late_state_ce,51,51+,128,-0.24990621209144592,1.0,1.0,0.6928786635398865,0.0
combined_margin,late_state_ce,51,51+,192,-0.21217407286167145,1.0,1.0,0.7537037134170532,0.0
combined_margin,late_state_ce,51,51+,256,-0.21140339970588684,1.0,1.0,0.7963542938232422,0.0
combined_margin,late_state_ce,51,51+,384,-0.15836580097675323,1.0,1.0,0.8559832572937012,0.0
combined_margin,late_state_ce,51,51+,512,-0.18381395936012268,1.0,1.0,0.8980465531349182,0.0
combined_margin,late_state_ce,51,51+,768,-0.13671374320983887,1.0,1.0,0.9570953249931335,0.0
combined_margin,late_state_ce,51,51+,1024,-0.12222646176815033,1.0,1.0,0.9988710284233093,0.0
combined_margin,late_state_ce,52,51+,0,-0.8973535299301147,0.1428571492433548,0.0,0.0,0.8571428656578064
combined_margin,late_state_ce,52,51+,1,-0.32661786675453186,0.4642857015132904,0.1111111119389534,0.0,0.5357142686843872
combined_margin,late_state_ce,52,51+,2,-0.052076999098062515,0.4464285671710968,0.2222222238779068,0.0,0.5535714626312256
combined_margin,late_state_ce,52,51+,4,-0.20577336847782135,0.5714285969734192,0.4444444477558136,0.0,0.4285714030265808
combined_margin,late_state_ce,52,51+,8,-0.144618958234787,0.9285714030265808,0.8888888955116272,0.0,0.07142859697341919
combined_margin,late_state_ce,52,51+,12,0.06762523949146271,1.0,1.0,0.23212747275829315,0.0
combined_margin,late_state_ce,52,51+,16,-0.3485211730003357,1.0,1.0,0.316903293132782,0.0
combined_margin,late_state_ce,52,51+,24,-0.6863837242126465,1.0,1.0,0.40863126516342163,0.0
combined_margin,late_state_ce,52,51+,32,-0.7747886776924133,1.0,1.0,0.4642549455165863,0.0
combined_margin,late_state_ce,52,51+,48,-0.7734380960464478,1.0,1.0,0.5356044173240662,0.0
combined_margin,late_state_ce,52,51+,64,-0.7535845637321472,1.0,1.0,0.5831248164176941,0.0
combined_margin,late_state_ce,52,51+,96,-0.6308282017707825,1.0,1.0,0.647391140460968,0.0
combined_margin,late_state_ce,52,51+,128,-0.46527329087257385,1.0,1.0,0.6916916370391846,0.0
combined_margin,late_state_ce,52,51+,192,-0.4300062656402588,1.0,1.0,0.752926230430603,0.0
combined_margin,late_state_ce,52,51+,256,-0.4482108950614929,1.0,1.0,0.7957761287689209,0.0
combined_margin,late_state_ce,52,51+,384,-0.3711336553096771,1.0,1.0,0.8556012511253357,0.0
combined_margin,late_state_ce,52,51+,512,-0.32545021176338196,1.0,1.0,0.8977612257003784,0.0
combined_margin,late_state_ce,52,51+,768,-0.2542531490325928,1.0,1.0,0.9569059014320374,0.0
combined_margin,late_state_ce,52,51+,1024,-0.18968024849891663,1.0,1.0,0.9987292885780334,0.0
combined_margin,late_state_ce,53,51+,0,-0.8973536491394043,0.072727270424366,0.0,0.0,0.9272727370262146
combined_margin,late_state_ce,53,51+,1,-0.4223926067352295,0.581818163394928,0.20000000298023224,0.0,0.418181836605072
combined_margin,late_state_ce,53,51+,2,0.04118018597364426,0.6909090876579285,0.4000000059604645,0.0,0.30909091234207153
combined_margin,late_state_ce,53,51+,4,-0.1265338659286499,0.9818181991577148,0.800000011920929,0.0,0.018181800842285156
combined_margin,late_state_ce,53,51+,8,0.03904644399881363,1.0,1.0,0.23212747275829315,0.0
combined_margin,late_state_ce,53,51+,12,-0.3020144999027252,1.0,1.0,0.316903293132782,0.0
combined_margin,late_state_ce,53,51+,16,-0.48788705468177795,1.0,1.0,0.3699398338794708,0.0
combined_margin,late_state_ce,53,51+,24,-0.6877301335334778,1.0,1.0,0.43910813331604004,0.0
combined_margin,late_state_ce,53,51+,32,-0.7847388386726379,1.0,1.0,0.4856613576412201,0.0
combined_margin,late_state_ce,53,51+,48,-0.7337582111358643,1.0,1.0,0.5490307807922363,0.0
combined_margin,late_state_ce,53,51+,64,-0.6192126274108887,1.0,1.0,0.5929068326950073,0.0
combined_margin,late_state_ce,53,51+,96,-0.6188982129096985,1.0,1.0,0.6537318229675293,0.0
combined_margin,late_state_ce,53,51+,128,-0.6173509359359741,1.0,1.0,0.6963824033737183,0.0
combined_margin,late_state_ce,53,51+,192,-0.5437506437301636,1.0,1.0,0.756011426448822,0.0
combined_margin,late_state_ce,53,51+,256,-0.5545434951782227,1.0,1.0,0.7980747222900391,0.0
combined_margin,late_state_ce,53,51+,384,-0.48430171608924866,1.0,1.0,0.8571234345436096,0.0
combined_margin,late_state_ce,53,51+,512,-0.40504980087280273,1.0,1.0,0.8988991379737854,0.0
combined_margin,late_state_ce,53,51+,768,-0.2859063148498535,1.0,1.0,0.9576619863510132,0.0
combined_margin,late_state_ce,53,51+,1024,-0.22133824229240417,1.0,1.0,0.9992954134941101,0.0
combined_margin,late_state_ce,56,51+,0,-0.8973534107208252,0.10000000149011612,0.0,0.0,0.8999999761581421
combined_margin,late_state_ce,56,51+,1,-0.5196673274040222,0.4333333373069763,0.07692307978868484,0.0,0.5666666626930237
combined_margin,late_state_ce,56,51+,2,-0.40515485405921936,0.4833333194255829,0.1538461595773697,0.0,0.5166666507720947
combined_margin,late_state_ce,56,51+,4,-0.34034329652786255,0.5,0.3076923191547394,0.0,0.5
combined_margin,late_state_ce,56,51+,8,-0.015154127031564713,0.6666666865348816,0.6153846383094788,0.0,0.3333333134651184
combined_margin,late_state_ce,56,51+,12,-0.041880205273628235,0.7166666388511658,0.9230769276618958,0.0,0.28333336114883423
combined_margin,late_state_ce,56,51+,16,0.5180831551551819,1.0,1.0,0.23212747275829315,0.0
combined_margin,late_state_ce,56,51+,24,-0.4046679139137268,1.0,1.0,0.3699398338794708,0.0
combined_margin,late_state_ce,56,51+,32,-0.7183898687362671,1.0,1.0,0.43910813331604004,0.0
combined_margin,late_state_ce,56,51+,48,-0.7720794081687927,1.0,1.0,0.5207987427711487,0.0
combined_margin,late_state_ce,56,51+,64,-0.6596442461013794,1.0,1.0,0.5726308226585388,0.0
combined_margin,late_state_ce,56,51+,96,-0.6083523035049438,1.0,1.0,0.6407586932182312,0.0
combined_margin,late_state_ce,56,51+,128,-0.5430501103401184,1.0,1.0,0.6868431568145752,0.0
combined_margin,late_state_ce,56,51+,192,-0.4391123652458191,1.0,1.0,0.7497735023498535,0.0
combined_margin,late_state_ce,56,51+,256,-0.39866483211517334,1.0,1.0,0.7934404611587524,0.0
combined_margin,late_state_ce,56,51+,384,-0.37351158261299133,1.0,1.0,0.8540627360343933,0.0
combined_margin,late_state_ce,56,51+,512,-0.38041314482688904,1.0,1.0,0.8966143131256104,0.0
combined_margin,late_state_ce,56,51+,768,-0.3342551290988922,1.0,1.0,0.9561457633972168,0.0
combined_margin,late_state_ce,56,51+,1024,-0.2609923779964447,1.0,1.0,0.9981608390808105,0.0
combined_margin,combined_margin,1,0,0,-2.3387491703033447,0.12727272510528564,0.0,0.0,0.8727272748947144
combined_margin,combined_margin,1,0,1,-1.115399956703186,0.6545454263687134,0.20000000298023224,0.0,0.3454545736312866
combined_margin,combined_margin,1,0,2,-0.49211692810058594,0.7454545497894287,0.4000000059604645,0.0,0.2545454502105713
combined_margin,combined_margin,1,0,4,-0.1475241631269455,0.9272727370262146,0.800000011920929,0.0,0.0727272629737854
combined_margin,combined_margin,1,0,8,0.3526313602924347,1.0,1.0,0.23212747275829315,0.0
combined_margin,combined_margin,1,0,12,0.3732098937034607,1.0,1.0,0.316903293132782,0.0
combined_margin,combined_margin,1,0,16,0.3869786262512207,1.0,1.0,0.3699398338794708,0.0
combined_margin,combined_margin,1,0,24,0.4720797538757324,1.0,1.0,0.43910813331604004,0.0
combined_margin,combined_margin,1,0,32,0.5078592896461487,1.0,1.0,0.4856613576412201,0.0
combined_margin,combined_margin,1,0,48,0.5608354210853577,1.0,1.0,0.5490307807922363,0.0
combined_margin,combined_margin,1,0,64,0.5989505648612976,1.0,1.0,0.5929068326950073,0.0
combined_margin,combined_margin,1,0,96,0.5882465839385986,1.0,1.0,0.6537318229675293,0.0
combined_margin,combined_margin,1,0,128,0.6214868426322937,1.0,1.0,0.6963824033737183,0.0
combined_margin,combined_margin,1,0,192,0.6975522041320801,1.0,1.0,0.756011426448822,0.0
combined_margin,combined_margin,1,0,256,0.7556794285774231,1.0,1.0,0.7980747222900391,0.0
combined_margin,combined_margin,1,0,384,0.8428900241851807,1.0,1.0,0.8571234345436096,0.0
combined_margin,combined_margin,1,0,512,0.8865158557891846,1.0,1.0,0.8988991379737854,0.0
combined_margin,combined_margin,1,0,768,0.9211596846580505,1.0,1.0,0.9576619863510132,0.0
combined_margin,combined_margin,1,0,1024,0.9341856241226196,1.0,1.0,0.9992954134941101,0.0
combined_margin,combined_margin,4,0,0,-2.3387491703033447,0.1071428582072258,0.0,0.0,0.8928571343421936
combined_margin,combined_margin,4,0,1,-1.749078392982483,0.5714285969734192,0.20000000298023224,0.0,0.4285714030265808
combined_margin,combined_margin,4,0,2,-1.3757261037826538,0.6785714030265808,0.4000000059604645,0.0,0.3214285969734192
combined_margin,combined_margin,4,0,4,-0.608786940574646,0.9642857313156128,0.800000011920929,0.0,0.03571426868438721
combined_margin,combined_margin,4,0,8,0.28054288029670715,1.0,1.0,0.23212747275829315,0.0
combined_margin,combined_margin,4,0,12,0.2852444052696228,1.0,1.0,0.316903293132782,0.0
combined_margin,combined_margin,4,0,16,0.2904357314109802,1.0,1.0,0.3699398338794708,0.0
combined_margin,combined_margin,4,0,24,0.34920093417167664,1.0,1.0,0.43910813331604004,0.0
combined_margin,combined_margin,4,0,32,0.40527230501174927,1.0,1.0,0.4856613576412201,0.0
combined_margin,combined_margin,4,0,48,0.40815359354019165,1.0,1.0,0.5490307807922363,0.0
combined_margin,combined_margin,4,0,64,0.45762190222740173,1.0,1.0,0.5929068326950073,0.0
combined_margin,combined_margin,4,0,96,0.6004031300544739,1.0,1.0,0.6537318229675293,0.0
combined_margin,combined_margin,4,0,128,0.6406092643737793,1.0,1.0,0.6963824033737183,0.0
combined_margin,combined_margin,4,0,192,0.6870334148406982,1.0,1.0,0.756011426448822,0.0
combined_margin,combined_margin,4,0,256,0.7125738263130188,1.0,1.0,0.7980747222900391,0.0
combined_margin,combined_margin,4,0,384,0.7972753643989563,1.0,1.0,0.8571234345436096,0.0
combined_margin,combined_margin,4,0,512,0.8440147638320923,1.0,1.0,0.8988991379737854,0.0
combined_margin,combined_margin,4,0,768,0.9011944532394409,1.0,1.0,0.9576619863510132,0.0
combined_margin,combined_margin,4,0,1024,0.9211551547050476,1.0,1.0,0.9992954134941101,0.0
combined_margin,combined_margin,8,0,0,-2.3387491703033447,0.09090909361839294,0.0,0.0,0.9090908765792847
combined_margin,combined_margin,8,0,1,-1.440290093421936,0.6181818246841431,0.20000000298023224,0.0,0.38181817531585693
combined_margin,combined_margin,8,0,2,-1.1528266668319702,0.7272727489471436,0.4000000059604645,0.0,0.27272725105285645
combined_margin,combined_margin,8,0,4,-0.654687762260437,0.9090909361839294,0.800000011920929,0.0,0.09090906381607056
combined_margin,combined_margin,8,0,8,0.20132635533809662,1.0,1.0,0.23212747275829315,0.0
combined_margin,combined_margin,8,0,12,0.2564935088157654,1.0,1.0,0.316903293132782,0.0
combined_margin,combined_margin,8,0,16,0.28701063990592957,1.0,1.0,0.3699398338794708,0.0
combined_margin,combined_margin,8,0,24,0.37206923961639404,1.0,1.0,0.43910813331604004,0.0
combined_margin,combined_margin,8,0,32,0.40647730231285095,1.0,1.0,0.4856613576412201,0.0
combined_margin,combined_margin,8,0,48,0.4210752546787262,1.0,1.0,0.5490307807922363,0.0
combined_margin,combined_margin,8,0,64,0.48578351736068726,1.0,1.0,0.5929068326950073,0.0
combined_margin,combined_margin,8,0,96,0.5420488715171814,1.0,1.0,0.6537318229675293,0.0
combined_margin,combined_margin,8,0,128,0.6118231415748596,1.0,1.0,0.6963824033737183,0.0
combined_margin,combined_margin,8,0,192,0.6978400945663452,1.0,1.0,0.756011426448822,0.0
combined_margin,combined_margin,8,0,256,0.7744041085243225,1.0,1.0,0.7980747222900391,0.0
combined_margin,combined_margin,8,0,384,0.8414455652236938,1.0,1.0,0.8571234345436096,0.0
combined_margin,combined_margin,8,0,512,0.8767894506454468,1.0,1.0,0.8988991379737854,0.0
combined_margin,combined_margin,8,0,768,0.9049241542816162,1.0,1.0,0.9576619863510132,0.0
combined_margin,combined_margin,8,0,1024,0.9152410626411438,1.0,1.0,0.9992954134941101,0.0
combined_margin,combined_margin,9,0,0,-2.3387491703033447,0.1111111119389534,0.0,0.0,0.8888888955116272
combined_margin,combined_margin,9,0,1,-1.293071985244751,0.5,0.1666666716337204,0.0,0.5
combined_margin,combined_margin,9,0,2,-0.9242424368858337,0.7037037014961243,0.3333333432674408,0.0,0.29629629850387573
combined_margin,combined_margin,9,0,4,-0.4519117772579193,0.7037037014961243,0.6666666865348816,0.0,0.29629629850387573
combined_margin,combined_margin,9,0,8,0.355358749628067,1.0,1.0,0.19994372129440308,0.0
combined_margin,combined_margin,9,0,12,0.32225602865219116,1.0,1.0,0.2999155819416046,0.0
combined_margin,combined_margin,9,0,16,0.3303411900997162,1.0,1.0,0.35839536786079407,0.0
combined_margin,combined_margin,9,0,24,0.3982934355735779,1.0,1.0,0.43207117915153503,0.0
combined_margin,combined_margin,9,0,32,0.4524976313114166,1.0,1.0,0.4806002080440521,0.0
combined_margin,combined_margin,9,0,48,0.49523505568504333,1.0,1.0,0.5457895398139954,0.0
combined_margin,combined_margin,9,0,64,0.6137871742248535,1.0,1.0,0.590522825717926,0.0
combined_margin,combined_margin,9,0,96,0.6274236440658569,1.0,1.0,0.6521726250648499,0.0
combined_margin,combined_margin,9,0,128,0.6424538493156433,1.0,1.0,0.6952239274978638,0.0
combined_margin,combined_margin,9,0,192,0.6955006122589111,1.0,1.0,0.7552462816238403,0.0
combined_margin,combined_margin,9,0,256,0.7484686374664307,1.0,1.0,0.7975034713745117,0.0
combined_margin,combined_margin,9,0,384,0.8235992789268494,1.0,1.0,0.8567444086074829,0.0
combined_margin,combined_margin,9,0,512,0.8589842915534973,1.0,1.0,0.8986155390739441,0.0
combined_margin,combined_margin,9,0,768,0.8931589722633362,1.0,1.0,0.9574733972549438,0.0
combined_margin,combined_margin,9,0,1024,0.9054957628250122,1.0,1.0,0.9991540908813477,0.0
combined_margin,combined_margin,12,1-2,0,-2.3387491703033447,0.12727272510528564,0.0,0.0,0.8727272748947144
combined_margin,combined_margin,12,1-2,1,-1.1727970838546753,0.5272727012634277,0.20000000298023224,0.0,0.47272729873657227
combined_margin,combined_margin,12,1-2,2,-0.9922926425933838,0.6000000238418579,0.4000000059604645,0.0,0.3999999761581421
combined_margin,combined_margin,12,1-2,4,-0.6746124625205994,0.8727272748947144,0.800000011920929,0.0,0.12727272510528564
combined_margin,combined_margin,12,1-2,8,0.1904516965150833,1.0,1.0,0.23212747275829315,0.0
combined_margin,combined_margin,12,1-2,12,0.24112164974212646,1.0,1.0,0.316903293132782,0.0
combined_margin,combined_margin,12,1-2,16,0.3178139626979828,1.0,1.0,0.3699398338794708,0.0
combined_margin,combined_margin,12,1-2,24,0.4540095329284668,1.0,1.0,0.43910813331604004,0.0
combined_margin,combined_margin,12,1-2,32,0.5137718319892883,1.0,1.0,0.4856613576412201,0.0
combined_margin,combined_margin,12,1-2,48,0.5936760902404785,1.0,1.0,0.5490307807922363,0.0
combined_margin,combined_margin,12,1-2,64,0.6364971995353699,1.0,1.0,0.5929068326950073,0.0
combined_margin,combined_margin,12,1-2,96,0.6964357495307922,1.0,1.0,0.6537318229675293,0.0
combined_margin,combined_margin,12,1-2,128,0.7436371445655823,1.0,1.0,0.6963824033737183,0.0
combined_margin,combined_margin,12,1-2,192,0.807729959487915,1.0,1.0,0.756011426448822,0.0
combined_margin,combined_margin,12,1-2,256,0.8566173315048218,1.0,1.0,0.7980747222900391,0.0
combined_margin,combined_margin,12,1-2,384,0.9288973808288574,1.0,1.0,0.8571234345436096,0.0
combined_margin,combined_margin,12,1-2,512,0.9658827781677246,1.0,1.0,0.8988991379737854,0.0
combined_margin,combined_margin,12,1-2,768,0.9925346970558167,1.0,1.0,0.9576619863510132,0.0
combined_margin,combined_margin,12,1-2,1024,0.9973034858703613,1.0,1.0,0.9992954134941101,0.0
combined_margin,combined_margin,13,1-2,0,-2.3387491703033447,0.1090909093618393,0.0,0.0,0.8909090757369995
combined_margin,combined_margin,13,1-2,1,-1.7089760303497314,0.5272727012634277,0.04545454680919647,0.0,0.47272729873657227
combined_margin,combined_margin,13,1-2,2,-1.4276864528656006,0.4909090995788574,0.09090909361839294,0.0,0.5090909004211426
combined_margin,combined_margin,13,1-2,4,-1.2613669633865356,0.6545454263687134,0.1818181872367859,0.0,0.3454545736312866
combined_margin,combined_margin,13,1-2,8,-1.2144699096679688,0.581818163394928,0.3636363744735718,0.0,0.418181836605072
combined_margin,combined_margin,13,1-2,12,-1.1940629482269287,0.4545454680919647,0.5454545617103577,0.0,0.5454545021057129
combined_margin,combined_margin,13,1-2,16,-1.1327598094940186,0.5636363625526428,0.7272727489471436,0.0,0.4363636374473572
combined_margin,combined_margin,13,1-2,24,-0.05255040153861046,1.0,1.0,0.19994372129440308,0.0
combined_margin,combined_margin,13,1-2,32,0.26923078298568726,1.0,1.0,0.35839536786079407,0.0
combined_margin,combined_margin,13,1-2,48,0.3456287682056427,1.0,1.0,0.4806002080440521,0.0
combined_margin,combined_margin,13,1-2,64,0.4263352155685425,1.0,1.0,0.5457895398139954,0.0
combined_margin,combined_margin,13,1-2,96,0.4729912579059601,1.0,1.0,0.6246169209480286,0.0
combined_margin,combined_margin,13,1-2,128,0.5133288502693176,1.0,1.0,0.6752986311912537,0.0
combined_margin,combined_margin,13,1-2,192,0.5988671183586121,1.0,1.0,0.7424174547195435,0.0
combined_margin,combined_margin,13,1-2,256,0.6452912092208862,1.0,1.0,0.7880424857139587,0.0
combined_margin,combined_margin,13,1-2,384,0.7218583226203918,1.0,1.0,0.850540041923523,0.0
combined_margin,combined_margin,13,1-2,512,0.7689195275306702,1.0,1.0,0.8939997553825378,0.0
combined_margin,combined_margin,13,1-2,768,0.8182312250137329,1.0,1.0,0.954420804977417,0.0
combined_margin,combined_margin,13,1-2,1024,0.833850622177124,1.0,1.0,0.9968737363815308,0.0
combined_margin,combined_margin,20,1-2,0,-2.3387491703033447,0.125,0.0,0.0,0.875
combined_margin,combined_margin,20,1-2,1,-1.5842417478561401,0.5714285969734192,0.1666666716337204,0.0,0.4285714030265808
combined_margin,combined_margin,20,1-2,2,-1.4224003553390503,0.625,0.3333333432674408,0.0,0.375
combined_margin,combined_margin,20,1-2,4,-0.9536599516868591,0.875,0.6666666865348816,0.0,0.125
combined_margin,combined_margin,20,1-2,8,0.22818288207054138,1.0,1.0,0.19994372129440308,0.0
combined_margin,combined_margin,20,1-2,12,0.3302432596683502,1.0,1.0,0.2999155819416046,0.0
combined_margin,combined_margin,20,1-2,16,0.35222408175468445,1.0,1.0,0.35839536786079407,0.0
combined_margin,combined_margin,20,1-2,24,0.4083736836910248,1.0,1.0,0.43207117915153503,0.0
combined_margin,combined_margin,20,1-2,32,0.43768951296806335,1.0,1.0,0.4806002080440521,0.0
combined_margin,combined_margin,20,1-2,48,0.46075353026390076,1.0,1.0,0.5457895398139954,0.0
combined_margin,combined_margin,20,1-2,64,0.5527398586273193,1.0,1.0,0.590522825717926,0.0
combined_margin,combined_margin,20,1-2,96,0.6277418732643127,1.0,1.0,0.6521726250648499,0.0
combined_margin,combined_margin,20,1-2,128,0.6748660206794739,1.0,1.0,0.6952239274978638,0.0
combined_margin,combined_margin,20,1-2,192,0.7295306324958801,1.0,1.0,0.7552462816238403,0.0
combined_margin,combined_margin,20,1-2,256,0.7752922773361206,1.0,1.0,0.7975034713745117,0.0
combined_margin,combined_margin,20,1-2,384,0.8396563529968262,1.0,1.0,0.8567444086074829,0.0
combined_margin,combined_margin,20,1-2,512,0.8723374009132385,1.0,1.0,0.8986155390739441,0.0
combined_margin,combined_margin,20,1-2,768,0.8885158896446228,1.0,1.0,0.9574733972549438,0.0
combined_margin,combined_margin,20,1-2,1024,0.8893359899520874,1.0,1.0,0.9991540908813477,0.0
combined_margin,combined_margin,22,1-2,0,-2.3387491703033447,0.09375,0.0,0.0,0.90625
combined_margin,combined_margin,22,1-2,1,-1.7948720455169678,0.390625,0.1666666716337204,0.0,0.609375
combined_margin,combined_margin,22,1-2,2,-1.514481544494629,0.59375,0.3333333432674408,0.0,0.40625
combined_margin,combined_margin,22,1-2,4,-1.0161367654800415,0.875,0.6666666865348816,0.0,0.125
combined_margin,combined_margin,22,1-2,8,0.23964886367321014,1.0,1.0,0.19994372129440308,0.0
combined_margin,combined_margin,22,1-2,12,0.3003561794757843,1.0,1.0,0.2999155819416046,0.0
combined_margin,combined_margin,22,1-2,16,0.31423577666282654,1.0,1.0,0.35839536786079407,0.0
combined_margin,combined_margin,22,1-2,24,0.3876161575317383,1.0,1.0,0.43207117915153503,0.0
combined_margin,combined_margin,22,1-2,32,0.4554635286331177,1.0,1.0,0.4806002080440521,0.0
combined_margin,combined_margin,22,1-2,48,0.4210626184940338,1.0,1.0,0.5457895398139954,0.0
combined_margin,combined_margin,22,1-2,64,0.4882565140724182,1.0,1.0,0.590522825717926,0.0
combined_margin,combined_margin,22,1-2,96,0.5893428325653076,1.0,1.0,0.6521726250648499,0.0
combined_margin,combined_margin,22,1-2,128,0.6156102418899536,1.0,1.0,0.6952239274978638,0.0
combined_margin,combined_margin,22,1-2,192,0.6639066338539124,1.0,1.0,0.7552462816238403,0.0
combined_margin,combined_margin,22,1-2,256,0.6948139667510986,1.0,1.0,0.7975034713745117,0.0
combined_margin,combined_margin,22,1-2,384,0.7679541707038879,1.0,1.0,0.8567444086074829,0.0
combined_margin,combined_margin,22,1-2,512,0.811618983745575,1.0,1.0,0.8986155390739441,0.0
combined_margin,combined_margin,22,1-2,768,0.8308478593826294,1.0,1.0,0.9574733972549438,0.0
combined_margin,combined_margin,22,1-2,1024,0.8161818385124207,1.0,1.0,0.9991540908813477,0.0
combined_margin,combined_margin,27,3-10,0,-2.3387491703033447,0.072727270424366,0.0,0.0,0.9272727370262146
combined_margin,combined_margin,27,3-10,1,-1.0905582904815674,0.4545454680919647,0.1666666716337204,0.0,0.5454545021057129
combined_margin,combined_margin,27,3-10,2,-0.7910940647125244,0.6545454263687134,0.3333333432674408,0.0,0.3454545736312866
combined_margin,combined_margin,27,3-10,4,-0.5346551537513733,0.8181818127632141,0.6666666865348816,0.0,0.1818181872367859
combined_margin,combined_margin,27,3-10,8,0.25830915570259094,1.0,1.0,0.19994372129440308,0.0
combined_margin,combined_margin,27,3-10,12,0.30068904161453247,1.0,1.0,0.2999155819416046,0.0
combined_margin,combined_margin,27,3-10,16,0.3419041335582733,1.0,1.0,0.35839536786079407,0.0
combined_margin,combined_margin,27,3-10,24,0.426172137260437,1.0,1.0,0.43207117915153503,0.0
combined_margin,combined_margin,27,3-10,32,0.4959537982940674,1.0,1.0,0.4806002080440521,0.0
combined_margin,combined_margin,27,3-10,48,0.5494258403778076,1.0,1.0,0.5457895398139954,0.0
combined_margin,combined_margin,27,3-10,64,0.6127306818962097,1.0,1.0,0.590522825717926,0.0
combined_margin,combined_margin,27,3-10,96,0.6236006021499634,1.0,1.0,0.6521726250648499,0.0
combined_margin,combined_margin,27,3-10,128,0.6362598538398743,1.0,1.0,0.6952239274978638,0.0
combined_margin,combined_margin,27,3-10,192,0.6957562565803528,1.0,1.0,0.7552462816238403,0.0
combined_margin,combined_margin,27,3-10,256,0.7391844391822815,1.0,1.0,0.7975034713745117,0.0
combined_margin,combined_margin,27,3-10,384,0.7904057502746582,1.0,1.0,0.8567444086074829,0.0
combined_margin,combined_margin,27,3-10,512,0.8157401084899902,1.0,1.0,0.8986155390739441,0.0
combined_margin,combined_margin,27,3-10,768,0.834913969039917,1.0,1.0,0.9574733972549438,0.0
combined_margin,combined_margin,27,3-10,1024,0.8390977382659912,1.0,1.0,0.9991540908813477,0.0
combined_margin,combined_margin,29,3-10,0,-2.3387491703033447,0.07407407462596893,0.0,0.0,0.9259259104728699
combined_margin,combined_margin,29,3-10,1,-1.2918553352355957,0.40740740299224854,0.125,0.0,0.5925925970077515
combined_margin,combined_margin,29,3-10,2,-0.967710018157959,0.48148149251937866,0.25,0.0,0.5185185074806213
combined_margin,combined_margin,29,3-10,4,-0.705718994140625,0.7592592835426331,0.5,0.0,0.24074071645736694
combined_margin,combined_margin,29,3-10,8,-0.1982606053352356,1.0,1.0,0.09997186064720154,0.0
combined_margin,combined_margin,29,3-10,12,0.2303563952445984,1.0,1.0,0.25842350721359253,0.0
combined_margin,combined_margin,29,3-10,16,0.3171752393245697,1.0,1.0,0.3320993185043335,0.0
combined_margin,combined_margin,29,3-10,24,0.4083447754383087,1.0,1.0,0.4168751537799835,0.0
combined_margin,combined_margin,29,3-10,32,0.47553980350494385,1.0,1.0,0.46991166472435,0.0
combined_margin,combined_margin,29,3-10,48,0.5018242001533508,1.0,1.0,0.539080023765564,0.0
combined_margin,combined_margin,29,3-10,64,0.568318784236908,1.0,1.0,0.5856332182884216,0.0
combined_margin,combined_margin,29,3-10,96,0.5999362468719482,1.0,1.0,0.6490026116371155,0.0
combined_margin,combined_margin,29,3-10,128,0.6316376328468323,1.0,1.0,0.6928786635398865,0.0
combined_margin,combined_margin,29,3-10,192,0.6976302862167358,1.0,1.0,0.7537037134170532,0.0
combined_margin,combined_margin,29,3-10,256,0.7624824643135071,1.0,1.0,0.7963542938232422,0.0
combined_margin,combined_margin,29,3-10,384,0.8792827129364014,1.0,1.0,0.8559832572937012,0.0
combined_margin,combined_margin,29,3-10,512,0.9220981001853943,1.0,1.0,0.8980465531349182,0.0
combined_margin,combined_margin,29,3-10,768,0.9491908550262451,1.0,1.0,0.9570953249931335,0.0
combined_margin,combined_margin,29,3-10,1024,0.9512353539466858,1.0,1.0,0.9988710284233093,0.0
combined_margin,combined_margin,30,3-10,0,-2.338749408721924,0.1071428582072258,0.0,0.0,0.8928571343421936
combined_margin,combined_margin,30,3-10,1,-1.6664460897445679,0.4642857015132904,0.1666666716337204,0.0,0.5357142686843872
combined_margin,combined_margin,30,3-10,2,-1.6130053997039795,0.5535714030265808,0.3333333432674408,0.0,0.4464285969734192
combined_margin,combined_margin,30,3-10,4,-1.42019522190094,0.6785714030265808,0.6666666865348816,0.0,0.3214285969734192
combined_margin,combined_margin,30,3-10,8,0.21636216342449188,1.0,1.0,0.19994372129440308,0.0
combined_margin,combined_margin,30,3-10,12,0.28363755345344543,1.0,1.0,0.2999155819416046,0.0
combined_margin,combined_margin,30,3-10,16,0.3037269711494446,1.0,1.0,0.35839536786079407,0.0
combined_margin,combined_margin,30,3-10,24,0.3718688488006592,1.0,1.0,0.43207117915153503,0.0
combined_margin,combined_margin,30,3-10,32,0.4339017868041992,1.0,1.0,0.4806002080440521,0.0
combined_margin,combined_margin,30,3-10,48,0.46038615703582764,1.0,1.0,0.5457895398139954,0.0
combined_margin,combined_margin,30,3-10,64,0.5634711384773254,1.0,1.0,0.590522825717926,0.0
combined_margin,combined_margin,30,3-10,96,0.6024189591407776,1.0,1.0,0.6521726250648499,0.0
combined_margin,combined_margin,30,3-10,128,0.6381663680076599,1.0,1.0,0.6952239274978638,0.0
combined_margin,combined_margin,30,3-10,192,0.7205433249473572,1.0,1.0,0.7552462816238403,0.0
combined_margin,combined_margin,30,3-10,256,0.7913821935653687,1.0,1.0,0.7975034713745117,0.0
combined_margin,combined_margin,30,3-10,384,0.8547653555870056,1.0,1.0,0.8567444086074829,0.0
combined_margin,combined_margin,30,3-10,512,0.8862231969833374,1.0,1.0,0.8986155390739441,0.0
combined_margin,combined_margin,30,3-10,768,0.9114680886268616,1.0,1.0,0.9574733972549438,0.0
combined_margin,combined_margin,30,3-10,1024,0.9203210473060608,1.0,1.0,0.9991540908813477,0.0
combined_margin,combined_margin,35,3-10,0,-2.338749408721924,0.08620689809322357,0.0,0.0,0.9137930870056152
combined_margin,combined_margin,35,3-10,1,-1.7371857166290283,0.4482758641242981,0.0833333358168602,0.0,0.5517241358757019
combined_margin,combined_margin,35,3-10,2,-1.7406206130981445,0.5344827771186829,0.1666666716337204,0.0,0.46551722288131714
combined_margin,combined_margin,35,3-10,4,-1.5213632583618164,0.5344827771186829,0.3333333432674408,0.0,0.46551722288131714
combined_margin,combined_margin,35,3-10,8,-1.3417636156082153,0.6724137663841248,0.6666666865348816,0.0,0.32758623361587524
combined_margin,combined_margin,35,3-10,12,-0.3686390221118927,1.0,1.0,0.09997186064720154,0.0
combined_margin,combined_margin,35,3-10,16,0.01677081733942032,1.0,1.0,0.25842350721359253,0.0
combined_margin,combined_margin,35,3-10,24,0.2906007468700409,1.0,1.0,0.3806283473968506,0.0
combined_margin,combined_margin,35,3-10,32,0.3889491856098175,1.0,1.0,0.4458176791667938,0.0
combined_margin,combined_margin,35,3-10,48,0.5141919851303101,1.0,1.0,0.5246450304985046,0.0
combined_margin,combined_margin,35,3-10,64,0.5492597818374634,1.0,1.0,0.5753268003463745,0.0
combined_margin,combined_margin,35,3-10,96,0.6029011607170105,1.0,1.0,0.6424456238746643,0.0
combined_margin,combined_margin,35,3-10,128,0.6506156921386719,1.0,1.0,0.6880705952644348,0.0
combined_margin,combined_margin,35,3-10,192,0.7328024506568909,1.0,1.0,0.750568151473999,0.0
combined_margin,combined_margin,35,3-10,256,0.7864858508110046,1.0,1.0,0.7940279245376587,0.0
combined_margin,combined_margin,35,3-10,384,0.8326287269592285,1.0,1.0,0.8544489145278931,0.0
combined_margin,combined_margin,35,3-10,512,0.853316068649292,1.0,1.0,0.8969019055366516,0.0
combined_margin,combined_margin,35,3-10,768,0.8615612983703613,1.0,1.0,0.9563362002372742,0.0
combined_margin,combined_margin,35,3-10,1024,0.8547946214675903,1.0,1.0,0.9983031749725342,0.0
combined_margin,combined_margin,36,11-50,0,-2.3387491703033447,0.09090909361839294,0.0,0.0,0.9090908765792847
combined_margin,combined_margin,36,11-50,1,-1.1316747665405273,0.4909090995788574,0.1666666716337204,0.0,0.5090909004211426
combined_margin,combined_margin,36,11-50,2,-0.6263113617897034,0.6545454263687134,0.3333333432674408,0.0,0.3454545736312866
combined_margin,combined_margin,36,11-50,4,-0.2506991922855377,0.7454545497894287,0.6666666865348816,0.0,0.2545454502105713
combined_margin,combined_margin,36,11-50,8,0.39409565925598145,1.0,1.0,0.19994372129440308,0.0
combined_margin,combined_margin,36,11-50,12,0.3415166735649109,1.0,1.0,0.2999155819416046,0.0
combined_margin,combined_margin,36,11-50,16,0.3571642339229584,1.0,1.0,0.35839536786079407,0.0
combined_margin,combined_margin,36,11-50,24,0.4080968201160431,1.0,1.0,0.43207117915153503,0.0
combined_margin,combined_margin,36,11-50,32,0.4718821942806244,1.0,1.0,0.4806002080440521,0.0
combined_margin,combined_margin,36,11-50,48,0.5408737063407898,1.0,1.0,0.5457895398139954,0.0
combined_margin,combined_margin,36,11-50,64,0.6219947338104248,1.0,1.0,0.590522825717926,0.0
combined_margin,combined_margin,36,11-50,96,0.6481093764305115,1.0,1.0,0.6521726250648499,0.0
combined_margin,combined_margin,36,11-50,128,0.6613861322402954,1.0,1.0,0.6952239274978638,0.0
combined_margin,combined_margin,36,11-50,192,0.707783579826355,1.0,1.0,0.7552462816238403,0.0
combined_margin,combined_margin,36,11-50,256,0.7477718591690063,1.0,1.0,0.7975034713745117,0.0
combined_margin,combined_margin,36,11-50,384,0.7944462895393372,1.0,1.0,0.8567444086074829,0.0
combined_margin,combined_margin,36,11-50,512,0.8353341817855835,1.0,1.0,0.8986155390739441,0.0
combined_margin,combined_margin,36,11-50,768,0.8873809576034546,1.0,1.0,0.9574733972549438,0.0
combined_margin,combined_margin,36,11-50,1024,0.8987084031105042,1.0,1.0,0.9991540908813477,0.0
combined_margin,combined_margin,38,11-50,0,-2.3387491703033447,0.1090909093618393,0.0,0.0,0.8909090757369995
combined_margin,combined_margin,38,11-50,1,-1.5842347145080566,0.4545454680919647,0.1666666716337204,0.0,0.5454545021057129
combined_margin,combined_margin,38,11-50,2,-1.37688410282135,0.6727272868156433,0.3333333432674408,0.0,0.3272727131843567
combined_margin,combined_margin,38,11-50,4,-0.6663784980773926,0.8363636136054993,0.6666666865348816,0.0,0.16363638639450073
combined_margin,combined_margin,38,11-50,8,0.20453806221485138,1.0,1.0,0.19994372129440308,0.0
combined_margin,combined_margin,38,11-50,12,0.2346530258655548,1.0,1.0,0.2999155819416046,0.0
combined_margin,combined_margin,38,11-50,16,0.27841585874557495,1.0,1.0,0.35839536786079407,0.0
combined_margin,combined_margin,38,11-50,24,0.35348349809646606,1.0,1.0,0.43207117915153503,0.0
combined_margin,combined_margin,38,11-50,32,0.39759331941604614,1.0,1.0,0.4806002080440521,0.0
combined_margin,combined_margin,38,11-50,48,0.3782198429107666,1.0,1.0,0.5457895398139954,0.0
combined_margin,combined_margin,38,11-50,64,0.46498239040374756,1.0,1.0,0.590522825717926,0.0
combined_margin,combined_margin,38,11-50,96,0.5629003643989563,1.0,1.0,0.6521726250648499,0.0
combined_margin,combined_margin,38,11-50,128,0.6039237380027771,1.0,1.0,0.6952239274978638,0.0
combined_margin,combined_margin,38,11-50,192,0.6730793118476868,1.0,1.0,0.7552462816238403,0.0
combined_margin,combined_margin,38,11-50,256,0.7221308350563049,1.0,1.0,0.7975034713745117,0.0
combined_margin,combined_margin,38,11-50,384,0.7898638248443604,1.0,1.0,0.8567444086074829,0.0
combined_margin,combined_margin,38,11-50,512,0.8304315805435181,1.0,1.0,0.8986155390739441,0.0
combined_margin,combined_margin,38,11-50,768,0.8761556148529053,1.0,1.0,0.9574733972549438,0.0
combined_margin,combined_margin,38,11-50,1024,0.8950648307800293,1.0,1.0,0.9991540908813477,0.0
combined_margin,combined_margin,41,11-50,0,-2.3387491703033447,0.08771929889917374,0.0,0.0,0.9122806787490845
combined_margin,combined_margin,41,11-50,1,-1.2940542697906494,0.5614035129547119,0.25,0.0,0.4385964870452881
combined_margin,combined_margin,41,11-50,2,-0.7403259873390198,0.7543859481811523,0.5,0.0,0.24561405181884766
combined_margin,combined_margin,41,11-50,4,0.23771695792675018,1.0,1.0,0.09997186064720154,0.0
combined_margin,combined_margin,41,11-50,8,0.3271113634109497,1.0,1.0,0.25842350721359253,0.0
combined_margin,combined_margin,41,11-50,12,0.3109108507633209,1.0,1.0,0.3320993185043335,0.0
combined_margin,combined_margin,41,11-50,16,0.32307499647140503,1.0,1.0,0.3806283473968506,0.0
combined_margin,combined_margin,41,11-50,24,0.37359297275543213,1.0,1.0,0.4458176791667938,0.0
combined_margin,combined_margin,41,11-50,32,0.41497212648391724,1.0,1.0,0.4905509650707245,0.0
combined_margin,combined_margin,41,11-50,48,0.3988169729709625,1.0,1.0,0.5522007346153259,0.0
combined_margin,combined_margin,41,11-50,64,0.45601198077201843,1.0,1.0,0.5952520370483398,0.0
combined_margin,combined_margin,41,11-50,96,0.5457241535186768,1.0,1.0,0.6552744507789612,0.0
combined_margin,combined_margin,41,11-50,128,0.5534604787826538,1.0,1.0,0.6975316405296326,0.0
combined_margin,combined_margin,41,11-50,192,0.6271822452545166,1.0,1.0,0.756772518157959,0.0
combined_margin,combined_margin,41,11-50,256,0.6835139989852905,1.0,1.0,0.7986436486244202,0.0
combined_margin,combined_margin,41,11-50,384,0.747544527053833,1.0,1.0,0.8575015068054199,0.0
combined_margin,combined_margin,41,11-50,512,0.7669557929039001,1.0,1.0,0.8991822004318237,0.0
combined_margin,combined_margin,41,11-50,768,0.7806738615036011,1.0,1.0,0.9578503966331482,0.0
combined_margin,combined_margin,41,11-50,1024,0.7826055884361267,1.0,1.0,0.999436616897583,0.0
combined_margin,combined_margin,47,11-50,0,-2.338749408721924,0.08771929889917374,0.0,0.0,0.9122806787490845
combined_margin,combined_margin,47,11-50,1,-1.7994509935379028,0.4385964870452881,0.043478261679410934,0.0,0.5614035129547119
combined_margin,combined_margin,47,11-50,2,-1.8126046657562256,0.35087719559669495,0.08695652335882187,0.0,0.6491228342056274
combined_margin,combined_margin,47,11-50,4,-1.680991768836975,0.3333333432674408,0.17391304671764374,0.0,0.6666666269302368
combined_margin,combined_margin,47,11-50,8,-1.602616548538208,0.31578946113586426,0.3478260934352875,0.0,0.6842105388641357
combined_margin,combined_margin,47,11-50,12,-1.6578686237335205,0.35087719559669495,0.52173912525177,0.0,0.6491228342056274
combined_margin,combined_margin,47,11-50,16,-1.7008051872253418,0.35087719559669495,0.695652186870575,0.0,0.6491228342056274
combined_margin,combined_margin,47,11-50,24,-0.14417186379432678,1.0,1.0,0.158451646566391,0.0
combined_margin,combined_margin,47,11-50,32,0.18387308716773987,1.0,1.0,0.3458458185195923,0.0
combined_margin,combined_margin,47,11-50,48,0.3990562856197357,1.0,1.0,0.475354939699173,0.0
combined_margin,combined_margin,47,11-50,64,0.4218021631240845,1.0,1.0,0.5424737930297852,0.0
combined_margin,combined_margin,47,11-50,96,0.52899169921875,1.0,1.0,0.6227065920829773,0.0
combined_margin,combined_margin,47,11-50,128,0.5867891311645508,1.0,1.0,0.6739569306373596,0.0
combined_margin,combined_margin,47,11-50,192,0.6693688035011292,1.0,1.0,0.7415764927864075,0.0
combined_margin,combined_margin,47,11-50,256,0.7362555265426636,1.0,1.0,0.7874300479888916,0.0
combined_margin,combined_margin,47,11-50,384,0.8008311986923218,1.0,1.0,0.8501432538032532,0.0
combined_margin,combined_margin,47,11-50,512,0.8327839374542236,1.0,1.0,0.8937063217163086,0.0
combined_margin,combined_margin,47,11-50,768,0.8620617985725403,1.0,1.0,0.9542278051376343,0.0
combined_margin,combined_margin,47,11-50,1024,0.8687117099761963,1.0,1.0,0.9967300295829773,0.0
combined_margin,combined_margin,51,51+,0,-2.338749408721924,0.12068965286016464,0.0,0.0,0.8793103694915771
combined_margin,combined_margin,51,51+,1,-1.7222875356674194,0.4137931168079376,0.0833333358168602,0.0,0.5862069129943848
combined_margin,combined_margin,51,51+,2,-1.496122121810913,0.48275861144065857,0.1666666716337204,0.0,0.517241358757019
combined_margin,combined_margin,51,51+,4,-1.3150359392166138,0.7586206793785095,0.3333333432674408,0.0,0.24137932062149048
combined_margin,combined_margin,51,51+,8,-0.603034496307373,0.8103448152542114,0.6666666865348816,0.0,0.18965518474578857
combined_margin,combined_margin,51,51+,12,-0.03631662204861641,1.0,1.0,0.09997186064720154,0.0
combined_margin,combined_margin,51,51+,16,0.171077698469162,1.0,1.0,0.25842350721359253,0.0
combined_margin,combined_margin,51,51+,24,0.280748188495636,1.0,1.0,0.3806283473968506,0.0
combined_margin,combined_margin,51,51+,32,0.3753270208835602,1.0,1.0,0.4458176791667938,0.0
combined_margin,combined_margin,51,51+,48,0.4781401753425598,1.0,1.0,0.5246450304985046,0.0
combined_margin,combined_margin,51,51+,64,0.5745253562927246,1.0,1.0,0.5753268003463745,0.0
combined_margin,combined_margin,51,51+,96,0.6391412615776062,1.0,1.0,0.6424456238746643,0.0
combined_margin,combined_margin,51,51+,128,0.6798738837242126,1.0,1.0,0.6880705952644348,0.0
combined_margin,combined_margin,51,51+,192,0.740251898765564,1.0,1.0,0.750568151473999,0.0
combined_margin,combined_margin,51,51+,256,0.7840315699577332,1.0,1.0,0.7940279245376587,0.0
combined_margin,combined_margin,51,51+,384,0.8398590683937073,1.0,1.0,0.8544489145278931,0.0
combined_margin,combined_margin,51,51+,512,0.8693574666976929,1.0,1.0,0.8969019055366516,0.0
combined_margin,combined_margin,51,51+,768,0.893600344657898,1.0,1.0,0.9563362002372742,0.0
combined_margin,combined_margin,51,51+,1024,0.9046236872673035,1.0,1.0,0.9983031749725342,0.0
combined_margin,combined_margin,52,51+,0,-2.3387491703033447,0.1428571492433548,0.0,0.0,0.8571428656578064
combined_margin,combined_margin,52,51+,1,-1.689876675605774,0.3928571343421936,0.01886792480945587,0.0,0.6071428656578064
combined_margin,combined_margin,52,51+,2,-1.5359214544296265,0.4464285671710968,0.03773584961891174,0.0,0.5535714626312256
combined_margin,combined_margin,52,51+,4,-1.184108853340149,0.6071428656578064,0.07547169923782349,0.0,0.3928571343421936
combined_margin,combined_margin,52,51+,8,-0.948503851890564,0.6964285969734192,0.15094339847564697,0.0,0.3035714030265808
combined_margin,combined_margin,52,51+,12,-1.0132744312286377,0.5892857313156128,0.22641509771347046,0.0,0.4107142686843872
combined_margin,combined_margin,52,51+,16,-0.42904648184776306,0.6785714030265808,0.30188679695129395,0.0,0.3214285969734192
combined_margin,combined_margin,52,51+,24,-1.1519135236740112,0.5535714030265808,0.4528301954269409,0.0,0.4464285969734192
combined_margin,combined_margin,52,51+,32,-1.116889238357544,0.6071428656578064,0.6037735939025879,0.0,0.3928571343421936
combined_margin,combined_margin,52,51+,48,-1.0737196207046509,0.6071428656578064,0.9056603908538818,0.0,0.3928571343421936
combined_margin,combined_margin,52,51+,64,0.4056529104709625,1.0,1.0,0.3699398338794708,0.0
combined_margin,combined_margin,52,51+,96,0.5132029056549072,1.0,1.0,0.5490307807922363,0.0
combined_margin,combined_margin,52,51+,128,0.6297655701637268,1.0,1.0,0.626502275466919,0.0
combined_margin,combined_margin,52,51+,192,0.7005686163902283,1.0,1.0,0.7137542366981506,0.0
combined_margin,combined_margin,52,51+,256,0.7532891631126404,1.0,1.0,0.7677319049835205,0.0
combined_margin,combined_margin,52,51+,384,0.8351466655731201,1.0,1.0,0.8377020359039307,0.0
combined_margin,combined_margin,52,51+,512,0.8739497065544128,1.0,1.0,0.8846132755279541,0.0
combined_margin,combined_margin,52,51+,768,0.9123503565788269,1.0,1.0,0.9483159184455872,0.0
combined_margin,combined_margin,52,51+,1024,0.9308563470840454,1.0,1.0,0.9923502206802368,0.0
combined_margin,combined_margin,53,51+,0,-2.3387491703033447,0.072727270424366,0.0,0.0,0.9272727370262146
combined_margin,combined_margin,53,51+,1,-0.7757763862609863,0.5090909004211426,0.25,0.0,0.4909090995788574
combined_margin,combined_margin,53,51+,2,-0.35585856437683105,0.6545454263687134,0.5,0.0,0.3454545736312866
combined_margin,combined_margin,53,51+,4,0.1353880912065506,1.0,1.0,0.09997186064720154,0.0
combined_margin,combined_margin,53,51+,8,0.23954646289348602,1.0,1.0,0.25842350721359253,0.0
combined_margin,combined_margin,53,51+,12,0.28828510642051697,1.0,1.0,0.3320993185043335,0.0
combined_margin,combined_margin,53,51+,16,0.33814704418182373,1.0,1.0,0.3806283473968506,0.0
combined_margin,combined_margin,53,51+,24,0.43239468336105347,1.0,1.0,0.4458176791667938,0.0
combined_margin,combined_margin,53,51+,32,0.5066689848899841,1.0,1.0,0.4905509650707245,0.0
combined_margin,combined_margin,53,51+,48,0.5538651943206787,1.0,1.0,0.5522007346153259,0.0
combined_margin,combined_margin,53,51+,64,0.6259992718696594,1.0,1.0,0.5952520370483398,0.0
combined_margin,combined_margin,53,51+,96,0.6368024349212646,1.0,1.0,0.6552744507789612,0.0
combined_margin,combined_margin,53,51+,128,0.6446573138237,1.0,1.0,0.6975316405296326,0.0
combined_margin,combined_margin,53,51+,192,0.7191129326820374,1.0,1.0,0.756772518157959,0.0
combined_margin,combined_margin,53,51+,256,0.7711641192436218,1.0,1.0,0.7986436486244202,0.0
combined_margin,combined_margin,53,51+,384,0.8367096781730652,1.0,1.0,0.8575015068054199,0.0
combined_margin,combined_margin,53,51+,512,0.8721208572387695,1.0,1.0,0.8991822004318237,0.0
combined_margin,combined_margin,53,51+,768,0.895629346370697,1.0,1.0,0.9578503966331482,0.0
combined_margin,combined_margin,53,51+,1024,0.9096943140029907,1.0,1.0,0.999436616897583,0.0
combined_margin,combined_margin,56,51+,0,-2.3387491703033447,0.10000000149011612,0.0,0.0,0.8999999761581421
combined_margin,combined_margin,56,51+,1,-1.566004991531372,0.4166666567325592,0.0833333358168602,0.0,0.5833333730697632
combined_margin,combined_margin,56,51+,2,-1.4907584190368652,0.5166666507720947,0.1666666716337204,0.0,0.4833333492279053
combined_margin,combined_margin,56,51+,4,-1.316400408744812,0.5333333611488342,0.3333333432674408,0.0,0.46666663885116577
combined_margin,combined_margin,56,51+,8,-1.2223262786865234,0.6833333373069763,0.6666666865348816,0.0,0.3166666626930237
combined_margin,combined_margin,56,51+,12,-0.4536206126213074,1.0,1.0,0.09997186064720154,0.0
combined_margin,combined_margin,56,51+,16,0.21605725586414337,1.0,1.0,0.25842350721359253,0.0
combined_margin,combined_margin,56,51+,24,0.36958014965057373,1.0,1.0,0.3806283473968506,0.0
combined_margin,combined_margin,56,51+,32,0.45897743105888367,1.0,1.0,0.4458176791667938,0.0
combined_margin,combined_margin,56,51+,48,0.5223012566566467,1.0,1.0,0.5246450304985046,0.0
combined_margin,combined_margin,56,51+,64,0.5503882169723511,1.0,1.0,0.5753268003463745,0.0
combined_margin,combined_margin,56,51+,96,0.6374380588531494,1.0,1.0,0.6424456238746643,0.0
combined_margin,combined_margin,56,51+,128,0.6435548663139343,1.0,1.0,0.6880705952644348,0.0
combined_margin,combined_margin,56,51+,192,0.6804924011230469,1.0,1.0,0.750568151473999,0.0
combined_margin,combined_margin,56,51+,256,0.7019857168197632,1.0,1.0,0.7940279245376587,0.0
combined_margin,combined_margin,56,51+,384,0.757601261138916,1.0,1.0,0.8544489145278931,0.0
combined_margin,combined_margin,56,51+,512,0.8110882043838501,1.0,1.0,0.8969019055366516,0.0
combined_margin,combined_margin,56,51+,768,0.843612551689148,1.0,1.0,0.9563362002372742,0.0
combined_margin,combined_margin,56,51+,1024,0.858771562576294,1.0,1.0,0.9983031749725342,0.0
pooled,stable_plain,1,0,0,-2.4004406929016113,0.12727272510528564,0.0,0.0,0.8727272748947144
pooled,stable_plain,1,0,1,-1.6734519004821777,0.6181818246841431,0.20000000298023224,0.0,0.38181817531585693
pooled,stable_plain,1,0,2,-0.9378462433815002,0.7636363506317139,0.4000000059604645,0.0,0.23636364936828613
pooled,stable_plain,1,0,4,-0.5310448408126831,0.9454545378684998,0.800000011920929,0.0,0.054545462131500244
pooled,stable_plain,1,0,8,0.14764313399791718,1.0,1.0,0.23212747275829315,0.0
pooled,stable_plain,1,0,12,0.24343743920326233,1.0,1.0,0.316903293132782,0.0
pooled,stable_plain,1,0,16,0.273924857378006,1.0,1.0,0.3699398338794708,0.0
pooled,stable_plain,1,0,24,0.3516587018966675,1.0,1.0,0.43910813331604004,0.0
pooled,stable_plain,1,0,32,0.41778525710105896,1.0,1.0,0.4856613576412201,0.0
pooled,stable_plain,1,0,48,0.517098605632782,1.0,1.0,0.5490307807922363,0.0
pooled,stable_plain,1,0,64,0.5891975164413452,1.0,1.0,0.5929068326950073,0.0
pooled,stable_plain,1,0,96,0.6774126887321472,1.0,1.0,0.6537318229675293,0.0
pooled,stable_plain,1,0,128,0.7192580699920654,1.0,1.0,0.6963824033737183,0.0
pooled,stable_plain,1,0,192,0.7450347542762756,1.0,1.0,0.756011426448822,0.0
pooled,stable_plain,1,0,256,0.7504183053970337,1.0,1.0,0.7980747222900391,0.0
pooled,stable_plain,1,0,384,0.7559585571289062,1.0,1.0,0.8571234345436096,0.0
pooled,stable_plain,1,0,512,0.7606008648872375,1.0,1.0,0.8988991379737854,0.0
pooled,stable_plain,1,0,768,0.7657569050788879,1.0,1.0,0.9576619863510132,0.0
pooled,stable_plain,1,0,1024,0.767400324344635,1.0,1.0,0.9992954134941101,0.0
pooled,stable_plain,4,0,0,-2.4004406929016113,0.125,0.0,0.0,0.875
pooled,stable_plain,4,0,1,-1.8015990257263184,0.5357142686843872,0.1666666716337204,0.0,0.4642857313156128
pooled,stable_plain,4,0,2,-1.438844919204712,0.6785714030265808,0.3333333432674408,0.0,0.3214285969734192
pooled,stable_plain,4,0,4,-0.9911700487136841,0.8571428656578064,0.6666666865348816,0.0,0.1428571343421936
pooled,stable_plain,4,0,8,0.10812020301818848,1.0,1.0,0.19994372129440308,0.0
pooled,stable_plain,4,0,12,0.28657251596450806,1.0,1.0,0.2999155819416046,0.0
pooled,stable_plain,4,0,16,0.31444332003593445,1.0,1.0,0.35839536786079407,0.0
pooled,stable_plain,4,0,24,0.3819858431816101,1.0,1.0,0.43207117915153503,0.0
pooled,stable_plain,4,0,32,0.4475538730621338,1.0,1.0,0.4806002080440521,0.0
pooled,stable_plain,4,0,48,0.5473790764808655,1.0,1.0,0.5457895398139954,0.0
pooled,stable_plain,4,0,64,0.6162582039833069,1.0,1.0,0.590522825717926,0.0
pooled,stable_plain,4,0,96,0.6985134482383728,1.0,1.0,0.6521726250648499,0.0
pooled,stable_plain,4,0,128,0.7389753460884094,1.0,1.0,0.6952239274978638,0.0
pooled,stable_plain,4,0,192,0.767330527305603,1.0,1.0,0.7552462816238403,0.0
pooled,stable_plain,4,0,256,0.7755883932113647,1.0,1.0,0.7975034713745117,0.0
pooled,stable_plain,4,0,384,0.7875646352767944,1.0,1.0,0.8567444086074829,0.0
pooled,stable_plain,4,0,512,0.7967232465744019,1.0,1.0,0.8986155390739441,0.0
pooled,stable_plain,4,0,768,0.8076645731925964,1.0,1.0,0.9574733972549438,0.0
pooled,stable_plain,4,0,1024,0.8132857084274292,1.0,1.0,0.9991540908813477,0.0
pooled,stable_plain,8,0,0,-2.4004406929016113,0.1090909093618393,0.0,0.0,0.8909090757369995
pooled,stable_plain,8,0,1,-1.6012276411056519,0.581818163394928,0.20000000298023224,0.0,0.418181836605072
pooled,stable_plain,8,0,2,-1.1219456195831299,0.7454545497894287,0.4000000059604645,0.0,0.2545454502105713
pooled,stable_plain,8,0,4,-0.858570396900177,0.9090909361839294,0.800000011920929,0.0,0.09090906381607056
pooled,stable_plain,8,0,8,0.2647572457790375,1.0,1.0,0.23212747275829315,0.0
pooled,stable_plain,8,0,12,0.31987905502319336,1.0,1.0,0.316903293132782,0.0
pooled,stable_plain,8,0,16,0.3066501021385193,1.0,1.0,0.3699398338794708,0.0
pooled,stable_plain,8,0,24,0.3467458188533783,1.0,1.0,0.43910813331604004,0.0
pooled,stable_plain,8,0,32,0.3991878628730774,1.0,1.0,0.4856613576412201,0.0
pooled,stable_plain,8,0,48,0.4921165406703949,1.0,1.0,0.5490307807922363,0.0
pooled,stable_plain,8,0,64,0.5668302178382874,1.0,1.0,0.5929068326950073,0.0
pooled,stable_plain,8,0,96,0.6638885140419006,1.0,1.0,0.6537318229675293,0.0
pooled,stable_plain,8,0,128,0.7119318842887878,1.0,1.0,0.6963824033737183,0.0
pooled,stable_plain,8,0,192,0.7442670464515686,1.0,1.0,0.756011426448822,0.0
pooled,stable_plain,8,0,256,0.750404953956604,1.0,1.0,0.7980747222900391,0.0
pooled,stable_plain,8,0,384,0.7556171417236328,1.0,1.0,0.8571234345436096,0.0
pooled,stable_plain,8,0,512,0.7607616782188416,1.0,1.0,0.8988991379737854,0.0
pooled,stable_plain,8,0,768,0.767886757850647,1.0,1.0,0.9576619863510132,0.0
pooled,stable_plain,8,0,1024,0.7699475884437561,1.0,1.0,0.9992954134941101,0.0
pooled,stable_plain,9,0,0,-2.4004406929016113,0.14814814925193787,0.0,0.0,0.8518518209457397
pooled,stable_plain,9,0,1,-1.9300315380096436,0.5370370149612427,0.1666666716337204,0.0,0.4629629850387573
pooled,stable_plain,9,0,2,-1.5107061862945557,0.6851851940155029,0.3333333432674408,0.0,0.31481480598449707
pooled,stable_plain,9,0,4,-0.8479897975921631,0.6666666865348816,0.6666666865348816,0.0,0.3333333134651184
pooled,stable_plain,9,0,8,0.16773217916488647,1.0,1.0,0.19994372129440308,0.0
pooled,stable_plain,9,0,12,0.3510439097881317,1.0,1.0,0.2999155819416046,0.0
pooled,stable_plain,9,0,16,0.37072864174842834,1.0,1.0,0.35839536786079407,0.0
pooled,stable_plain,9,0,24,0.4421296715736389,1.0,1.0,0.43207117915153503,0.0
pooled,stable_plain,9,0,32,0.5171246528625488,1.0,1.0,0.4806002080440521,0.0
pooled,stable_plain,9,0,48,0.6353178024291992,1.0,1.0,0.5457895398139954,0.0
pooled,stable_plain,9,0,64,0.7185794711112976,1.0,1.0,0.590522825717926,0.0
pooled,stable_plain,9,0,96,0.814660906791687,1.0,1.0,0.6521726250648499,0.0
pooled,stable_plain,9,0,128,0.8586338758468628,1.0,1.0,0.6952239274978638,0.0
pooled,stable_plain,9,0,192,0.8875259757041931,1.0,1.0,0.7552462816238403,0.0
pooled,stable_plain,9,0,256,0.894570529460907,1.0,1.0,0.7975034713745117,0.0
pooled,stable_plain,9,0,384,0.9046193361282349,1.0,1.0,0.8567444086074829,0.0
pooled,stable_plain,9,0,512,0.9151158332824707,1.0,1.0,0.8986155390739441,0.0
pooled,stable_plain,9,0,768,0.9262470006942749,1.0,1.0,0.9574733972549438,0.0
pooled,stable_plain,9,0,1024,0.9281709790229797,1.0,1.0,0.9991540908813477,0.0
pooled,stable_plain,12,1-2,0,-2.4004406929016113,0.1090909093618393,0.0,0.0,0.8909090757369995
pooled,stable_plain,12,1-2,1,-1.8366636037826538,0.581818163394928,0.20000000298023224,0.0,0.418181836605072
pooled,stable_plain,12,1-2,2,-1.1850162744522095,0.6000000238418579,0.4000000059604645,0.0,0.3999999761581421
pooled,stable_plain,12,1-2,4,-0.7846436500549316,0.800000011920929,0.800000011920929,0.0,0.19999998807907104
pooled,stable_plain,12,1-2,8,0.2330547273159027,1.0,1.0,0.23212747275829315,0.0
pooled,stable_plain,12,1-2,12,0.40982624888420105,1.0,1.0,0.316903293132782,0.0
pooled,stable_plain,12,1-2,16,0.44539815187454224,1.0,1.0,0.3699398338794708,0.0
pooled,stable_plain,12,1-2,24,0.4996120035648346,1.0,1.0,0.43910813331604004,0.0
pooled,stable_plain,12,1-2,32,0.5570459365844727,1.0,1.0,0.4856613576412201,0.0
pooled,stable_plain,12,1-2,48,0.651045024394989,1.0,1.0,0.5490307807922363,0.0
pooled,stable_plain,12,1-2,64,0.7239891886711121,1.0,1.0,0.5929068326950073,0.0
pooled,stable_plain,12,1-2,96,0.81810462474823,1.0,1.0,0.6537318229675293,0.0
pooled,stable_plain,12,1-2,128,0.863892138004303,1.0,1.0,0.6963824033737183,0.0
pooled,stable_plain,12,1-2,192,0.8939734101295471,1.0,1.0,0.756011426448822,0.0
pooled,stable_plain,12,1-2,256,0.901256263256073,1.0,1.0,0.7980747222900391,0.0
pooled,stable_plain,12,1-2,384,0.9115040898323059,1.0,1.0,0.8571234345436096,0.0
pooled,stable_plain,12,1-2,512,0.9219953417778015,1.0,1.0,0.8988991379737854,0.0
pooled,stable_plain,12,1-2,768,0.937038004398346,1.0,1.0,0.9576619863510132,0.0
pooled,stable_plain,12,1-2,1024,0.9442347288131714,1.0,1.0,0.9992954134941101,0.0
pooled,stable_plain,13,1-2,0,-2.4004406929016113,0.09090909361839294,0.0,0.0,0.9090908765792847
pooled,stable_plain,13,1-2,1,-1.6452374458312988,0.4909090995788574,0.0555555559694767,0.0,0.5090909004211426
pooled,stable_plain,13,1-2,2,-1.0226588249206543,0.5454545617103577,0.1111111119389534,0.0,0.45454543828964233
pooled,stable_plain,13,1-2,4,-0.9260491132736206,0.6727272868156433,0.2222222238779068,0.0,0.3272727131843567
pooled,stable_plain,13,1-2,8,-0.7060694098472595,0.5636363625526428,0.4444444477558136,0.0,0.4363636374473572
pooled,stable_plain,13,1-2,12,-0.7903266549110413,0.5090909004211426,0.6666666865348816,0.0,0.4909090995788574
pooled,stable_plain,13,1-2,16,-0.7591193318367004,0.6909090876579285,0.8888888955116272,0.0,0.30909091234207153
pooled,stable_plain,13,1-2,24,0.34987789392471313,1.0,1.0,0.2999155819416046,0.0
pooled,stable_plain,13,1-2,32,0.4328214228153229,1.0,1.0,0.39988744258880615,0.0
pooled,stable_plain,13,1-2,48,0.49142032861709595,1.0,1.0,0.4998593032360077,0.0
pooled,stable_plain,13,1-2,64,0.5327924489974976,1.0,1.0,0.5583390593528748,0.0
pooled,stable_plain,13,1-2,96,0.5967122912406921,1.0,1.0,0.6320148706436157,0.0
pooled,stable_plain,13,1-2,128,0.6374756097793579,1.0,1.0,0.6805438995361328,0.0
pooled,stable_plain,13,1-2,192,0.6742381453514099,1.0,1.0,0.7457332611083984,0.0
pooled,stable_plain,13,1-2,256,0.6865445375442505,1.0,1.0,0.7904665470123291,0.0
pooled,stable_plain,13,1-2,384,0.6967669725418091,1.0,1.0,0.8521163463592529,0.0
pooled,stable_plain,13,1-2,512,0.702262818813324,1.0,1.0,0.8951676487922668,0.0
pooled,stable_plain,13,1-2,768,0.7084465026855469,1.0,1.0,0.9551900029182434,0.0
pooled,stable_plain,13,1-2,1024,0.7120336890220642,1.0,1.0,0.9974471926689148,0.0
pooled,stable_plain,20,1-2,0,-2.4004406929016113,0.1071428582072258,0.0,0.0,0.8928571343421936
pooled,stable_plain,20,1-2,1,-1.9512234926223755,0.5714285969734192,0.1666666716337204,0.0,0.4285714030265808
pooled,stable_plain,20,1-2,2,-1.614789605140686,0.6607142686843872,0.3333333432674408,0.0,0.3392857313156128
pooled,stable_plain,20,1-2,4,-1.2464826107025146,0.9285714030265808,0.6666666865348816,0.0,0.07142859697341919
pooled,stable_plain,20,1-2,8,0.09833082556724548,1.0,1.0,0.19994372129440308,0.0
pooled,stable_plain,20,1-2,12,0.2974556088447571,1.0,1.0,0.2999155819416046,0.0
pooled,stable_plain,20,1-2,16,0.3265497088432312,1.0,1.0,0.35839536786079407,0.0
pooled,stable_plain,20,1-2,24,0.3831596374511719,1.0,1.0,0.43207117915153503,0.0
pooled,stable_plain,20,1-2,32,0.4443132281303406,1.0,1.0,0.4806002080440521,0.0
pooled,stable_plain,20,1-2,48,0.5417463183403015,1.0,1.0,0.5457895398139954,0.0
pooled,stable_plain,20,1-2,64,0.6103679537773132,1.0,1.0,0.590522825717926,0.0
pooled,stable_plain,20,1-2,96,0.6929908990859985,1.0,1.0,0.6521726250648499,0.0
pooled,stable_plain,20,1-2,128,0.7331111431121826,1.0,1.0,0.6952239274978638,0.0
pooled,stable_plain,20,1-2,192,0.7601593732833862,1.0,1.0,0.7552462816238403,0.0
pooled,stable_plain,20,1-2,256,0.7690318822860718,1.0,1.0,0.7975034713745117,0.0
pooled,stable_plain,20,1-2,384,0.782052755355835,1.0,1.0,0.8567444086074829,0.0
pooled,stable_plain,20,1-2,512,0.7920428514480591,1.0,1.0,0.8986155390739441,0.0
pooled,stable_plain,20,1-2,768,0.8035740256309509,1.0,1.0,0.9574733972549438,0.0
pooled,stable_plain,20,1-2,1024,0.8049052953720093,1.0,1.0,0.9991540908813477,0.0
pooled,stable_plain,22,1-2,0,-2.4004406929016113,0.109375,0.0,0.0,0.890625
pooled,stable_plain,22,1-2,1,-2.2121469974517822,0.296875,0.1428571492433548,0.0,0.703125
pooled,stable_plain,22,1-2,2,-1.849073886871338,0.5625,0.2857142984867096,0.0,0.4375
pooled,stable_plain,22,1-2,4,-1.27589750289917,0.859375,0.5714285969734192,0.0,0.140625
pooled,stable_plain,22,1-2,8,0.008100916631519794,1.0,1.0,0.158451646566391,0.0
pooled,stable_plain,22,1-2,12,0.270542174577713,1.0,1.0,0.28065648674964905,0.0
pooled,stable_plain,22,1-2,16,0.31503400206565857,1.0,1.0,0.3458458185195923,0.0
pooled,stable_plain,22,1-2,24,0.374637633562088,1.0,1.0,0.4246731996536255,0.0
pooled,stable_plain,22,1-2,32,0.4293193221092224,1.0,1.0,0.475354939699173,0.0
pooled,stable_plain,22,1-2,48,0.5169818997383118,1.0,1.0,0.5424737930297852,0.0
pooled,stable_plain,22,1-2,64,0.5848748683929443,1.0,1.0,0.5880987644195557,0.0
pooled,stable_plain,22,1-2,96,0.6741103529930115,1.0,1.0,0.6505963206291199,0.0
pooled,stable_plain,22,1-2,128,0.7198814153671265,1.0,1.0,0.6940560936927795,0.0
pooled,stable_plain,22,1-2,192,0.747818112373352,1.0,1.0,0.7544770836830139,0.0
pooled,stable_plain,22,1-2,256,0.7521798014640808,1.0,1.0,0.7969300150871277,0.0
pooled,stable_plain,22,1-2,384,0.7572190761566162,1.0,1.0,0.8563643097877502,0.0
pooled,stable_plain,22,1-2,512,0.7630057334899902,1.0,1.0,0.8983312845230103,0.0
pooled,stable_plain,22,1-2,768,0.7712604999542236,1.0,1.0,0.9572844505310059,0.0
pooled,stable_plain,22,1-2,1024,0.7743430137634277,1.0,1.0,0.9990125894546509,0.0
pooled,stable_plain,27,3-10,0,-2.4004406929016113,0.12727272510528564,0.0,0.0,0.8727272748947144
pooled,stable_plain,27,3-10,1,-1.6212061643600464,0.5272727012634277,0.1666666716337204,0.0,0.47272729873657227
pooled,stable_plain,27,3-10,2,-1.0797399282455444,0.6727272868156433,0.3333333432674408,0.0,0.3272727131843567
pooled,stable_plain,27,3-10,4,-1.067284107208252,0.7636363506317139,0.6666666865348816,0.0,0.23636364936828613
pooled,stable_plain,27,3-10,8,0.1551923304796219,1.0,1.0,0.19994372129440308,0.0
pooled,stable_plain,27,3-10,12,0.2853128910064697,1.0,1.0,0.2999155819416046,0.0
pooled,stable_plain,27,3-10,16,0.3001565635204315,1.0,1.0,0.35839536786079407,0.0
pooled,stable_plain,27,3-10,24,0.3649640679359436,1.0,1.0,0.43207117915153503,0.0
pooled,stable_plain,27,3-10,32,0.4354528784751892,1.0,1.0,0.4806002080440521,0.0
pooled,stable_plain,27,3-10,48,0.5441564917564392,1.0,1.0,0.5457895398139954,0.0
pooled,stable_plain,27,3-10,64,0.6234889030456543,1.0,1.0,0.590522825717926,0.0
pooled,stable_plain,27,3-10,96,0.7157359719276428,1.0,1.0,0.6521726250648499,0.0
pooled,stable_plain,27,3-10,128,0.7579007744789124,1.0,1.0,0.6952239274978638,0.0
pooled,stable_plain,27,3-10,192,0.7831735610961914,1.0,1.0,0.7552462816238403,0.0
pooled,stable_plain,27,3-10,256,0.7881136536598206,1.0,1.0,0.7975034713745117,0.0
pooled,stable_plain,27,3-10,384,0.797126293182373,1.0,1.0,0.8567444086074829,0.0
pooled,stable_plain,27,3-10,512,0.8053749203681946,1.0,1.0,0.8986155390739441,0.0
pooled,stable_plain,27,3-10,768,0.8122422695159912,1.0,1.0,0.9574733972549438,0.0
pooled,stable_plain,27,3-10,1024,0.8116347193717957,1.0,1.0,0.9991540908813477,0.0
pooled,stable_plain,29,3-10,0,-2.4004406929016113,0.09259258955717087,0.0,0.0,0.9074074029922485
pooled,stable_plain,29,3-10,1,-1.3774056434631348,0.48148149251937866,0.1666666716337204,0.0,0.5185185074806213
pooled,stable_plain,29,3-10,2,-0.8125516176223755,0.5925925970077515,0.3333333432674408,0.0,0.40740740299224854
pooled,stable_plain,29,3-10,4,-0.3510865569114685,0.8888888955116272,0.6666666865348816,0.0,0.1111111044883728
pooled,stable_plain,29,3-10,8,0.3614157438278198,1.0,1.0,0.19994372129440308,0.0
pooled,stable_plain,29,3-10,12,0.3948443531990051,1.0,1.0,0.2999155819416046,0.0
pooled,stable_plain,29,3-10,16,0.3876195251941681,1.0,1.0,0.35839536786079407,0.0
pooled,stable_plain,29,3-10,24,0.4138966202735901,1.0,1.0,0.43207117915153503,0.0
pooled,stable_plain,29,3-10,32,0.4553569257259369,1.0,1.0,0.4806002080440521,0.0
pooled,stable_plain,29,3-10,48,0.537264347076416,1.0,1.0,0.5457895398139954,0.0
pooled,stable_plain,29,3-10,64,0.6019683480262756,1.0,1.0,0.590522825717926,0.0
pooled,stable_plain,29,3-10,96,0.6837465763092041,1.0,1.0,0.6521726250648499,0.0
pooled,stable_plain,29,3-10,128,0.7235601544380188,1.0,1.0,0.6952239274978638,0.0
pooled,stable_plain,29,3-10,192,0.7524517774581909,1.0,1.0,0.7552462816238403,0.0
pooled,stable_plain,29,3-10,256,0.7641787528991699,1.0,1.0,0.7975034713745117,0.0
pooled,stable_plain,29,3-10,384,0.7844977378845215,1.0,1.0,0.8567444086074829,0.0
pooled,stable_plain,29,3-10,512,0.8008328080177307,1.0,1.0,0.8986155390739441,0.0
pooled,stable_plain,29,3-10,768,0.8124961256980896,1.0,1.0,0.9574733972549438,0.0
pooled,stable_plain,29,3-10,1024,0.813731849193573,1.0,1.0,0.9991540908813477,0.0
pooled,stable_plain,30,3-10,0,-2.4004406929016113,0.125,0.0,0.0,0.875
pooled,stable_plain,30,3-10,1,-1.593314290046692,0.3928571343421936,0.1428571492433548,0.0,0.6071428656578064
pooled,stable_plain,30,3-10,2,-1.4218411445617676,0.6428571343421936,0.2857142984867096,0.0,0.3571428656578064
pooled,stable_plain,30,3-10,4,-1.2451201677322388,0.7142857313156128,0.5714285969734192,0.0,0.2857142686843872
pooled,stable_plain,30,3-10,8,0.45374244451522827,1.0,1.0,0.158451646566391,0.0
pooled,stable_plain,30,3-10,12,0.4208240211009979,1.0,1.0,0.28065648674964905,0.0
pooled,stable_plain,30,3-10,16,0.3531095087528229,1.0,1.0,0.3458458185195923,0.0
pooled,stable_plain,30,3-10,24,0.3554815351963043,1.0,1.0,0.4246731996536255,0.0
pooled,stable_plain,30,3-10,32,0.4017099440097809,1.0,1.0,0.475354939699173,0.0
pooled,stable_plain,30,3-10,48,0.48756837844848633,1.0,1.0,0.5424737930297852,0.0
pooled,stable_plain,30,3-10,64,0.552926778793335,1.0,1.0,0.5880987644195557,0.0
pooled,stable_plain,30,3-10,96,0.6378414630889893,1.0,1.0,0.6505963206291199,0.0
pooled,stable_plain,30,3-10,128,0.680418848991394,1.0,1.0,0.6940560936927795,0.0
pooled,stable_plain,30,3-10,192,0.7108858227729797,1.0,1.0,0.7544770836830139,0.0
pooled,stable_plain,30,3-10,256,0.7214421629905701,1.0,1.0,0.7969300150871277,0.0
pooled,stable_plain,30,3-10,384,0.7329698801040649,1.0,1.0,0.8563643097877502,0.0
pooled,stable_plain,30,3-10,512,0.7396247982978821,1.0,1.0,0.8983312845230103,0.0
pooled,stable_plain,30,3-10,768,0.7473874092102051,1.0,1.0,0.9572844505310059,0.0
pooled,stable_plain,30,3-10,1024,0.7497446537017822,1.0,1.0,0.9990125894546509,0.0
pooled,stable_plain,35,3-10,0,-2.4004406929016113,0.12068965286016464,0.0,0.0,0.8793103694915771
pooled,stable_plain,35,3-10,1,-1.9496122598648071,0.3965517282485962,0.09090909361839294,0.0,0.6034482717514038
pooled,stable_plain,35,3-10,2,-1.508610725402832,0.568965494632721,0.1818181872367859,0.0,0.43103450536727905
pooled,stable_plain,35,3-10,4,-1.3674620389938354,0.5344827771186829,0.3636363744735718,0.0,0.46551722288131714
pooled,stable_plain,35,3-10,8,-0.9273929595947266,0.6896551847457886,0.7272727489471436,0.0,0.3103448152542114
pooled,stable_plain,35,3-10,12,-0.09228106588125229,1.0,1.0,0.158451646566391,0.0
pooled,stable_plain,35,3-10,16,0.33591228723526,1.0,1.0,0.28065648674964905,0.0
pooled,stable_plain,35,3-10,24,0.3529749810695648,1.0,1.0,0.39057910442352295,0.0
pooled,stable_plain,35,3-10,32,0.40114349126815796,1.0,1.0,0.4522289037704468,0.0
pooled,stable_plain,35,3-10,48,0.4900779128074646,1.0,1.0,0.5283914804458618,0.0
pooled,stable_plain,35,3-10,64,0.5554595589637756,1.0,1.0,0.5779733061790466,0.0
pooled,stable_plain,35,3-10,96,0.6447665095329285,1.0,1.0,0.6441130042076111,0.0
pooled,stable_plain,35,3-10,128,0.6923108100891113,1.0,1.0,0.6892877221107483,0.0
pooled,stable_plain,35,3-10,192,0.7301666140556335,1.0,1.0,0.7513584494590759,0.0
pooled,stable_plain,35,3-10,256,0.7397712469100952,1.0,1.0,0.7946130633354187,0.0
pooled,stable_plain,35,3-10,384,0.7453228831291199,1.0,1.0,0.8548340797424316,0.0
pooled,stable_plain,35,3-10,512,0.7513970136642456,1.0,1.0,0.8971889019012451,0.0
pooled,stable_plain,35,3-10,768,0.7596405744552612,1.0,1.0,0.9565263390541077,0.0
pooled,stable_plain,35,3-10,1024,0.7634677290916443,1.0,1.0,0.9984452724456787,0.0
pooled,stable_plain,36,11-50,0,-2.4004406929016113,0.145454540848732,0.0,0.0,0.8545454740524292
pooled,stable_plain,36,11-50,1,-1.402255892753601,0.4363636374473572,0.20000000298023224,0.0,0.5636363625526428
pooled,stable_plain,36,11-50,2,-0.8931134343147278,0.6909090876579285,0.4000000059604645,0.0,0.30909091234207153
pooled,stable_plain,36,11-50,4,-0.14011147618293762,0.9636363387107849,0.800000011920929,0.0,0.03636366128921509
pooled,stable_plain,36,11-50,8,0.41684266924858093,1.0,1.0,0.23212747275829315,0.0
pooled,stable_plain,36,11-50,12,0.37421080470085144,1.0,1.0,0.316903293132782,0.0
pooled,stable_plain,36,11-50,16,0.3791019916534424,1.0,1.0,0.3699398338794708,0.0
pooled,stable_plain,36,11-50,24,0.4385526478290558,1.0,1.0,0.43910813331604004,0.0
pooled,stable_plain,36,11-50,32,0.49578559398651123,1.0,1.0,0.4856613576412201,0.0
pooled,stable_plain,36,11-50,48,0.5874940752983093,1.0,1.0,0.5490307807922363,0.0
pooled,stable_plain,36,11-50,64,0.6542546153068542,1.0,1.0,0.5929068326950073,0.0
pooled,stable_plain,36,11-50,96,0.7343261241912842,1.0,1.0,0.6537318229675293,0.0
pooled,stable_plain,36,11-50,128,0.7708986401557922,1.0,1.0,0.6963824033737183,0.0
pooled,stable_plain,36,11-50,192,0.7911503911018372,1.0,1.0,0.756011426448822,0.0
pooled,stable_plain,36,11-50,256,0.7935827970504761,1.0,1.0,0.7980747222900391,0.0
pooled,stable_plain,36,11-50,384,0.7977488040924072,1.0,1.0,0.8571234345436096,0.0
pooled,stable_plain,36,11-50,512,0.8045093417167664,1.0,1.0,0.8988991379737854,0.0
pooled,stable_plain,36,11-50,768,0.815331757068634,1.0,1.0,0.9576619863510132,0.0
pooled,stable_plain,36,11-50,1024,0.8197668790817261,1.0,1.0,0.9992954134941101,0.0
pooled,stable_plain,38,11-50,0,-2.4004406929016113,0.09090909361839294,0.0,0.0,0.9090908765792847
pooled,stable_plain,38,11-50,1,-1.5926196575164795,0.5272727012634277,0.20000000298023224,0.0,0.47272729873657227
pooled,stable_plain,38,11-50,2,-1.0185275077819824,0.6363636255264282,0.4000000059604645,0.0,0.3636363744735718
pooled,stable_plain,38,11-50,4,-0.29405078291893005,0.8181818127632141,0.800000011920929,0.0,0.1818181872367859
pooled,stable_plain,38,11-50,8,0.24671855568885803,1.0,1.0,0.23212747275829315,0.0
pooled,stable_plain,38,11-50,12,0.3625900149345398,1.0,1.0,0.316903293132782,0.0
pooled,stable_plain,38,11-50,16,0.39948397874832153,1.0,1.0,0.3699398338794708,0.0
pooled,stable_plain,38,11-50,24,0.45222532749176025,1.0,1.0,0.43910813331604004,0.0
pooled,stable_plain,38,11-50,32,0.4995839297771454,1.0,1.0,0.4856613576412201,0.0
pooled,stable_plain,38,11-50,48,0.5858520865440369,1.0,1.0,0.5490307807922363,0.0
pooled,stable_plain,38,11-50,64,0.6529167890548706,1.0,1.0,0.5929068326950073,0.0
pooled,stable_plain,38,11-50,96,0.7335270643234253,1.0,1.0,0.6537318229675293,0.0
pooled,stable_plain,38,11-50,128,0.7719402313232422,1.0,1.0,0.6963824033737183,0.0
pooled,stable_plain,38,11-50,192,0.7981357574462891,1.0,1.0,0.756011426448822,0.0
pooled,stable_plain,38,11-50,256,0.8068370819091797,1.0,1.0,0.7980747222900391,0.0
pooled,stable_plain,38,11-50,384,0.8210012912750244,1.0,1.0,0.8571234345436096,0.0
pooled,stable_plain,38,11-50,512,0.8332222104072571,1.0,1.0,0.8988991379737854,0.0
pooled,stable_plain,38,11-50,768,0.8468405604362488,1.0,1.0,0.9576619863510132,0.0
pooled,stable_plain,38,11-50,1024,0.8516000509262085,1.0,1.0,0.9992954134941101,0.0
pooled,stable_plain,41,11-50,0,-2.4004406929016113,0.14035087823867798,0.0,0.0,0.859649121761322
pooled,stable_plain,41,11-50,1,-1.9268157482147217,0.4736842215061188,0.25,0.0,0.5263158082962036
pooled,stable_plain,41,11-50,2,-1.1852751970291138,0.7719298005104065,0.5,0.0,0.2280701994895935
pooled,stable_plain,41,11-50,4,-0.34737440943717957,1.0,1.0,0.09997186064720154,0.0
pooled,stable_plain,41,11-50,8,0.42790547013282776,1.0,1.0,0.25842350721359253,0.0
pooled,stable_plain,41,11-50,12,0.4201018214225769,1.0,1.0,0.3320993185043335,0.0
pooled,stable_plain,41,11-50,16,0.41033071279525757,1.0,1.0,0.3806283473968506,0.0
pooled,stable_plain,41,11-50,24,0.4563159644603729,1.0,1.0,0.4458176791667938,0.0
pooled,stable_plain,41,11-50,32,0.5127453804016113,1.0,1.0,0.4905509650707245,0.0
pooled,stable_plain,41,11-50,48,0.6123551726341248,1.0,1.0,0.5522007346153259,0.0
pooled,stable_plain,41,11-50,64,0.6920389533042908,1.0,1.0,0.5952520370483398,0.0
pooled,stable_plain,41,11-50,96,0.7916713953018188,1.0,1.0,0.6552744507789612,0.0
pooled,stable_plain,41,11-50,128,0.8364735841751099,1.0,1.0,0.6975316405296326,0.0
pooled,stable_plain,41,11-50,192,0.8616370558738708,1.0,1.0,0.756772518157959,0.0
pooled,stable_plain,41,11-50,256,0.8662640452384949,1.0,1.0,0.7986436486244202,0.0
pooled,stable_plain,41,11-50,384,0.8746981620788574,1.0,1.0,0.8575015068054199,0.0
pooled,stable_plain,41,11-50,512,0.8846191763877869,1.0,1.0,0.8991822004318237,0.0
pooled,stable_plain,41,11-50,768,0.8928430676460266,1.0,1.0,0.9578503966331482,0.0
pooled,stable_plain,41,11-50,1024,0.8943812251091003,1.0,1.0,0.999436616897583,0.0
pooled,stable_plain,47,11-50,0,-2.4004406929016113,0.10526315867900848,0.0,0.0,0.8947368264198303
pooled,stable_plain,47,11-50,1,-1.8966360092163086,0.3684210479259491,0.05882352963089943,0.0,0.6315789222717285
pooled,stable_plain,47,11-50,2,-1.565383791923523,0.38596490025520325,0.11764705926179886,0.0,0.6140351295471191
pooled,stable_plain,47,11-50,4,-1.5034267902374268,0.28070175647735596,0.23529411852359772,0.0,0.719298243522644
pooled,stable_plain,47,11-50,8,-1.1078054904937744,0.2631579041481018,0.47058823704719543,0.0,0.7368420958518982
pooled,stable_plain,47,11-50,12,-1.2668781280517578,0.31578946113586426,0.7058823704719543,0.0,0.6842105388641357
pooled,stable_plain,47,11-50,16,-1.215354561805725,0.8070175647735596,0.9411764740943909,0.0,0.19298243522644043
pooled,stable_plain,47,11-50,24,0.42436113953590393,1.0,1.0,0.316903293132782,0.0
pooled,stable_plain,47,11-50,32,0.4224461019039154,1.0,1.0,0.40863126516342163,0.0
pooled,stable_plain,47,11-50,48,0.4970654845237732,1.0,1.0,0.5042974352836609,0.0
pooled,stable_plain,47,11-50,64,0.5587427616119385,1.0,1.0,0.5613129734992981,0.0
pooled,stable_plain,47,11-50,96,0.6399857401847839,1.0,1.0,0.633806586265564,0.0
pooled,stable_plain,47,11-50,128,0.6868000626564026,1.0,1.0,0.6818259954452515,0.0
pooled,stable_plain,47,11-50,192,0.7259534597396851,1.0,1.0,0.746550440788269,0.0
pooled,stable_plain,47,11-50,256,0.7382001280784607,1.0,1.0,0.7910662293434143,0.0
pooled,stable_plain,47,11-50,384,0.7468053698539734,1.0,1.0,0.8525077104568481,0.0
pooled,stable_plain,47,11-50,512,0.7512705326080322,1.0,1.0,0.8954581022262573,0.0
pooled,stable_plain,47,11-50,768,0.7594211101531982,1.0,1.0,0.9553816914558411,0.0
pooled,stable_plain,47,11-50,1024,0.7664203643798828,1.0,1.0,0.9975902438163757,0.0
pooled,stable_plain,51,51+,0,-2.4004406929016113,0.13793103396892548,0.0,0.0,0.8620689511299133
pooled,stable_plain,51,51+,1,-2.158839464187622,0.4137931168079376,0.1428571492433548,0.0,0.5862069129943848
pooled,stable_plain,51,51+,2,-1.7822984457015991,0.517241358757019,0.2857142984867096,0.0,0.48275864124298096
pooled,stable_plain,51,51+,4,-1.332754373550415,0.8103448152542114,0.5714285969734192,0.0,0.18965518474578857
pooled,stable_plain,51,51+,8,-0.342875212430954,1.0,1.0,0.158451646566391,0.0
pooled,stable_plain,51,51+,12,0.2924991250038147,1.0,1.0,0.28065648674964905,0.0
pooled,stable_plain,51,51+,16,0.35518479347229004,1.0,1.0,0.3458458185195923,0.0
pooled,stable_plain,51,51+,24,0.4078029692173004,1.0,1.0,0.4246731996536255,0.0
pooled,stable_plain,51,51+,32,0.45913270115852356,1.0,1.0,0.475354939699173,0.0
pooled,stable_plain,51,51+,48,0.5434796214103699,1.0,1.0,0.5424737930297852,0.0
pooled,stable_plain,51,51+,64,0.6094560027122498,1.0,1.0,0.5880987644195557,0.0
pooled,stable_plain,51,51+,96,0.691281795501709,1.0,1.0,0.6505963206291199,0.0
pooled,stable_plain,51,51+,128,0.7306556105613708,1.0,1.0,0.6940560936927795,0.0
pooled,stable_plain,51,51+,192,0.7576373219490051,1.0,1.0,0.7544770836830139,0.0
pooled,stable_plain,51,51+,256,0.7650063037872314,1.0,1.0,0.7969300150871277,0.0
pooled,stable_plain,51,51+,384,0.7734458446502686,1.0,1.0,0.8563643097877502,0.0
pooled,stable_plain,51,51+,512,0.7809836268424988,1.0,1.0,0.8983312845230103,0.0
pooled,stable_plain,51,51+,768,0.7901369333267212,1.0,1.0,0.9572844505310059,0.0
pooled,stable_plain,51,51+,1024,0.7934716939926147,1.0,1.0,0.9990125894546509,0.0
pooled,stable_plain,52,51+,0,-2.4004406929016113,0.1428571492433548,0.0,0.0,0.8571428656578064
pooled,stable_plain,52,51+,1,-2.1506996154785156,0.4107142984867096,0.0714285746216774,0.0,0.5892857313156128
pooled,stable_plain,52,51+,2,-1.8356754779815674,0.5178571343421936,0.1428571492433548,0.0,0.4821428656578064
pooled,stable_plain,52,51+,4,-1.4978665113449097,0.5357142686843872,0.2857142984867096,0.0,0.4642857313156128
pooled,stable_plain,52,51+,8,-1.1669540405273438,0.625,0.5714285969734192,0.0,0.375
pooled,stable_plain,52,51+,12,-1.2679405212402344,0.8214285969734192,0.8571428656578064,0.0,0.1785714030265808
pooled,stable_plain,52,51+,16,0.02284262888133526,1.0,1.0,0.19994372129440308,0.0
pooled,stable_plain,52,51+,24,0.42195069789886475,1.0,1.0,0.35839536786079407,0.0
pooled,stable_plain,52,51+,32,0.4794448912143707,1.0,1.0,0.43207117915153503,0.0
pooled,stable_plain,52,51+,48,0.5639173984527588,1.0,1.0,0.5168470144271851,0.0
pooled,stable_plain,52,51+,64,0.6298831701278687,1.0,1.0,0.5698835253715515,0.0
pooled,stable_plain,52,51+,96,0.7222036719322205,1.0,1.0,0.6390518546104431,0.0
pooled,stable_plain,52,51+,128,0.7751344442367554,1.0,1.0,0.6856051087379456,0.0
pooled,stable_plain,52,51+,192,0.8198264241218567,1.0,1.0,0.7489745020866394,0.0
pooled,stable_plain,52,51+,256,0.8352247476577759,1.0,1.0,0.7928504943847656,0.0
pooled,stable_plain,52,51+,384,0.8505653142929077,1.0,1.0,0.8536755442619324,0.0
pooled,stable_plain,52,51+,512,0.8605971932411194,1.0,1.0,0.8963261246681213,0.0
pooled,stable_plain,52,51+,768,0.8713463544845581,1.0,1.0,0.9559551477432251,0.0
pooled,stable_plain,52,51+,1024,0.8764873743057251,1.0,1.0,0.9980184435844421,0.0
pooled,stable_plain,53,51+,0,-2.4004406929016113,0.1090909093618393,0.0,0.0,0.8909090757369995
pooled,stable_plain,53,51+,1,-1.3309965133666992,0.5454545617103577,0.25,0.0,0.45454543828964233
pooled,stable_plain,53,51+,2,-0.6739252805709839,0.7636363506317139,0.5,0.0,0.23636364936828613
pooled,stable_plain,53,51+,4,0.12574546039104462,1.0,1.0,0.09997186064720154,0.0
pooled,stable_plain,53,51+,8,0.365803062915802,1.0,1.0,0.25842350721359253,0.0
pooled,stable_plain,53,51+,12,0.3588283061981201,1.0,1.0,0.3320993185043335,0.0
pooled,stable_plain,53,51+,16,0.3672274947166443,1.0,1.0,0.3806283473968506,0.0
pooled,stable_plain,53,51+,24,0.4329240918159485,1.0,1.0,0.4458176791667938,0.0
pooled,stable_plain,53,51+,32,0.49820515513420105,1.0,1.0,0.4905509650707245,0.0
pooled,stable_plain,53,51+,48,0.5998317003250122,1.0,1.0,0.5522007346153259,0.0
pooled,stable_plain,53,51+,64,0.6724106669425964,1.0,1.0,0.5952520370483398,0.0
pooled,stable_plain,53,51+,96,0.7594796419143677,1.0,1.0,0.6552744507789612,0.0
pooled,stable_plain,53,51+,128,0.7988131642341614,1.0,1.0,0.6975316405296326,0.0
pooled,stable_plain,53,51+,192,0.8246331810951233,1.0,1.0,0.756772518157959,0.0
pooled,stable_plain,53,51+,256,0.8336567282676697,1.0,1.0,0.7986436486244202,0.0
pooled,stable_plain,53,51+,384,0.8467026948928833,1.0,1.0,0.8575015068054199,0.0
pooled,stable_plain,53,51+,512,0.8578341603279114,1.0,1.0,0.8991822004318237,0.0
pooled,stable_plain,53,51+,768,0.8699336051940918,1.0,1.0,0.9578503966331482,0.0
pooled,stable_plain,53,51+,1024,0.8727539777755737,1.0,1.0,0.999436616897583,0.0
pooled,stable_plain,56,51+,0,-2.4004406929016113,0.11666666716337204,0.0,0.0,0.8833333253860474
pooled,stable_plain,56,51+,1,-1.842698335647583,0.3499999940395355,0.029411764815449715,0.0,0.6499999761581421
pooled,stable_plain,56,51+,2,-1.5793064832687378,0.5166666507720947,0.05882352963089943,0.0,0.4833333492279053
pooled,stable_plain,56,51+,4,-1.349600911140442,0.46666666865348816,0.11764705926179886,0.0,0.5333333015441895
pooled,stable_plain,56,51+,8,-0.8989105224609375,0.5333333611488342,0.23529411852359772,0.0,0.46666663885116577
pooled,stable_plain,56,51+,12,-0.8283492922782898,0.5833333134651184,0.3529411852359772,0.0,0.4166666865348816
pooled,stable_plain,56,51+,16,-1.1329271793365479,0.5166666507720947,0.47058823704719543,0.0,0.4833333492279053
pooled,stable_plain,56,51+,24,-1.3911948204040527,0.5,0.7058823704719543,0.0,0.5
pooled,stable_plain,56,51+,32,-1.2595205307006836,0.6333333253860474,0.9411764740943909,0.0,0.36666667461395264
pooled,stable_plain,56,51+,48,0.34593382477760315,1.0,1.0,0.39988744258880615,0.0
pooled,stable_plain,56,51+,64,0.4745502173900604,1.0,1.0,0.4998593032360077,0.0
pooled,stable_plain,56,51+,96,0.5837655663490295,1.0,1.0,0.5998311638832092,0.0
pooled,stable_plain,56,51+,128,0.6269824504852295,1.0,1.0,0.6583109498023987,0.0
pooled,stable_plain,56,51+,192,0.6629577875137329,1.0,1.0,0.7319867610931396,0.0
pooled,stable_plain,56,51+,256,0.6799351572990417,1.0,1.0,0.780515730381012,0.0
pooled,stable_plain,56,51+,384,0.6962801218032837,1.0,1.0,0.8457050919532776,0.0
pooled,stable_plain,56,51+,512,0.7066774964332581,1.0,1.0,0.8904383778572083,0.0
pooled,stable_plain,56,51+,768,0.7193453907966614,1.0,1.0,0.9520881772041321,0.0
pooled,stable_plain,56,51+,1024,0.72646164894104,1.0,1.0,0.995139479637146,0.0
pooled,collapsed_plain,1,0,0,-2.37615704536438,0.12727272510528564,0.0,0.0,0.8727272748947144
pooled,collapsed_plain,1,0,1,-1.5623265504837036,0.6181818246841431,0.20000000298023224,0.0,0.38181817531585693
pooled,collapsed_plain,1,0,2,-0.913580060005188,0.7636363506317139,0.4000000059604645,0.0,0.23636364936828613
pooled,collapsed_plain,1,0,4,-0.30930835008621216,0.9090909361839294,0.800000011920929,0.0,0.09090906381607056
pooled,collapsed_plain,1,0,8,0.25495392084121704,1.0,1.0,0.23212747275829315,0.0
pooled,collapsed_plain,1,0,12,0.3665224015712738,1.0,1.0,0.316903293132782,0.0
pooled,collapsed_plain,1,0,16,0.41299355030059814,1.0,1.0,0.3699398338794708,0.0
pooled,collapsed_plain,1,0,24,0.47591549158096313,1.0,1.0,0.43910813331604004,0.0
pooled,collapsed_plain,1,0,32,0.5208732485771179,1.0,1.0,0.4856613576412201,0.0
pooled,collapsed_plain,1,0,48,0.5858296155929565,1.0,1.0,0.5490307807922363,0.0
pooled,collapsed_plain,1,0,64,0.6329184770584106,1.0,1.0,0.5929068326950073,0.0
pooled,collapsed_plain,1,0,96,0.6934475898742676,1.0,1.0,0.6537318229675293,0.0
pooled,collapsed_plain,1,0,128,0.7323065400123596,1.0,1.0,0.6963824033737183,0.0
pooled,collapsed_plain,1,0,192,0.8011406064033508,1.0,1.0,0.756011426448822,0.0
pooled,collapsed_plain,1,0,256,0.84073805809021,1.0,1.0,0.7980747222900391,0.0
pooled,collapsed_plain,1,0,384,0.7825253009796143,1.0,1.0,0.8571234345436096,0.0
pooled,collapsed_plain,1,0,512,0.5287861824035645,1.0,1.0,0.8988991379737854,0.0
pooled,collapsed_plain,1,0,768,0.3576013147830963,0.9818181991577148,1.0,0.0,0.018181800842285156
pooled,collapsed_plain,1,0,1024,0.3391309976577759,0.9272727370262146,1.0,0.0,0.0727272629737854
pooled,collapsed_plain,4,0,0,-2.37615704536438,0.1428571492433548,0.0,0.0,0.8571428656578064
pooled,collapsed_plain,4,0,1,-1.56293523311615,0.5535714030265808,0.20000000298023224,0.0,0.4464285969734192
pooled,collapsed_plain,4,0,2,-1.254392385482788,0.7142857313156128,0.4000000059604645,0.0,0.2857142686843872
pooled,collapsed_plain,4,0,4,-0.2707105875015259,0.9464285969734192,0.800000011920929,0.0,0.05357140302658081
pooled,collapsed_plain,4,0,8,0.3156733214855194,1.0,1.0,0.23212747275829315,0.0
pooled,collapsed_plain,4,0,12,0.4022018611431122,1.0,1.0,0.316903293132782,0.0
pooled,collapsed_plain,4,0,16,0.3994840979576111,1.0,1.0,0.3699398338794708,0.0
pooled,collapsed_plain,4,0,24,0.41142702102661133,1.0,1.0,0.43910813331604004,0.0
pooled,collapsed_plain,4,0,32,0.4322505295276642,1.0,1.0,0.4856613576412201,0.0
pooled,collapsed_plain,4,0,48,0.4751794636249542,1.0,1.0,0.5490307807922363,0.0
pooled,collapsed_plain,4,0,64,0.5148890018463135,1.0,1.0,0.5929068326950073,0.0
pooled,collapsed_plain,4,0,96,0.5796365141868591,1.0,1.0,0.6537318229675293,0.0
pooled,collapsed_plain,4,0,128,0.6267159581184387,1.0,1.0,0.6963824033737183,0.0
pooled,collapsed_plain,4,0,192,0.6940914392471313,1.0,1.0,0.756011426448822,0.0
pooled,collapsed_plain,4,0,256,0.7369589805603027,1.0,1.0,0.7980747222900391,0.0
pooled,collapsed_plain,4,0,384,0.781342089176178,1.0,1.0,0.8571234345436096,0.0
pooled,collapsed_plain,4,0,512,0.7583998441696167,1.0,1.0,0.8988991379737854,0.0
pooled,collapsed_plain,4,0,768,-0.43674036860466003,0.9464285969734192,1.0,0.0,0.05357140302658081
pooled,collapsed_plain,4,0,1024,-0.41787052154541016,0.625,1.0,0.0,0.375
pooled,collapsed_plain,8,0,0,-2.37615704536438,0.1090909093618393,0.0,0.0,0.8909090757369995
pooled,collapsed_plain,8,0,1,-1.4706051349639893,0.581818163394928,0.20000000298023224,0.0,0.418181836605072
pooled,collapsed_plain,8,0,2,-1.375673770904541,0.7636363506317139,0.4000000059604645,0.0,0.23636364936828613
pooled,collapsed_plain,8,0,4,-0.7208272218704224,0.8181818127632141,0.800000011920929,0.0,0.1818181872367859
pooled,collapsed_plain,8,0,8,0.3777543604373932,1.0,1.0,0.23212747275829315,0.0
pooled,collapsed_plain,8,0,12,0.46533825993537903,1.0,1.0,0.316903293132782,0.0
pooled,collapsed_plain,8,0,16,0.4639972150325775,1.0,1.0,0.3699398338794708,0.0
pooled,collapsed_plain,8,0,24,0.4817904233932495,1.0,1.0,0.43910813331604004,0.0
pooled,collapsed_plain,8,0,32,0.5109729170799255,1.0,1.0,0.4856613576412201,0.0
pooled,collapsed_plain,8,0,48,0.5640400648117065,1.0,1.0,0.5490307807922363,0.0
pooled,collapsed_plain,8,0,64,0.6009935140609741,1.0,1.0,0.5929068326950073,0.0
pooled,collapsed_plain,8,0,96,0.6435253620147705,1.0,1.0,0.6537318229675293,0.0
pooled,collapsed_plain,8,0,128,0.6668057441711426,1.0,1.0,0.6963824033737183,0.0
pooled,collapsed_plain,8,0,192,0.7072134613990784,1.0,1.0,0.756011426448822,0.0
pooled,collapsed_plain,8,0,256,0.7183434963226318,1.0,1.0,0.7980747222900391,0.0
pooled,collapsed_plain,8,0,384,0.6818990707397461,1.0,1.0,0.8571234345436096,0.0
pooled,collapsed_plain,8,0,512,0.5702289938926697,1.0,1.0,0.8988991379737854,0.0
pooled,collapsed_plain,8,0,768,0.32879483699798584,0.9818181991577148,1.0,0.0,0.018181800842285156
pooled,collapsed_plain,8,0,1024,-0.31452175974845886,0.6909090876579285,1.0,0.0,0.30909091234207153
pooled,collapsed_plain,9,0,0,-2.37615704536438,0.1111111119389534,0.0,0.0,0.8888888955116272
pooled,collapsed_plain,9,0,1,-1.4458045959472656,0.6111111044883728,0.1666666716337204,0.0,0.3888888955116272
pooled,collapsed_plain,9,0,2,-1.0321146249771118,0.7037037014961243,0.3333333432674408,0.0,0.29629629850387573
pooled,collapsed_plain,9,0,4,-0.3604927659034729,0.7222222089767456,0.6666666865348816,0.0,0.2777777910232544
pooled,collapsed_plain,9,0,8,0.4069370627403259,1.0,1.0,0.19994372129440308,0.0
pooled,collapsed_plain,9,0,12,0.5118529796600342,1.0,1.0,0.2999155819416046,0.0
pooled,collapsed_plain,9,0,16,0.4806847870349884,1.0,1.0,0.35839536786079407,0.0
pooled,collapsed_plain,9,0,24,0.4852287471294403,1.0,1.0,0.43207117915153503,0.0
pooled,collapsed_plain,9,0,32,0.5089930891990662,1.0,1.0,0.4806002080440521,0.0
pooled,collapsed_plain,9,0,48,0.5583276748657227,1.0,1.0,0.5457895398139954,0.0
pooled,collapsed_plain,9,0,64,0.5985861420631409,1.0,1.0,0.590522825717926,0.0
pooled,collapsed_plain,9,0,96,0.6573421359062195,1.0,1.0,0.6521726250648499,0.0
pooled,collapsed_plain,9,0,128,0.7027676105499268,1.0,1.0,0.6952239274978638,0.0
pooled,collapsed_plain,9,0,192,0.7728977799415588,1.0,1.0,0.7552462816238403,0.0
pooled,collapsed_plain,9,0,256,0.8312029838562012,1.0,1.0,0.7975034713745117,0.0
pooled,collapsed_plain,9,0,384,0.8346221446990967,1.0,1.0,0.8567444086074829,0.0
pooled,collapsed_plain,9,0,512,0.7425662875175476,1.0,1.0,0.8986155390739441,0.0
pooled,collapsed_plain,9,0,768,-0.211369127035141,0.9444444179534912,1.0,0.0,0.05555558204650879
pooled,collapsed_plain,9,0,1024,-0.40388378500938416,0.7407407164573669,1.0,0.0,0.25925928354263306
pooled,collapsed_plain,12,1-2,0,-2.37615704536438,0.09090909361839294,0.0,0.0,0.9090908765792847
pooled,collapsed_plain,12,1-2,1,-1.5155713558197021,0.6000000238418579,0.1428571492433548,0.0,0.3999999761581421
pooled,collapsed_plain,12,1-2,2,-1.1880077123641968,0.6727272868156433,0.2857142984867096,0.0,0.3272727131843567
pooled,collapsed_plain,12,1-2,4,-0.8992490172386169,0.7636363506317139,0.5714285969734192,0.0,0.23636364936828613
pooled,collapsed_plain,12,1-2,8,-0.4422852098941803,1.0,1.0,0.158451646566391,0.0
pooled,collapsed_plain,12,1-2,12,0.135304793715477,1.0,1.0,0.28065648674964905,0.0
pooled,collapsed_plain,12,1-2,16,0.29858624935150146,1.0,1.0,0.3458458185195923,0.0
pooled,collapsed_plain,12,1-2,24,0.39199668169021606,1.0,1.0,0.4246731996536255,0.0
pooled,collapsed_plain,12,1-2,32,0.44771507382392883,1.0,1.0,0.475354939699173,0.0
pooled,collapsed_plain,12,1-2,48,0.523244321346283,1.0,1.0,0.5424737930297852,0.0
pooled,collapsed_plain,12,1-2,64,0.5727229118347168,1.0,1.0,0.5880987644195557,0.0
pooled,collapsed_plain,12,1-2,96,0.6403442025184631,1.0,1.0,0.6505963206291199,0.0
pooled,collapsed_plain,12,1-2,128,0.687488853931427,1.0,1.0,0.6940560936927795,0.0
pooled,collapsed_plain,12,1-2,192,0.7209245562553406,1.0,1.0,0.7544770836830139,0.0
pooled,collapsed_plain,12,1-2,256,0.6666792035102844,1.0,1.0,0.7969300150871277,0.0
pooled,collapsed_plain,12,1-2,384,0.552889347076416,1.0,1.0,0.8563643097877502,0.0
pooled,collapsed_plain,12,1-2,512,0.21925610303878784,1.0,1.0,0.8983312845230103,0.0
pooled,collapsed_plain,12,1-2,768,0.2338150590658188,0.9636363387107849,1.0,0.0,0.03636366128921509
pooled,collapsed_plain,12,1-2,1024,0.2666826844215393,0.9272727370262146,1.0,0.0,0.0727272629737854
pooled,collapsed_plain,13,1-2,0,-2.376157283782959,0.09090909361839294,0.0,0.0,0.9090908765792847
pooled,collapsed_plain,13,1-2,1,-1.647072196006775,0.5636363625526428,0.02857142873108387,0.0,0.4363636374473572
pooled,collapsed_plain,13,1-2,2,-1.3070217370986938,0.5272727012634277,0.05714285746216774,0.0,0.47272729873657227
pooled,collapsed_plain,13,1-2,4,-1.1811989545822144,0.6363636255264282,0.11428571492433548,0.0,0.3636363744735718
pooled,collapsed_plain,13,1-2,8,-1.1143635511398315,0.5636363625526428,0.22857142984867096,0.0,0.4363636374473572
pooled,collapsed_plain,13,1-2,12,-1.3025962114334106,0.5454545617103577,0.34285715222358704,0.0,0.45454543828964233
pooled,collapsed_plain,13,1-2,16,-1.2202181816101074,0.6727272868156433,0.4571428596973419,0.0,0.3272727131843567
pooled,collapsed_plain,13,1-2,24,-1.2857531309127808,0.6363636255264282,0.6857143044471741,0.0,0.3636363744735718
pooled,collapsed_plain,13,1-2,32,-1.2774972915649414,0.7636363506317139,0.9142857193946838,0.0,0.23636364936828613
pooled,collapsed_plain,13,1-2,48,0.41193491220474243,1.0,1.0,0.39057910442352295,0.0
pooled,collapsed_plain,13,1-2,64,0.49208882451057434,1.0,1.0,0.4952802062034607,0.0
pooled,collapsed_plain,13,1-2,96,0.5656689405441284,1.0,1.0,0.5975597500801086,0.0
pooled,collapsed_plain,13,1-2,128,0.6203945279121399,1.0,1.0,0.6568006873130798,0.0
pooled,collapsed_plain,13,1-2,192,0.6969588994979858,1.0,1.0,0.7310824990272522,0.0
pooled,collapsed_plain,13,1-2,256,0.7466760277748108,1.0,1.0,0.7798704504966736,0.0
pooled,collapsed_plain,13,1-2,384,0.7409734725952148,1.0,1.0,0.8452947735786438,0.0
pooled,collapsed_plain,13,1-2,512,0.6019653081893921,1.0,1.0,0.8901376128196716,0.0
pooled,collapsed_plain,13,1-2,768,-0.4130345582962036,0.8181818127632141,1.0,0.0,0.1818181872367859
pooled,collapsed_plain,13,1-2,1024,-0.44769808650016785,0.5272727012634277,1.0,0.0,0.47272729873657227
pooled,collapsed_plain,20,1-2,0,-2.37615704536438,0.0892857164144516,0.0,0.0,0.9107142686843872
pooled,collapsed_plain,20,1-2,1,-1.524366021156311,0.5892857313156128,0.20000000298023224,0.0,0.4107142686843872
pooled,collapsed_plain,20,1-2,2,-1.189687967300415,0.7142857313156128,0.4000000059604645,0.0,0.2857142686843872
pooled,collapsed_plain,20,1-2,4,-0.8326942324638367,0.8928571343421936,0.800000011920929,0.0,0.1071428656578064
pooled,collapsed_plain,20,1-2,8,0.26287540793418884,1.0,1.0,0.23212747275829315,0.0
pooled,collapsed_plain,20,1-2,12,0.3756641447544098,1.0,1.0,0.316903293132782,0.0
pooled,collapsed_plain,20,1-2,16,0.37908437848091125,1.0,1.0,0.3699398338794708,0.0
pooled,collapsed_plain,20,1-2,24,0.391378790140152,1.0,1.0,0.43910813331604004,0.0
pooled,collapsed_plain,20,1-2,32,0.41494476795196533,1.0,1.0,0.4856613576412201,0.0
pooled,collapsed_plain,20,1-2,48,0.46805113554000854,1.0,1.0,0.5490307807922363,0.0
pooled,collapsed_plain,20,1-2,64,0.5105575919151306,1.0,1.0,0.5929068326950073,0.0
pooled,collapsed_plain,20,1-2,96,0.5694798827171326,1.0,1.0,0.6537318229675293,0.0
pooled,collapsed_plain,20,1-2,128,0.6050858497619629,1.0,1.0,0.6963824033737183,0.0
pooled,collapsed_plain,20,1-2,192,0.6188961863517761,1.0,1.0,0.756011426448822,0.0
pooled,collapsed_plain,20,1-2,256,0.6059489250183105,1.0,1.0,0.7980747222900391,0.0
pooled,collapsed_plain,20,1-2,384,0.4438168704509735,1.0,1.0,0.8571234345436096,0.0
pooled,collapsed_plain,20,1-2,512,0.330485999584198,1.0,1.0,0.8988991379737854,0.0
pooled,collapsed_plain,20,1-2,768,-0.32256004214286804,0.8392857313156128,1.0,0.0,0.1607142686843872
pooled,collapsed_plain,20,1-2,1024,-0.6439608931541443,0.7678571343421936,1.0,0.0,0.2321428656578064
pooled,collapsed_plain,22,1-2,0,-2.37615704536438,0.109375,0.0,0.0,0.890625
pooled,collapsed_plain,22,1-2,1,-1.515278935432434,0.375,0.1428571492433548,0.0,0.625
pooled,collapsed_plain,22,1-2,2,-1.2111279964447021,0.5625,0.2857142984867096,0.0,0.4375
pooled,collapsed_plain,22,1-2,4,-0.2991374433040619,0.828125,0.5714285969734192,0.0,0.171875
pooled,collapsed_plain,22,1-2,8,0.36055582761764526,1.0,1.0,0.158451646566391,0.0
pooled,collapsed_plain,22,1-2,12,0.45280298590660095,1.0,1.0,0.28065648674964905,0.0
pooled,collapsed_plain,22,1-2,16,0.4320886731147766,1.0,1.0,0.3458458185195923,0.0
pooled,collapsed_plain,22,1-2,24,0.416488915681839,1.0,1.0,0.4246731996536255,0.0
pooled,collapsed_plain,22,1-2,32,0.4306250810623169,1.0,1.0,0.475354939699173,0.0
pooled,collapsed_plain,22,1-2,48,0.48095062375068665,1.0,1.0,0.5424737930297852,0.0
pooled,collapsed_plain,22,1-2,64,0.5244690775871277,1.0,1.0,0.5880987644195557,0.0
pooled,collapsed_plain,22,1-2,96,0.5825667381286621,1.0,1.0,0.6505963206291199,0.0
pooled,collapsed_plain,22,1-2,128,0.6203377842903137,1.0,1.0,0.6940560936927795,0.0
pooled,collapsed_plain,22,1-2,192,0.6757116317749023,1.0,1.0,0.7544770836830139,0.0
pooled,collapsed_plain,22,1-2,256,0.7203238010406494,1.0,1.0,0.7969300150871277,0.0
pooled,collapsed_plain,22,1-2,384,0.7357228398323059,1.0,1.0,0.8563643097877502,0.0
pooled,collapsed_plain,22,1-2,512,0.6499072313308716,1.0,1.0,0.8983312845230103,0.0
pooled,collapsed_plain,22,1-2,768,0.33852988481521606,1.0,1.0,0.9572844505310059,0.0
pooled,collapsed_plain,22,1-2,1024,-0.25434455275535583,0.8125,1.0,0.0,0.1875
pooled,collapsed_plain,27,3-10,0,-2.37615704536438,0.12727272510528564,0.0,0.0,0.8727272748947144
pooled,collapsed_plain,27,3-10,1,-1.5067558288574219,0.5454545617103577,0.1666666716337204,0.0,0.45454543828964233
pooled,collapsed_plain,27,3-10,2,-1.1996299028396606,0.6545454263687134,0.3333333432674408,0.0,0.3454545736312866
pooled,collapsed_plain,27,3-10,4,-1.194530963897705,0.7272727489471436,0.6666666865348816,0.0,0.27272725105285645
pooled,collapsed_plain,27,3-10,8,0.09804556518793106,1.0,1.0,0.19994372129440308,0.0
pooled,collapsed_plain,27,3-10,12,0.3964747488498688,1.0,1.0,0.2999155819416046,0.0
pooled,collapsed_plain,27,3-10,16,0.4083040952682495,1.0,1.0,0.35839536786079407,0.0
pooled,collapsed_plain,27,3-10,24,0.41103655099868774,1.0,1.0,0.43207117915153503,0.0
pooled,collapsed_plain,27,3-10,32,0.4408610165119171,1.0,1.0,0.4806002080440521,0.0
pooled,collapsed_plain,27,3-10,48,0.4951837956905365,1.0,1.0,0.5457895398139954,0.0
pooled,collapsed_plain,27,3-10,64,0.5321987867355347,1.0,1.0,0.590522825717926,0.0
pooled,collapsed_plain,27,3-10,96,0.5784273743629456,1.0,1.0,0.6521726250648499,0.0
pooled,collapsed_plain,27,3-10,128,0.6048558950424194,1.0,1.0,0.6952239274978638,0.0
pooled,collapsed_plain,27,3-10,192,0.6016483306884766,1.0,1.0,0.7552462816238403,0.0
pooled,collapsed_plain,27,3-10,256,0.5792860984802246,1.0,1.0,0.7975034713745117,0.0
pooled,collapsed_plain,27,3-10,384,0.46838149428367615,1.0,1.0,0.8567444086074829,0.0
pooled,collapsed_plain,27,3-10,512,0.3019961714744568,1.0,1.0,0.8986155390739441,0.0
pooled,collapsed_plain,27,3-10,768,0.10032743960618973,0.9636363387107849,1.0,0.0,0.03636366128921509
pooled,collapsed_plain,27,3-10,1024,-0.22133603692054749,0.8363636136054993,1.0,0.0,0.16363638639450073
pooled,collapsed_plain,29,3-10,0,-2.37615704536438,0.1111111119389534,0.0,0.0,0.8888888955116272
pooled,collapsed_plain,29,3-10,1,-1.6912518739700317,0.5185185074806213,0.1428571492433548,0.0,0.48148149251937866
pooled,collapsed_plain,29,3-10,2,-1.240319848060608,0.5555555820465088,0.2857142984867096,0.0,0.4444444179534912
pooled,collapsed_plain,29,3-10,4,-0.5407125353813171,0.7592592835426331,0.5714285969734192,0.0,0.24074071645736694
pooled,collapsed_plain,29,3-10,8,0.07470810413360596,1.0,1.0,0.158451646566391,0.0
pooled,collapsed_plain,29,3-10,12,0.3499469757080078,1.0,1.0,0.28065648674964905,0.0
pooled,collapsed_plain,29,3-10,16,0.40247976779937744,1.0,1.0,0.3458458185195923,0.0
pooled,collapsed_plain,29,3-10,24,0.4055491089820862,1.0,1.0,0.4246731996536255,0.0
pooled,collapsed_plain,29,3-10,32,0.41126587986946106,1.0,1.0,0.475354939699173,0.0
pooled,collapsed_plain,29,3-10,48,0.44023770093917847,1.0,1.0,0.5424737930297852,0.0
pooled,collapsed_plain,29,3-10,64,0.4658331274986267,1.0,1.0,0.5880987644195557,0.0
pooled,collapsed_plain,29,3-10,96,0.5066162943840027,1.0,1.0,0.6505963206291199,0.0
pooled,collapsed_plain,29,3-10,128,0.5284132361412048,1.0,1.0,0.6940560936927795,0.0
pooled,collapsed_plain,29,3-10,192,0.5544716119766235,1.0,1.0,0.7544770836830139,0.0
pooled,collapsed_plain,29,3-10,256,0.5645018815994263,1.0,1.0,0.7969300150871277,0.0
pooled,collapsed_plain,29,3-10,384,0.5645603537559509,1.0,1.0,0.8563643097877502,0.0
pooled,collapsed_plain,29,3-10,512,0.5469200015068054,1.0,1.0,0.8983312845230103,0.0
pooled,collapsed_plain,29,3-10,768,0.5265533924102783,1.0,1.0,0.9572844505310059,0.0
pooled,collapsed_plain,29,3-10,1024,0.5439883470535278,0.9814814925193787,1.0,0.0,0.018518507480621338
pooled,collapsed_plain,30,3-10,0,-2.37615704536438,0.1071428582072258,0.0,0.0,0.8928571343421936
pooled,collapsed_plain,30,3-10,1,-1.7036656141281128,0.4642857015132904,0.1666666716337204,0.0,0.5357142686843872
pooled,collapsed_plain,30,3-10,2,-1.5842368602752686,0.5892857313156128,0.3333333432674408,0.0,0.4107142686843872
pooled,collapsed_plain,30,3-10,4,-1.3851139545440674,0.7678571343421936,0.6666666865348816,0.0,0.2321428656578064
pooled,collapsed_plain,30,3-10,8,0.11667533218860626,1.0,1.0,0.19994372129440308,0.0
pooled,collapsed_plain,30,3-10,12,0.3146284818649292,1.0,1.0,0.2999155819416046,0.0
pooled,collapsed_plain,30,3-10,16,0.3446928560733795,1.0,1.0,0.35839536786079407,0.0
pooled,collapsed_plain,30,3-10,24,0.37587836384773254,1.0,1.0,0.43207117915153503,0.0
pooled,collapsed_plain,30,3-10,32,0.40185242891311646,1.0,1.0,0.4806002080440521,0.0
pooled,collapsed_plain,30,3-10,48,0.45576804876327515,1.0,1.0,0.5457895398139954,0.0
pooled,collapsed_plain,30,3-10,64,0.4995291233062744,1.0,1.0,0.590522825717926,0.0
pooled,collapsed_plain,30,3-10,96,0.564517617225647,1.0,1.0,0.6521726250648499,0.0
pooled,collapsed_plain,30,3-10,128,0.6093184947967529,1.0,1.0,0.6952239274978638,0.0
pooled,collapsed_plain,30,3-10,192,0.6719788908958435,1.0,1.0,0.7552462816238403,0.0
pooled,collapsed_plain,30,3-10,256,0.6780036091804504,1.0,1.0,0.7975034713745117,0.0
pooled,collapsed_plain,30,3-10,384,0.5756409168243408,1.0,1.0,0.8567444086074829,0.0
pooled,collapsed_plain,30,3-10,512,0.30931758880615234,1.0,1.0,0.8986155390739441,0.0
pooled,collapsed_plain,30,3-10,768,-0.43917790055274963,0.875,1.0,0.0,0.125
pooled,collapsed_plain,30,3-10,1024,-0.6308714747428894,0.7678571343421936,1.0,0.0,0.2321428656578064
pooled,collapsed_plain,35,3-10,0,-2.37615704536438,0.12068965286016464,0.0,0.0,0.8793103694915771
pooled,collapsed_plain,35,3-10,1,-1.5911754369735718,0.36206895112991333,0.012048192322254181,0.0,0.6379310488700867
pooled,collapsed_plain,35,3-10,2,-1.5574034452438354,0.517241358757019,0.024096384644508362,0.0,0.48275864124298096
pooled,collapsed_plain,35,3-10,4,-1.5973896980285645,0.4482758641242981,0.048192769289016724,0.0,0.5517241358757019
pooled,collapsed_plain,35,3-10,8,-1.207068681716919,0.6206896305084229,0.09638553857803345,0.0,0.37931036949157715
pooled,collapsed_plain,35,3-10,12,-1.4879872798919678,0.5517241358757019,0.14457830786705017,0.0,0.4482758641242981
pooled,collapsed_plain,35,3-10,16,-1.490392804145813,0.4655172526836395,0.1927710771560669,0.0,0.5344827175140381
pooled,collapsed_plain,35,3-10,24,-1.5221761465072632,0.3965517282485962,0.28915661573410034,0.0,0.6034482717514038
pooled,collapsed_plain,35,3-10,32,-1.9504460096359253,0.48275861144065857,0.3855421543121338,0.0,0.517241358757019
pooled,collapsed_plain,35,3-10,48,-1.984407901763916,0.48275861144065857,0.5783132314682007,0.0,0.517241358757019
pooled,collapsed_plain,35,3-10,64,-1.8204829692840576,0.4482758641242981,0.7710843086242676,0.0,0.5517241358757019
pooled,collapsed_plain,35,3-10,96,0.29782670736312866,1.0,1.0,0.39057910442352295,0.0
pooled,collapsed_plain,35,3-10,128,0.5075985789299011,1.0,1.0,0.5553025603294373,0.0
pooled,collapsed_plain,35,3-10,192,0.6035543084144592,1.0,1.0,0.6792504191398621,0.0
pooled,collapsed_plain,35,3-10,256,0.6398285031318665,1.0,1.0,0.7449113726615906,0.0
pooled,collapsed_plain,35,3-10,384,0.7023462057113647,1.0,1.0,0.8240854144096375,0.0
pooled,collapsed_plain,35,3-10,512,0.7437856793403625,1.0,1.0,0.8749081492424011,0.0
pooled,collapsed_plain,35,3-10,768,0.7373720407485962,1.0,1.0,0.9421514272689819,0.0
pooled,collapsed_plain,35,3-10,1024,0.5925930142402649,1.0,1.0,0.9878333210945129,0.0
pooled,collapsed_plain,36,11-50,0,-2.37615704536438,0.072727270424366,0.0,0.0,0.9272727370262146
pooled,collapsed_plain,36,11-50,1,-1.5963244438171387,0.5272727012634277,0.20000000298023224,0.0,0.47272729873657227
pooled,collapsed_plain,36,11-50,2,-0.9222572445869446,0.7090908885002136,0.4000000059604645,0.0,0.2909091114997864
pooled,collapsed_plain,36,11-50,4,-0.25631478428840637,0.9636363387107849,0.800000011920929,0.0,0.03636366128921509
pooled,collapsed_plain,36,11-50,8,0.47530531883239746,1.0,1.0,0.23212747275829315,0.0
pooled,collapsed_plain,36,11-50,12,0.4933418333530426,1.0,1.0,0.316903293132782,0.0
pooled,collapsed_plain,36,11-50,16,0.47157347202301025,1.0,1.0,0.3699398338794708,0.0
pooled,collapsed_plain,36,11-50,24,0.4507937431335449,1.0,1.0,0.43910813331604004,0.0
pooled,collapsed_plain,36,11-50,32,0.4560808837413788,1.0,1.0,0.4856613576412201,0.0
pooled,collapsed_plain,36,11-50,48,0.4881395399570465,1.0,1.0,0.5490307807922363,0.0
pooled,collapsed_plain,36,11-50,64,0.5157288908958435,1.0,1.0,0.5929068326950073,0.0
pooled,collapsed_plain,36,11-50,96,0.5567922592163086,1.0,1.0,0.6537318229675293,0.0
pooled,collapsed_plain,36,11-50,128,0.5885469913482666,1.0,1.0,0.6963824033737183,0.0
pooled,collapsed_plain,36,11-50,192,0.6471308469772339,1.0,1.0,0.756011426448822,0.0
pooled,collapsed_plain,36,11-50,256,0.697356104850769,1.0,1.0,0.7980747222900391,0.0
pooled,collapsed_plain,36,11-50,384,0.704126238822937,1.0,1.0,0.8571234345436096,0.0
pooled,collapsed_plain,36,11-50,512,0.649616003036499,1.0,1.0,0.8988991379737854,0.0
pooled,collapsed_plain,36,11-50,768,0.48638027906417847,0.9636363387107849,1.0,0.0,0.03636366128921509
pooled,collapsed_plain,36,11-50,1024,0.31272751092910767,0.9272727370262146,1.0,0.0,0.0727272629737854
pooled,collapsed_plain,38,11-50,0,-2.376157283782959,0.072727270424366,0.0,0.0,0.9272727370262146
pooled,collapsed_plain,38,11-50,1,-1.6114411354064941,0.4909090995788574,0.1428571492433548,0.0,0.5090909004211426
pooled,collapsed_plain,38,11-50,2,-1.2393039464950562,0.6000000238418579,0.2857142984867096,0.0,0.3999999761581421
pooled,collapsed_plain,38,11-50,4,-0.5642075538635254,0.7818182110786438,0.5714285969734192,0.0,0.2181817889213562
pooled,collapsed_plain,38,11-50,8,-0.041947729885578156,1.0,1.0,0.158451646566391,0.0
pooled,collapsed_plain,38,11-50,12,0.283058762550354,1.0,1.0,0.28065648674964905,0.0
pooled,collapsed_plain,38,11-50,16,0.35645249485969543,1.0,1.0,0.3458458185195923,0.0
pooled,collapsed_plain,38,11-50,24,0.3694630563259125,1.0,1.0,0.4246731996536255,0.0
pooled,collapsed_plain,38,11-50,32,0.38773632049560547,1.0,1.0,0.475354939699173,0.0
pooled,collapsed_plain,38,11-50,48,0.432739794254303,1.0,1.0,0.5424737930297852,0.0
pooled,collapsed_plain,38,11-50,64,0.4755309224128723,1.0,1.0,0.5880987644195557,0.0
pooled,collapsed_plain,38,11-50,96,0.5458803772926331,1.0,1.0,0.6505963206291199,0.0
pooled,collapsed_plain,38,11-50,128,0.5935593843460083,1.0,1.0,0.6940560936927795,0.0
pooled,collapsed_plain,38,11-50,192,0.6577327251434326,1.0,1.0,0.7544770836830139,0.0
pooled,collapsed_plain,38,11-50,256,0.6825940608978271,1.0,1.0,0.7969300150871277,0.0
pooled,collapsed_plain,38,11-50,384,0.6708337664604187,1.0,1.0,0.8563643097877502,0.0
pooled,collapsed_plain,38,11-50,512,0.6486314535140991,1.0,1.0,0.8983312845230103,0.0
pooled,collapsed_plain,38,11-50,768,0.16916388273239136,0.9454545378684998,1.0,0.0,0.054545462131500244
pooled,collapsed_plain,38,11-50,1024,-0.5422890782356262,0.7272727489471436,1.0,0.0,0.27272725105285645
pooled,collapsed_plain,41,11-50,0,-2.376157283782959,0.08771929889917374,0.0,0.0,0.9122806787490845
pooled,collapsed_plain,41,11-50,1,-1.2533297538757324,0.5438596606254578,0.25,0.0,0.45614033937454224
pooled,collapsed_plain,41,11-50,2,-0.8607315421104431,0.719298243522644,0.5,0.0,0.28070175647735596
pooled,collapsed_plain,41,11-50,4,-0.014457957819104195,1.0,1.0,0.09997186064720154,0.0
pooled,collapsed_plain,41,11-50,8,0.47749608755111694,1.0,1.0,0.25842350721359253,0.0
pooled,collapsed_plain,41,11-50,12,0.5218750238418579,1.0,1.0,0.3320993185043335,0.0
pooled,collapsed_plain,41,11-50,16,0.5125988721847534,1.0,1.0,0.3806283473968506,0.0
pooled,collapsed_plain,41,11-50,24,0.5092141032218933,1.0,1.0,0.4458176791667938,0.0
pooled,collapsed_plain,41,11-50,32,0.5238879919052124,1.0,1.0,0.4905509650707245,0.0
pooled,collapsed_plain,41,11-50,48,0.5655619502067566,1.0,1.0,0.5522007346153259,0.0
pooled,collapsed_plain,41,11-50,64,0.6052501201629639,1.0,1.0,0.5952520370483398,0.0
pooled,collapsed_plain,41,11-50,96,0.6572044491767883,1.0,1.0,0.6552744507789612,0.0
pooled,collapsed_plain,41,11-50,128,0.68360435962677,1.0,1.0,0.6975316405296326,0.0
pooled,collapsed_plain,41,11-50,192,0.7353729605674744,1.0,1.0,0.756772518157959,0.0
pooled,collapsed_plain,41,11-50,256,0.7279192805290222,1.0,1.0,0.7986436486244202,0.0
pooled,collapsed_plain,41,11-50,384,0.5753785967826843,1.0,1.0,0.8575015068054199,0.0
pooled,collapsed_plain,41,11-50,512,0.48954424262046814,1.0,1.0,0.8991822004318237,0.0
pooled,collapsed_plain,41,11-50,768,0.3152150809764862,0.9473684430122375,1.0,0.0,0.05263155698776245
pooled,collapsed_plain,41,11-50,1024,0.16840948164463043,0.9298245906829834,1.0,0.0,0.0701754093170166
pooled,collapsed_plain,47,11-50,0,-2.37615704536438,0.08771929889917374,0.0,0.0,0.9122806787490845
pooled,collapsed_plain,47,11-50,1,-1.655558705329895,0.4035087823867798,0.023255813866853714,0.0,0.5964912176132202
pooled,collapsed_plain,47,11-50,2,-1.6746214628219604,0.3333333432674408,0.04651162773370743,0.0,0.6666666269302368
pooled,collapsed_plain,47,11-50,4,-1.6549996137619019,0.15789473056793213,0.09302325546741486,0.0,0.8421052694320679
pooled,collapsed_plain,47,11-50,8,-1.32671058177948,0.31578946113586426,0.1860465109348297,0.0,0.6842105388641357
pooled,collapsed_plain,47,11-50,12,-1.548996090888977,0.3333333432674408,0.27906978130340576,0.0,0.6666666269302368
pooled,collapsed_plain,47,11-50,16,-1.800186038017273,0.3684210479259491,0.3720930218696594,0.0,0.6315789222717285
pooled,collapsed_plain,47,11-50,24,-1.824499487876892,0.31578946113586426,0.5581395626068115,0.0,0.6842105388641357
pooled,collapsed_plain,47,11-50,32,-1.7234314680099487,0.45614033937454224,0.7441860437393188,0.0,0.5438596606254578
pooled,collapsed_plain,47,11-50,48,0.05513008311390877,1.0,1.0,0.28065648674964905,0.0
pooled,collapsed_plain,47,11-50,64,0.42613688111305237,1.0,1.0,0.4522289037704468,0.0
pooled,collapsed_plain,47,11-50,96,0.5329025387763977,1.0,1.0,0.5779733061790466,0.0
pooled,collapsed_plain,47,11-50,128,0.5854024291038513,1.0,1.0,0.6441130042076111,0.0
pooled,collapsed_plain,47,11-50,192,0.6430750489234924,1.0,1.0,0.7236367464065552,0.0
pooled,collapsed_plain,47,11-50,256,0.6848899722099304,1.0,1.0,0.7746012210845947,0.0
pooled,collapsed_plain,47,11-50,384,0.6995584964752197,1.0,1.0,0.8419694304466248,0.0
pooled,collapsed_plain,47,11-50,512,0.5979303121566772,1.0,1.0,0.8877084255218506,0.0
pooled,collapsed_plain,47,11-50,768,-0.09086177498102188,0.8771929740905762,1.0,0.0,0.12280702590942383
pooled,collapsed_plain,47,11-50,1024,-0.6516933441162109,0.6666666865348816,1.0,0.0,0.3333333134651184
pooled,collapsed_plain,51,51+,0,-2.37615704536438,0.08620689809322357,0.0,0.0,0.9137930870056152
pooled,collapsed_plain,51,51+,1,-1.6847565174102783,0.4482758641242981,0.0833333358168602,0.0,0.5517241358757019
pooled,collapsed_plain,51,51+,2,-1.4464651346206665,0.5344827771186829,0.1666666716337204,0.0,0.46551722288131714
pooled,collapsed_plain,51,51+,4,-1.0078657865524292,0.7758620977401733,0.3333333432674408,0.0,0.22413790225982666
pooled,collapsed_plain,51,51+,8,-0.36591872572898865,0.8620689511299133,0.6666666865348816,0.0,0.13793104887008667
pooled,collapsed_plain,51,51+,12,-0.0843040868639946,1.0,1.0,0.09997186064720154,0.0
pooled,collapsed_plain,51,51+,16,0.24061499536037445,1.0,1.0,0.25842350721359253,0.0
pooled,collapsed_plain,51,51+,24,0.35579317808151245,1.0,1.0,0.3806283473968506,0.0
pooled,collapsed_plain,51,51+,32,0.36760127544403076,1.0,1.0,0.4458176791667938,0.0
pooled,collapsed_plain,51,51+,48,0.3965297043323517,1.0,1.0,0.5246450304985046,0.0
pooled,collapsed_plain,51,51+,64,0.43670251965522766,1.0,1.0,0.5753268003463745,0.0
pooled,collapsed_plain,51,51+,96,0.5027511715888977,1.0,1.0,0.6424456238746643,0.0
pooled,collapsed_plain,51,51+,128,0.5457724332809448,1.0,1.0,0.6880705952644348,0.0
pooled,collapsed_plain,51,51+,192,0.600433349609375,1.0,1.0,0.750568151473999,0.0
pooled,collapsed_plain,51,51+,256,0.6254796981811523,1.0,1.0,0.7940279245376587,0.0
pooled,collapsed_plain,51,51+,384,0.6309735178947449,1.0,1.0,0.8544489145278931,0.0
pooled,collapsed_plain,51,51+,512,0.6083504557609558,1.0,1.0,0.8969019055366516,0.0
pooled,collapsed_plain,51,51+,768,0.38137540221214294,0.982758641242981,1.0,0.0,0.017241358757019043
pooled,collapsed_plain,51,51+,1024,-0.48293960094451904,0.7758620977401733,1.0,0.0,0.22413790225982666
pooled,collapsed_plain,52,51+,0,-2.37615704536438,0.1071428582072258,0.0,0.0,0.8928571343421936
pooled,collapsed_plain,52,51+,1,-1.7909982204437256,0.4464285671710968,0.05882352963089943,0.0,0.5535714626312256
pooled,collapsed_plain,52,51+,2,-1.5040011405944824,0.4821428656578064,0.11764705926179886,0.0,0.5178571343421936
pooled,collapsed_plain,52,51+,4,-1.05368971824646,0.5714285969734192,0.23529411852359772,0.0,0.4285714030265808
pooled,collapsed_plain,52,51+,8,-0.3024429976940155,0.6964285969734192,0.47058823704719543,0.0,0.3035714030265808
pooled,collapsed_plain,52,51+,12,-0.9352605938911438,0.6964285969734192,0.7058823704719543,0.0,0.3035714030265808
pooled,collapsed_plain,52,51+,16,-0.8885394334793091,0.9821428656578064,0.9411764740943909,0.0,0.017857134342193604
pooled,collapsed_plain,52,51+,24,0.36416539549827576,1.0,1.0,0.316903293132782,0.0
pooled,collapsed_plain,52,51+,32,0.44295448064804077,1.0,1.0,0.40863126516342163,0.0
pooled,collapsed_plain,52,51+,48,0.4987499415874481,1.0,1.0,0.5042974352836609,0.0
pooled,collapsed_plain,52,51+,64,0.5494555234909058,1.0,1.0,0.5613129734992981,0.0
pooled,collapsed_plain,52,51+,96,0.6266772747039795,1.0,1.0,0.633806586265564,0.0
pooled,collapsed_plain,52,51+,128,0.681849479675293,1.0,1.0,0.6818259954452515,0.0
pooled,collapsed_plain,52,51+,192,0.7596696615219116,1.0,1.0,0.746550440788269,0.0
pooled,collapsed_plain,52,51+,256,0.7824078798294067,1.0,1.0,0.7910662293434143,0.0
pooled,collapsed_plain,52,51+,384,0.7652782797813416,1.0,1.0,0.8525077104568481,0.0
pooled,collapsed_plain,52,51+,512,0.7265309691429138,1.0,1.0,0.8954581022262573,0.0
pooled,collapsed_plain,52,51+,768,0.5585929155349731,0.9821428656578064,1.0,0.0,0.017857134342193604
pooled,collapsed_plain,52,51+,1024,0.4876754879951477,0.9642857313156128,1.0,0.0,0.03571426868438721
pooled,collapsed_plain,53,51+,0,-2.37615704536438,0.145454540848732,0.0,0.0,0.8545454740524292
pooled,collapsed_plain,53,51+,1,-1.644978404045105,0.5272727012634277,0.20000000298023224,0.0,0.47272729873657227
pooled,collapsed_plain,53,51+,2,-1.1248079538345337,0.6727272868156433,0.4000000059604645,0.0,0.3272727131843567
pooled,collapsed_plain,53,51+,4,-0.5918809771537781,0.9818181991577148,0.800000011920929,0.0,0.018181800842285156
pooled,collapsed_plain,53,51+,8,-0.031207280233502388,1.0,1.0,0.23212747275829315,0.0
pooled,collapsed_plain,53,51+,12,0.2063392549753189,1.0,1.0,0.316903293132782,0.0
pooled,collapsed_plain,53,51+,16,0.286080002784729,1.0,1.0,0.3699398338794708,0.0
pooled,collapsed_plain,53,51+,24,0.36546748876571655,1.0,1.0,0.43910813331604004,0.0
pooled,collapsed_plain,53,51+,32,0.4180748462677002,1.0,1.0,0.4856613576412201,0.0
pooled,collapsed_plain,53,51+,48,0.48812752962112427,1.0,1.0,0.5490307807922363,0.0
pooled,collapsed_plain,53,51+,64,0.5353495478630066,1.0,1.0,0.5929068326950073,0.0
pooled,collapsed_plain,53,51+,96,0.5996204614639282,1.0,1.0,0.6537318229675293,0.0
pooled,collapsed_plain,53,51+,128,0.6435298919677734,1.0,1.0,0.6963824033737183,0.0
pooled,collapsed_plain,53,51+,192,0.6913074254989624,1.0,1.0,0.756011426448822,0.0
pooled,collapsed_plain,53,51+,256,0.6613307595252991,1.0,1.0,0.7980747222900391,0.0
pooled,collapsed_plain,53,51+,384,0.5605363249778748,1.0,1.0,0.8571234345436096,0.0
pooled,collapsed_plain,53,51+,512,0.504450798034668,1.0,1.0,0.8988991379737854,0.0
pooled,collapsed_plain,53,51+,768,0.3996036946773529,0.9636363387107849,1.0,0.0,0.03636366128921509
pooled,collapsed_plain,53,51+,1024,0.37949374318122864,0.9272727370262146,1.0,0.0,0.0727272629737854
pooled,collapsed_plain,56,51+,0,-2.37615704536438,0.11666666716337204,0.0,0.0,0.8833333253860474
pooled,collapsed_plain,56,51+,1,-1.636352300643921,0.36666667461395264,0.043478261679410934,0.0,0.6333333253860474
pooled,collapsed_plain,56,51+,2,-1.7439541816711426,0.5166666507720947,0.08695652335882187,0.0,0.4833333492279053
pooled,collapsed_plain,56,51+,4,-1.5258952379226685,0.5333333611488342,0.17391304671764374,0.0,0.46666663885116577
pooled,collapsed_plain,56,51+,8,-1.3578698635101318,0.5666666626930237,0.3478260934352875,0.0,0.4333333373069763
pooled,collapsed_plain,56,51+,12,-1.0739541053771973,0.6833333373069763,0.52173912525177,0.0,0.3166666626930237
pooled,collapsed_plain,56,51+,16,-1.5188195705413818,0.5,0.695652186870575,0.0,0.5
pooled,collapsed_plain,56,51+,24,-0.27534282207489014,1.0,1.0,0.158451646566391,0.0
pooled,collapsed_plain,56,51+,32,0.33173081278800964,1.0,1.0,0.3458458185195923,0.0
pooled,collapsed_plain,56,51+,48,0.4236966073513031,1.0,1.0,0.475354939699173,0.0
pooled,collapsed_plain,56,51+,64,0.48220956325531006,1.0,1.0,0.5424737930297852,0.0
pooled,collapsed_plain,56,51+,96,0.5594976544380188,1.0,1.0,0.6227065920829773,0.0
pooled,collapsed_plain,56,51+,128,0.6016900539398193,1.0,1.0,0.6739569306373596,0.0
pooled,collapsed_plain,56,51+,192,0.6587806344032288,1.0,1.0,0.7415764927864075,0.0
pooled,collapsed_plain,56,51+,256,0.6974868178367615,1.0,1.0,0.7874300479888916,0.0
pooled,collapsed_plain,56,51+,384,0.7203457355499268,1.0,1.0,0.8501432538032532,0.0
pooled,collapsed_plain,56,51+,512,0.6796711087226868,1.0,1.0,0.8937063217163086,0.0
pooled,collapsed_plain,56,51+,768,0.40553945302963257,0.9666666388511658,1.0,0.0,0.03333336114883423
pooled,collapsed_plain,56,51+,1024,-0.5663865804672241,0.8166666626930237,1.0,0.0,0.18333333730697632
pooled,late_state_ce,1,0,0,-2.3812379837036133,0.12727272510528564,0.0,0.0,0.8727272748947144
pooled,late_state_ce,1,0,1,-1.3671445846557617,0.6363636255264282,0.20000000298023224,0.0,0.3636363744735718
pooled,late_state_ce,1,0,2,-0.7948362231254578,0.7818182110786438,0.4000000059604645,0.0,0.2181817889213562
pooled,late_state_ce,1,0,4,-0.26307791471481323,0.9454545378684998,0.800000011920929,0.0,0.054545462131500244
pooled,late_state_ce,1,0,8,0.31106874346733093,1.0,1.0,0.23212747275829315,0.0
pooled,late_state_ce,1,0,12,0.2764867842197418,1.0,1.0,0.316903293132782,0.0
pooled,late_state_ce,1,0,16,0.2619975507259369,1.0,1.0,0.3699398338794708,0.0
pooled,late_state_ce,1,0,24,0.30605348944664,1.0,1.0,0.43910813331604004,0.0
pooled,late_state_ce,1,0,32,0.479014128446579,1.0,1.0,0.4856613576412201,0.0
pooled,late_state_ce,1,0,48,0.5835224986076355,1.0,1.0,0.5490307807922363,0.0
pooled,late_state_ce,1,0,64,0.5503116250038147,1.0,1.0,0.5929068326950073,0.0
pooled,late_state_ce,1,0,96,0.6352924108505249,1.0,1.0,0.6537318229675293,0.0
pooled,late_state_ce,1,0,128,0.6704599261283875,1.0,1.0,0.6963824033737183,0.0
pooled,late_state_ce,1,0,192,0.7843390107154846,1.0,1.0,0.756011426448822,0.0
pooled,late_state_ce,1,0,256,0.8041706681251526,1.0,1.0,0.7980747222900391,0.0
pooled,late_state_ce,1,0,384,0.7626279592514038,1.0,1.0,0.8571234345436096,0.0
pooled,late_state_ce,1,0,512,0.7236406207084656,1.0,1.0,0.8988991379737854,0.0
pooled,late_state_ce,1,0,768,0.7550765872001648,1.0,1.0,0.9576619863510132,0.0
pooled,late_state_ce,1,0,1024,0.7466941475868225,1.0,1.0,0.9992954134941101,0.0
pooled,late_state_ce,4,0,0,-2.3812382221221924,0.1071428582072258,0.0,0.0,0.8928571343421936
pooled,late_state_ce,4,0,1,-1.638911247253418,0.5357142686843872,0.20000000298023224,0.0,0.4642857313156128
pooled,late_state_ce,4,0,2,-0.9638681411743164,0.6607142686843872,0.4000000059604645,0.0,0.3392857313156128
pooled,late_state_ce,4,0,4,-0.63495934009552,0.9107142686843872,0.800000011920929,0.0,0.08928573131561279
pooled,late_state_ce,4,0,8,0.496716171503067,1.0,1.0,0.23212747275829315,0.0
pooled,late_state_ce,4,0,12,0.42702457308769226,1.0,1.0,0.316903293132782,0.0
pooled,late_state_ce,4,0,16,0.39908531308174133,1.0,1.0,0.3699398338794708,0.0
pooled,late_state_ce,4,0,24,0.40954726934432983,1.0,1.0,0.43910813331604004,0.0
pooled,late_state_ce,4,0,32,0.5237082242965698,1.0,1.0,0.4856613576412201,0.0
pooled,late_state_ce,4,0,48,0.6380308270454407,1.0,1.0,0.5490307807922363,0.0
pooled,late_state_ce,4,0,64,0.6572927832603455,1.0,1.0,0.5929068326950073,0.0
pooled,late_state_ce,4,0,96,0.7594175934791565,1.0,1.0,0.6537318229675293,0.0
pooled,late_state_ce,4,0,128,0.859319806098938,1.0,1.0,0.6963824033737183,0.0
pooled,late_state_ce,4,0,192,1.0174821615219116,1.0,1.0,0.756011426448822,0.0
pooled,late_state_ce,4,0,256,1.0877625942230225,1.0,1.0,0.7980747222900391,0.0
pooled,late_state_ce,4,0,384,1.115807294845581,1.0,1.0,0.8571234345436096,0.0
pooled,late_state_ce,4,0,512,1.1243630647659302,1.0,1.0,0.8988991379737854,0.0
pooled,late_state_ce,4,0,768,1.1826337575912476,1.0,1.0,0.9576619863510132,0.0
pooled,late_state_ce,4,0,1024,1.196211576461792,1.0,1.0,0.9992954134941101,0.0
pooled,late_state_ce,8,0,0,-2.3812379837036133,0.09090909361839294,0.0,0.0,0.9090908765792847
pooled,late_state_ce,8,0,1,-1.8284685611724854,0.6181818246841431,0.20000000298023224,0.0,0.38181817531585693
pooled,late_state_ce,8,0,2,-1.4716311693191528,0.7454545497894287,0.4000000059604645,0.0,0.2545454502105713
pooled,late_state_ce,8,0,4,-0.9584206938743591,0.9454545378684998,0.800000011920929,0.0,0.054545462131500244
pooled,late_state_ce,8,0,8,0.300468385219574,1.0,1.0,0.23212747275829315,0.0
pooled,late_state_ce,8,0,12,0.20710113644599915,1.0,1.0,0.316903293132782,0.0
pooled,late_state_ce,8,0,16,0.1741124838590622,1.0,1.0,0.3699398338794708,0.0
pooled,late_state_ce,8,0,24,0.2002156525850296,1.0,1.0,0.43910813331604004,0.0
pooled,late_state_ce,8,0,32,0.2984570860862732,1.0,1.0,0.4856613576412201,0.0
pooled,late_state_ce,8,0,48,0.481435090303421,1.0,1.0,0.5490307807922363,0.0
pooled,late_state_ce,8,0,64,0.45016980171203613,1.0,1.0,0.5929068326950073,0.0
pooled,late_state_ce,8,0,96,0.45401716232299805,1.0,1.0,0.6537318229675293,0.0
pooled,late_state_ce,8,0,128,0.614620566368103,1.0,1.0,0.6963824033737183,0.0
pooled,late_state_ce,8,0,192,0.6693353652954102,1.0,1.0,0.756011426448822,0.0
pooled,late_state_ce,8,0,256,0.6990265846252441,1.0,1.0,0.7980747222900391,0.0
pooled,late_state_ce,8,0,384,0.7243067026138306,1.0,1.0,0.8571234345436096,0.0
pooled,late_state_ce,8,0,512,0.7428821325302124,1.0,1.0,0.8988991379737854,0.0
pooled,late_state_ce,8,0,768,0.758989691734314,1.0,1.0,0.9576619863510132,0.0
pooled,late_state_ce,8,0,1024,0.816291332244873,1.0,1.0,0.9992954134941101,0.0
pooled,late_state_ce,9,0,0,-2.3812379837036133,0.1111111119389534,0.0,0.0,0.8888888955116272
pooled,late_state_ce,9,0,1,-1.400894045829773,0.5370370149612427,0.1428571492433548,0.0,0.4629629850387573
pooled,late_state_ce,9,0,2,-0.9856374859809875,0.7222222089767456,0.2857142984867096,0.0,0.2777777910232544
pooled,late_state_ce,9,0,4,-0.3340715765953064,0.6851851940155029,0.5714285969734192,0.0,0.31481480598449707
pooled,late_state_ce,9,0,8,0.41024845838546753,1.0,1.0,0.158451646566391,0.0
pooled,late_state_ce,9,0,12,0.4486314058303833,1.0,1.0,0.28065648674964905,0.0
pooled,late_state_ce,9,0,16,0.4001639783382416,1.0,1.0,0.3458458185195923,0.0
pooled,late_state_ce,9,0,24,0.39951708912849426,1.0,1.0,0.4246731996536255,0.0
pooled,late_state_ce,9,0,32,0.49027198553085327,1.0,1.0,0.475354939699173,0.0
pooled,late_state_ce,9,0,48,0.7299278974533081,1.0,1.0,0.5424737930297852,0.0
pooled,late_state_ce,9,0,64,0.6853395700454712,1.0,1.0,0.5880987644195557,0.0
pooled,late_state_ce,9,0,96,0.6692262291908264,1.0,1.0,0.6505963206291199,0.0
pooled,late_state_ce,9,0,128,0.7616059184074402,1.0,1.0,0.6940560936927795,0.0
pooled,late_state_ce,9,0,192,0.8531996607780457,1.0,1.0,0.7544770836830139,0.0
pooled,late_state_ce,9,0,256,0.8495954275131226,1.0,1.0,0.7969300150871277,0.0
pooled,late_state_ce,9,0,384,0.8700626492500305,1.0,1.0,0.8563643097877502,0.0
pooled,late_state_ce,9,0,512,0.8305130004882812,1.0,1.0,0.8983312845230103,0.0
pooled,late_state_ce,9,0,768,0.822394609451294,1.0,1.0,0.9572844505310059,0.0
pooled,late_state_ce,9,0,1024,0.8499144911766052,1.0,1.0,0.9990125894546509,0.0
pooled,late_state_ce,12,1-2,0,-2.3812382221221924,0.12727272510528564,0.0,0.0,0.8727272748947144
pooled,late_state_ce,12,1-2,1,-0.9323256015777588,0.5454545617103577,0.20000000298023224,0.0,0.45454543828964233
pooled,late_state_ce,12,1-2,2,-0.9773910045623779,0.6727272868156433,0.4000000059604645,0.0,0.3272727131843567
pooled,late_state_ce,12,1-2,4,-0.6462361216545105,0.8909090757369995,0.800000011920929,0.0,0.10909092426300049
pooled,late_state_ce,12,1-2,8,0.4207625985145569,1.0,1.0,0.23212747275829315,0.0
pooled,late_state_ce,12,1-2,12,0.40812718868255615,1.0,1.0,0.316903293132782,0.0
pooled,late_state_ce,12,1-2,16,0.40490686893463135,1.0,1.0,0.3699398338794708,0.0
pooled,late_state_ce,12,1-2,24,0.44147202372550964,1.0,1.0,0.43910813331604004,0.0
pooled,late_state_ce,12,1-2,32,0.5541765689849854,1.0,1.0,0.4856613576412201,0.0
pooled,late_state_ce,12,1-2,48,0.6811053156852722,1.0,1.0,0.5490307807922363,0.0
pooled,late_state_ce,12,1-2,64,0.6338341236114502,1.0,1.0,0.5929068326950073,0.0
pooled,late_state_ce,12,1-2,96,0.47130003571510315,1.0,1.0,0.6537318229675293,0.0
pooled,late_state_ce,12,1-2,128,0.5367556810379028,1.0,1.0,0.6963824033737183,0.0
pooled,late_state_ce,12,1-2,192,0.6368939876556396,1.0,1.0,0.756011426448822,0.0
pooled,late_state_ce,12,1-2,256,0.6575510501861572,1.0,1.0,0.7980747222900391,0.0
pooled,late_state_ce,12,1-2,384,0.7128120064735413,1.0,1.0,0.8571234345436096,0.0
pooled,late_state_ce,12,1-2,512,0.7234373688697815,1.0,1.0,0.8988991379737854,0.0
pooled,late_state_ce,12,1-2,768,0.7718427777290344,1.0,1.0,0.9576619863510132,0.0
pooled,late_state_ce,12,1-2,1024,0.7881256341934204,1.0,1.0,0.9992954134941101,0.0
pooled,late_state_ce,13,1-2,0,-2.3812379837036133,0.1090909093618393,0.0,0.0,0.8909090757369995
pooled,late_state_ce,13,1-2,1,-1.7428346872329712,0.5636363625526428,0.03703703731298447,0.0,0.4363636374473572
pooled,late_state_ce,13,1-2,2,-1.3835774660110474,0.5636363625526428,0.07407407462596893,0.0,0.4363636374473572
pooled,late_state_ce,13,1-2,4,-1.0417020320892334,0.6727272868156433,0.14814814925193787,0.0,0.3272727131843567
pooled,late_state_ce,13,1-2,8,-0.9671022891998291,0.6727272868156433,0.29629629850387573,0.0,0.3272727131843567
pooled,late_state_ce,13,1-2,12,-1.0176916122436523,0.6000000238418579,0.4444444477558136,0.0,0.3999999761581421
pooled,late_state_ce,13,1-2,16,-0.935876190662384,0.6000000238418579,0.5925925970077515,0.0,0.3999999761581421
pooled,late_state_ce,13,1-2,24,-1.0418155193328857,0.7090908885002136,0.8888888955116272,0.0,0.2909091114997864
pooled,late_state_ce,13,1-2,32,0.16474466025829315,1.0,1.0,0.28065648674964905,0.0
pooled,late_state_ce,13,1-2,48,0.33305084705352783,1.0,1.0,0.4522289037704468,0.0
pooled,late_state_ce,13,1-2,64,0.3600826561450958,1.0,1.0,0.5283914804458618,0.0
pooled,late_state_ce,13,1-2,96,0.510291576385498,1.0,1.0,0.6148016452789307,0.0
pooled,late_state_ce,13,1-2,128,0.6296302080154419,1.0,1.0,0.6684618592262268,0.0
pooled,late_state_ce,13,1-2,192,0.5758058428764343,1.0,1.0,0.738162636756897,0.0
pooled,late_state_ce,13,1-2,256,0.749565064907074,1.0,1.0,0.7849539518356323,0.0
pooled,late_state_ce,13,1-2,384,0.8531011939048767,1.0,1.0,0.8485451340675354,0.0
pooled,late_state_ce,13,1-2,512,0.8417884707450867,1.0,1.0,0.8925265073776245,0.0
pooled,late_state_ce,13,1-2,768,0.8232837319374084,1.0,1.0,0.9534534215927124,0.0
pooled,late_state_ce,13,1-2,1024,0.7688869833946228,1.0,1.0,0.996153712272644,0.0
pooled,late_state_ce,20,1-2,0,-2.3812382221221924,0.125,0.0,0.0,0.875
pooled,late_state_ce,20,1-2,1,-1.3734222650527954,0.5892857313156128,0.1666666716337204,0.0,0.4107142686843872
pooled,late_state_ce,20,1-2,2,-0.9940369129180908,0.6607142686843872,0.3333333432674408,0.0,0.3392857313156128
pooled,late_state_ce,20,1-2,4,-0.6389886736869812,0.875,0.6666666865348816,0.0,0.125
pooled,late_state_ce,20,1-2,8,0.4913468360900879,1.0,1.0,0.19994372129440308,0.0
pooled,late_state_ce,20,1-2,12,0.4820159375667572,1.0,1.0,0.2999155819416046,0.0
pooled,late_state_ce,20,1-2,16,0.4967882037162781,1.0,1.0,0.35839536786079407,0.0
pooled,late_state_ce,20,1-2,24,0.5558444857597351,1.0,1.0,0.43207117915153503,0.0
pooled,late_state_ce,20,1-2,32,0.6513523459434509,1.0,1.0,0.4806002080440521,0.0
pooled,late_state_ce,20,1-2,48,0.8028563261032104,1.0,1.0,0.5457895398139954,0.0
pooled,late_state_ce,20,1-2,64,0.7830937504768372,1.0,1.0,0.590522825717926,0.0
pooled,late_state_ce,20,1-2,96,0.6265727281570435,1.0,1.0,0.6521726250648499,0.0
pooled,late_state_ce,20,1-2,128,0.7082907557487488,1.0,1.0,0.6952239274978638,0.0
pooled,late_state_ce,20,1-2,192,0.8298322558403015,1.0,1.0,0.7552462816238403,0.0
pooled,late_state_ce,20,1-2,256,0.8881341218948364,1.0,1.0,0.7975034713745117,0.0
pooled,late_state_ce,20,1-2,384,0.7631106376647949,1.0,1.0,0.8567444086074829,0.0
pooled,late_state_ce,20,1-2,512,0.8359947800636292,1.0,1.0,0.8986155390739441,0.0
pooled,late_state_ce,20,1-2,768,0.9282732009887695,1.0,1.0,0.9574733972549438,0.0
pooled,late_state_ce,20,1-2,1024,0.9566636681556702,1.0,1.0,0.9991540908813477,0.0
pooled,late_state_ce,22,1-2,0,-2.3812382221221924,0.09375,0.0,0.0,0.90625
pooled,late_state_ce,22,1-2,1,-1.77390456199646,0.40625,0.1666666716337204,0.0,0.59375
pooled,late_state_ce,22,1-2,2,-1.1119792461395264,0.5625,0.3333333432674408,0.0,0.4375
pooled,late_state_ce,22,1-2,4,-0.725144624710083,0.859375,0.6666666865348816,0.0,0.140625
pooled,late_state_ce,22,1-2,8,0.5590522289276123,1.0,1.0,0.19994372129440308,0.0
pooled,late_state_ce,22,1-2,12,0.5267319083213806,1.0,1.0,0.2999155819416046,0.0
pooled,late_state_ce,22,1-2,16,0.44581979513168335,1.0,1.0,0.35839536786079407,0.0
pooled,late_state_ce,22,1-2,24,0.41810503602027893,1.0,1.0,0.43207117915153503,0.0
pooled,late_state_ce,22,1-2,32,0.5333421230316162,1.0,1.0,0.4806002080440521,0.0
pooled,late_state_ce,22,1-2,48,0.7015091180801392,1.0,1.0,0.5457895398139954,0.0
pooled,late_state_ce,22,1-2,64,0.5931913256645203,1.0,1.0,0.590522825717926,0.0
pooled,late_state_ce,22,1-2,96,0.5267132520675659,1.0,1.0,0.6521726250648499,0.0
pooled,late_state_ce,22,1-2,128,0.6405593752861023,1.0,1.0,0.6952239274978638,0.0
pooled,late_state_ce,22,1-2,192,0.79110187292099,1.0,1.0,0.7552462816238403,0.0
pooled,late_state_ce,22,1-2,256,0.8031586408615112,1.0,1.0,0.7975034713745117,0.0
pooled,late_state_ce,22,1-2,384,0.823724627494812,1.0,1.0,0.8567444086074829,0.0
pooled,late_state_ce,22,1-2,512,0.8195174336433411,1.0,1.0,0.8986155390739441,0.0
pooled,late_state_ce,22,1-2,768,0.8655526638031006,1.0,1.0,0.9574733972549438,0.0
pooled,late_state_ce,22,1-2,1024,0.8597691059112549,1.0,1.0,0.9991540908813477,0.0
pooled,late_state_ce,27,3-10,0,-2.3812382221221924,0.072727270424366,0.0,0.0,0.9272727370262146
pooled,late_state_ce,27,3-10,1,-1.351298451423645,0.581818163394928,0.20000000298023224,0.0,0.418181836605072
pooled,late_state_ce,27,3-10,2,-0.9492093324661255,0.6545454263687134,0.4000000059604645,0.0,0.3454545736312866
pooled,late_state_ce,27,3-10,4,-0.8846151232719421,0.8727272748947144,0.800000011920929,0.0,0.12727272510528564
pooled,late_state_ce,27,3-10,8,0.2469167709350586,1.0,1.0,0.23212747275829315,0.0
pooled,late_state_ce,27,3-10,12,0.23520231246948242,1.0,1.0,0.316903293132782,0.0
pooled,late_state_ce,27,3-10,16,0.247410386800766,1.0,1.0,0.3699398338794708,0.0
pooled,late_state_ce,27,3-10,24,0.3209400177001953,1.0,1.0,0.43910813331604004,0.0
pooled,late_state_ce,27,3-10,32,0.42714735865592957,1.0,1.0,0.4856613576412201,0.0
pooled,late_state_ce,27,3-10,48,0.5528928637504578,1.0,1.0,0.5490307807922363,0.0
pooled,late_state_ce,27,3-10,64,0.5088458061218262,1.0,1.0,0.5929068326950073,0.0
pooled,late_state_ce,27,3-10,96,0.45062777400016785,1.0,1.0,0.6537318229675293,0.0
pooled,late_state_ce,27,3-10,128,0.6580338478088379,1.0,1.0,0.6963824033737183,0.0
pooled,late_state_ce,27,3-10,192,0.721127986907959,1.0,1.0,0.756011426448822,0.0
pooled,late_state_ce,27,3-10,256,0.6840619444847107,1.0,1.0,0.7980747222900391,0.0
pooled,late_state_ce,27,3-10,384,0.6473634839057922,1.0,1.0,0.8571234345436096,0.0
pooled,late_state_ce,27,3-10,512,0.6577704548835754,1.0,1.0,0.8988991379737854,0.0
pooled,late_state_ce,27,3-10,768,0.7200674414634705,1.0,1.0,0.9576619863510132,0.0
pooled,late_state_ce,27,3-10,1024,0.7126667499542236,1.0,1.0,0.9992954134941101,0.0
pooled,late_state_ce,29,3-10,0,-2.3812382221221924,0.07407407462596893,0.0,0.0,0.9259259104728699
pooled,late_state_ce,29,3-10,1,-1.3818670511245728,0.4444444477558136,0.1666666716337204,0.0,0.5555555820465088
pooled,late_state_ce,29,3-10,2,-0.9028496742248535,0.6111111044883728,0.3333333432674408,0.0,0.3888888955116272
pooled,late_state_ce,29,3-10,4,-0.40397360920906067,0.7592592835426331,0.6666666865348816,0.0,0.24074071645736694
pooled,late_state_ce,29,3-10,8,0.2547950744628906,1.0,1.0,0.19994372129440308,0.0
pooled,late_state_ce,29,3-10,12,0.3670104146003723,1.0,1.0,0.2999155819416046,0.0
pooled,late_state_ce,29,3-10,16,0.24856391549110413,1.0,1.0,0.35839536786079407,0.0
pooled,late_state_ce,29,3-10,24,0.2147723138332367,1.0,1.0,0.43207117915153503,0.0
pooled,late_state_ce,29,3-10,32,0.32205599546432495,1.0,1.0,0.4806002080440521,0.0
pooled,late_state_ce,29,3-10,48,0.612576961517334,1.0,1.0,0.5457895398139954,0.0
pooled,late_state_ce,29,3-10,64,0.5604853630065918,1.0,1.0,0.590522825717926,0.0
pooled,late_state_ce,29,3-10,96,0.5473370552062988,1.0,1.0,0.6521726250648499,0.0
pooled,late_state_ce,29,3-10,128,0.7695423364639282,1.0,1.0,0.6952239274978638,0.0
pooled,late_state_ce,29,3-10,192,0.9588117003440857,1.0,1.0,0.7552462816238403,0.0
pooled,late_state_ce,29,3-10,256,0.9578275680541992,1.0,1.0,0.7975034713745117,0.0
pooled,late_state_ce,29,3-10,384,0.8432961702346802,1.0,1.0,0.8567444086074829,0.0
pooled,late_state_ce,29,3-10,512,0.801876425743103,1.0,1.0,0.8986155390739441,0.0
pooled,late_state_ce,29,3-10,768,0.753118634223938,1.0,1.0,0.9574733972549438,0.0
pooled,late_state_ce,29,3-10,1024,0.7666662931442261,1.0,1.0,0.9991540908813477,0.0
pooled,late_state_ce,30,3-10,0,-2.3812382221221924,0.1071428582072258,0.0,0.0,0.8928571343421936
pooled,late_state_ce,30,3-10,1,-1.7475749254226685,0.4464285671710968,0.1666666716337204,0.0,0.5535714626312256
pooled,late_state_ce,30,3-10,2,-1.4656105041503906,0.6428571343421936,0.3333333432674408,0.0,0.3571428656578064
pooled,late_state_ce,30,3-10,4,-1.3723270893096924,0.7142857313156128,0.6666666865348816,0.0,0.2857142686843872
pooled,late_state_ce,30,3-10,8,0.13599272072315216,1.0,1.0,0.19994372129440308,0.0
pooled,late_state_ce,30,3-10,12,0.28189927339553833,1.0,1.0,0.2999155819416046,0.0
pooled,late_state_ce,30,3-10,16,0.2649526000022888,1.0,1.0,0.35839536786079407,0.0
pooled,late_state_ce,30,3-10,24,0.30497509241104126,1.0,1.0,0.43207117915153503,0.0
pooled,late_state_ce,30,3-10,32,0.4184502363204956,1.0,1.0,0.4806002080440521,0.0
pooled,late_state_ce,30,3-10,48,0.5431709885597229,1.0,1.0,0.5457895398139954,0.0
pooled,late_state_ce,30,3-10,64,0.49885204434394836,1.0,1.0,0.590522825717926,0.0
pooled,late_state_ce,30,3-10,96,0.45151010155677795,1.0,1.0,0.6521726250648499,0.0
pooled,late_state_ce,30,3-10,128,0.589576244354248,1.0,1.0,0.6952239274978638,0.0
pooled,late_state_ce,30,3-10,192,0.8033495545387268,1.0,1.0,0.7552462816238403,0.0
pooled,late_state_ce,30,3-10,256,0.8433453440666199,1.0,1.0,0.7975034713745117,0.0
pooled,late_state_ce,30,3-10,384,0.7628369927406311,1.0,1.0,0.8567444086074829,0.0
pooled,late_state_ce,30,3-10,512,0.7422155141830444,1.0,1.0,0.8986155390739441,0.0
pooled,late_state_ce,30,3-10,768,0.6639187932014465,1.0,1.0,0.9574733972549438,0.0
pooled,late_state_ce,30,3-10,1024,0.7006886005401611,1.0,1.0,0.9991540908813477,0.0
pooled,late_state_ce,35,3-10,0,-2.3812382221221924,0.08620689809322357,0.0,0.0,0.9137930870056152
pooled,late_state_ce,35,3-10,1,-2.0857930183410645,0.3965517282485962,0.07692307978868484,0.0,0.6034482717514038
pooled,late_state_ce,35,3-10,2,-2.1423776149749756,0.5,0.1538461595773697,0.0,0.5
pooled,late_state_ce,35,3-10,4,-1.6486918926239014,0.48275861144065857,0.3076923191547394,0.0,0.517241358757019
pooled,late_state_ce,35,3-10,8,-1.4109834432601929,0.6551724076271057,0.6153846383094788,0.0,0.3448275923728943
pooled,late_state_ce,35,3-10,12,-1.2959903478622437,0.8103448152542114,0.9230769276618958,0.0,0.18965518474578857
pooled,late_state_ce,35,3-10,16,0.0556086041033268,1.0,1.0,0.23212747275829315,0.0
pooled,late_state_ce,35,3-10,24,0.12782134115695953,1.0,1.0,0.3699398338794708,0.0
pooled,late_state_ce,35,3-10,32,0.20747260749340057,1.0,1.0,0.43910813331604004,0.0
pooled,late_state_ce,35,3-10,48,0.4860072433948517,1.0,1.0,0.5207987427711487,0.0
pooled,late_state_ce,35,3-10,64,0.5646751523017883,1.0,1.0,0.5726308226585388,0.0
pooled,late_state_ce,35,3-10,96,0.5725582242012024,1.0,1.0,0.6407586932182312,0.0
pooled,late_state_ce,35,3-10,128,0.6282755732536316,1.0,1.0,0.6868431568145752,0.0
pooled,late_state_ce,35,3-10,192,0.7602629661560059,1.0,1.0,0.7497735023498535,0.0
pooled,late_state_ce,35,3-10,256,0.816446840763092,1.0,1.0,0.7934404611587524,0.0
pooled,late_state_ce,35,3-10,384,0.7624028921127319,1.0,1.0,0.8540627360343933,0.0
pooled,late_state_ce,35,3-10,512,0.7605827450752258,1.0,1.0,0.8966143131256104,0.0
pooled,late_state_ce,35,3-10,768,0.7324628829956055,1.0,1.0,0.9561457633972168,0.0
pooled,late_state_ce,35,3-10,1024,0.7385666966438293,1.0,1.0,0.9981608390808105,0.0
pooled,late_state_ce,36,11-50,0,-2.3812382221221924,0.09090909361839294,0.0,0.0,0.9090908765792847
pooled,late_state_ce,36,11-50,1,-1.0051827430725098,0.5090909004211426,0.20000000298023224,0.0,0.4909090995788574
pooled,late_state_ce,36,11-50,2,-0.7725669741630554,0.6909090876579285,0.4000000059604645,0.0,0.30909091234207153
pooled,late_state_ce,36,11-50,4,-0.28492632508277893,0.9272727370262146,0.800000011920929,0.0,0.0727272629737854
pooled,late_state_ce,36,11-50,8,0.4401998817920685,1.0,1.0,0.23212747275829315,0.0
pooled,late_state_ce,36,11-50,12,0.34930098056793213,1.0,1.0,0.316903293132782,0.0
pooled,late_state_ce,36,11-50,16,0.32233619689941406,1.0,1.0,0.3699398338794708,0.0
pooled,late_state_ce,36,11-50,24,0.329269677400589,1.0,1.0,0.43910813331604004,0.0
pooled,late_state_ce,36,11-50,32,0.42951735854148865,1.0,1.0,0.4856613576412201,0.0
pooled,late_state_ce,36,11-50,48,0.6203850507736206,1.0,1.0,0.5490307807922363,0.0
pooled,late_state_ce,36,11-50,64,0.6561347842216492,1.0,1.0,0.5929068326950073,0.0
pooled,late_state_ce,36,11-50,96,0.5768288969993591,1.0,1.0,0.6537318229675293,0.0
pooled,late_state_ce,36,11-50,128,0.6484020352363586,1.0,1.0,0.6963824033737183,0.0
pooled,late_state_ce,36,11-50,192,0.7673882842063904,1.0,1.0,0.756011426448822,0.0
pooled,late_state_ce,36,11-50,256,0.8228861093521118,1.0,1.0,0.7980747222900391,0.0
pooled,late_state_ce,36,11-50,384,0.7462157011032104,1.0,1.0,0.8571234345436096,0.0
pooled,late_state_ce,36,11-50,512,0.7647221088409424,1.0,1.0,0.8988991379737854,0.0
pooled,late_state_ce,36,11-50,768,0.7774463295936584,1.0,1.0,0.9576619863510132,0.0
pooled,late_state_ce,36,11-50,1024,0.7642678618431091,1.0,1.0,0.9992954134941101,0.0
pooled,late_state_ce,38,11-50,0,-2.3812382221221924,0.1090909093618393,0.0,0.0,0.8909090757369995
pooled,late_state_ce,38,11-50,1,-1.5585895776748657,0.4909090995788574,0.1666666716337204,0.0,0.5090909004211426
pooled,late_state_ce,38,11-50,2,-1.0150288343429565,0.6363636255264282,0.3333333432674408,0.0,0.3636363744735718
pooled,late_state_ce,38,11-50,4,-0.3556411862373352,0.8181818127632141,0.6666666865348816,0.0,0.1818181872367859
pooled,late_state_ce,38,11-50,8,0.3722097873687744,1.0,1.0,0.19994372129440308,0.0
pooled,late_state_ce,38,11-50,12,0.3794892728328705,1.0,1.0,0.2999155819416046,0.0
pooled,late_state_ce,38,11-50,16,0.3831292390823364,1.0,1.0,0.35839536786079407,0.0
pooled,late_state_ce,38,11-50,24,0.445526659488678,1.0,1.0,0.43207117915153503,0.0
pooled,late_state_ce,38,11-50,32,0.5739904046058655,1.0,1.0,0.4806002080440521,0.0
pooled,late_state_ce,38,11-50,48,0.7700438499450684,1.0,1.0,0.5457895398139954,0.0
pooled,late_state_ce,38,11-50,64,0.6969338655471802,1.0,1.0,0.590522825717926,0.0
pooled,late_state_ce,38,11-50,96,0.6343324184417725,1.0,1.0,0.6521726250648499,0.0
pooled,late_state_ce,38,11-50,128,0.6890345215797424,1.0,1.0,0.6952239274978638,0.0
pooled,late_state_ce,38,11-50,192,0.7331027984619141,1.0,1.0,0.7552462816238403,0.0
pooled,late_state_ce,38,11-50,256,0.7700639963150024,1.0,1.0,0.7975034713745117,0.0
pooled,late_state_ce,38,11-50,384,0.7963401079177856,1.0,1.0,0.8567444086074829,0.0
pooled,late_state_ce,38,11-50,512,0.8042193055152893,1.0,1.0,0.8986155390739441,0.0
pooled,late_state_ce,38,11-50,768,0.8135157823562622,1.0,1.0,0.9574733972549438,0.0
pooled,late_state_ce,38,11-50,1024,0.8330414295196533,1.0,1.0,0.9991540908813477,0.0
pooled,late_state_ce,41,11-50,0,-2.3812382221221924,0.08771929889917374,0.0,0.0,0.9122806787490845
pooled,late_state_ce,41,11-50,1,-1.628244400024414,0.5438596606254578,0.25,0.0,0.45614033937454224
pooled,late_state_ce,41,11-50,2,-1.1073358058929443,0.7894737124443054,0.5,0.0,0.21052628755569458
pooled,late_state_ce,41,11-50,4,0.21651868522167206,1.0,1.0,0.09997186064720154,0.0
pooled,late_state_ce,41,11-50,8,0.40740451216697693,1.0,1.0,0.25842350721359253,0.0
pooled,late_state_ce,41,11-50,12,0.3368258476257324,1.0,1.0,0.3320993185043335,0.0
pooled,late_state_ce,41,11-50,16,0.3020966351032257,1.0,1.0,0.3806283473968506,0.0
pooled,late_state_ce,41,11-50,24,0.2637344300746918,1.0,1.0,0.4458176791667938,0.0
pooled,late_state_ce,41,11-50,32,0.38881993293762207,1.0,1.0,0.4905509650707245,0.0
pooled,late_state_ce,41,11-50,48,0.6596596837043762,1.0,1.0,0.5522007346153259,0.0
pooled,late_state_ce,41,11-50,64,0.6873260140419006,1.0,1.0,0.5952520370483398,0.0
pooled,late_state_ce,41,11-50,96,0.6745139360427856,1.0,1.0,0.6552744507789612,0.0
pooled,late_state_ce,41,11-50,128,0.772453248500824,1.0,1.0,0.6975316405296326,0.0
pooled,late_state_ce,41,11-50,192,0.7864621877670288,1.0,1.0,0.756772518157959,0.0
pooled,late_state_ce,41,11-50,256,0.7950562834739685,1.0,1.0,0.7986436486244202,0.0
pooled,late_state_ce,41,11-50,384,0.8406862020492554,1.0,1.0,0.8575015068054199,0.0
pooled,late_state_ce,41,11-50,512,0.8401733636856079,1.0,1.0,0.8991822004318237,0.0
pooled,late_state_ce,41,11-50,768,0.8682686686515808,1.0,1.0,0.9578503966331482,0.0
pooled,late_state_ce,41,11-50,1024,0.8858104944229126,1.0,1.0,0.999436616897583,0.0
pooled,late_state_ce,47,11-50,0,-2.3812379837036133,0.08771929889917374,0.0,0.0,0.9122806787490845
pooled,late_state_ce,47,11-50,1,-2.1883912086486816,0.4385964870452881,0.014925372786819935,0.0,0.5614035129547119
pooled,late_state_ce,47,11-50,2,-2.226384401321411,0.4035087823867798,0.02985074557363987,0.0,0.5964912176132202
pooled,late_state_ce,47,11-50,4,-1.8231723308563232,0.3684210479259491,0.05970149114727974,0.0,0.6315789222717285
pooled,late_state_ce,47,11-50,8,-1.2732137441635132,0.2982456088066101,0.11940298229455948,0.0,0.7017543911933899
pooled,late_state_ce,47,11-50,12,-1.498174786567688,0.4035087823867798,0.17910447716712952,0.0,0.5964912176132202
pooled,late_state_ce,47,11-50,16,-1.3209552764892578,0.5614035129547119,0.23880596458911896,0.0,0.4385964870452881
pooled,late_state_ce,47,11-50,24,-1.4045747518539429,0.4035087823867798,0.35820895433425903,0.0,0.5964912176132202
pooled,late_state_ce,47,11-50,32,-1.3690080642700195,0.31578946113586426,0.4776119291782379,0.0,0.6842105388641357
pooled,late_state_ce,47,11-50,48,-1.3835796117782593,0.35087719559669495,0.7164179086685181,0.0,0.6491228342056274
pooled,late_state_ce,47,11-50,64,-1.275181770324707,0.5087719559669495,0.9552238583564758,0.0,0.49122804403305054
pooled,late_state_ce,47,11-50,96,0.5184466242790222,1.0,1.0,0.4952802062034607,0.0
pooled,late_state_ce,47,11-50,128,0.7679818272590637,1.0,1.0,0.5975597500801086,0.0
pooled,late_state_ce,47,11-50,192,0.8308801651000977,1.0,1.0,0.698671817779541,0.0
pooled,late_state_ce,47,11-50,256,0.8612380623817444,1.0,1.0,0.7575296759605408,0.0
pooled,late_state_ce,47,11-50,384,0.8539798855781555,1.0,1.0,0.8315072059631348,0.0
pooled,late_state_ce,47,11-50,512,0.8863283395767212,1.0,1.0,0.8801653385162354,0.0
pooled,late_state_ce,47,11-50,768,0.9311777949333191,1.0,1.0,0.9454719424247742,0.0
pooled,late_state_ce,47,11-50,1024,0.8249325752258301,1.0,1.0,0.9902599453926086,0.0
pooled,late_state_ce,51,51+,0,-2.3812382221221924,0.12068965286016464,0.0,0.0,0.8793103694915771
pooled,late_state_ce,51,51+,1,-1.6946640014648438,0.4137931168079376,0.125,0.0,0.5862069129943848
pooled,late_state_ce,51,51+,2,-1.204649806022644,0.43103447556495667,0.25,0.0,0.5689655542373657
pooled,late_state_ce,51,51+,4,-0.5902441143989563,0.6724137663841248,0.5,0.0,0.32758623361587524
pooled,late_state_ce,51,51+,8,-0.1864171177148819,1.0,1.0,0.09997186064720154,0.0
pooled,late_state_ce,51,51+,12,0.6216719746589661,1.0,1.0,0.25842350721359253,0.0
pooled,late_state_ce,51,51+,16,0.5526217222213745,1.0,1.0,0.3320993185043335,0.0
pooled,late_state_ce,51,51+,24,0.5140735507011414,1.0,1.0,0.4168751537799835,0.0
pooled,late_state_ce,51,51+,32,0.5878880620002747,1.0,1.0,0.46991166472435,0.0
pooled,late_state_ce,51,51+,48,0.7563170790672302,1.0,1.0,0.539080023765564,0.0
pooled,late_state_ce,51,51+,64,0.7031151056289673,1.0,1.0,0.5856332182884216,0.0
pooled,late_state_ce,51,51+,96,0.6254703998565674,1.0,1.0,0.6490026116371155,0.0
pooled,late_state_ce,51,51+,128,0.7185217142105103,1.0,1.0,0.6928786635398865,0.0
pooled,late_state_ce,51,51+,192,0.7651505470275879,1.0,1.0,0.7537037134170532,0.0
pooled,late_state_ce,51,51+,256,0.8605266213417053,1.0,1.0,0.7963542938232422,0.0
pooled,late_state_ce,51,51+,384,0.8502481579780579,1.0,1.0,0.8559832572937012,0.0
pooled,late_state_ce,51,51+,512,0.8250662684440613,1.0,1.0,0.8980465531349182,0.0
pooled,late_state_ce,51,51+,768,0.8896765112876892,1.0,1.0,0.9570953249931335,0.0
pooled,late_state_ce,51,51+,1024,0.9018985033035278,1.0,1.0,0.9988710284233093,0.0
pooled,late_state_ce,52,51+,0,-2.3812382221221924,0.1428571492433548,0.0,0.0,0.8571428656578064
pooled,late_state_ce,52,51+,1,-1.8245265483856201,0.4642857015132904,0.1111111119389534,0.0,0.5357142686843872
pooled,late_state_ce,52,51+,2,-1.503195881843567,0.4464285671710968,0.2222222238779068,0.0,0.5535714626312256
pooled,late_state_ce,52,51+,4,-1.123370885848999,0.5714285969734192,0.4444444477558136,0.0,0.4285714030265808
pooled,late_state_ce,52,51+,8,-0.7887650728225708,0.9285714030265808,0.8888888955116272,0.0,0.07142859697341919
pooled,late_state_ce,52,51+,12,0.2267754226922989,1.0,1.0,0.23212747275829315,0.0
pooled,late_state_ce,52,51+,16,0.2809268832206726,1.0,1.0,0.316903293132782,0.0
pooled,late_state_ce,52,51+,24,0.3909721374511719,1.0,1.0,0.40863126516342163,0.0
pooled,late_state_ce,52,51+,32,0.5219440460205078,1.0,1.0,0.4642549455165863,0.0
pooled,late_state_ce,52,51+,48,0.6389673948287964,1.0,1.0,0.5356044173240662,0.0
pooled,late_state_ce,52,51+,64,0.6417760252952576,1.0,1.0,0.5831248164176941,0.0
pooled,late_state_ce,52,51+,96,0.7534101009368896,1.0,1.0,0.647391140460968,0.0
pooled,late_state_ce,52,51+,128,0.7008369565010071,1.0,1.0,0.6916916370391846,0.0
pooled,late_state_ce,52,51+,192,0.7865428328514099,1.0,1.0,0.752926230430603,0.0
pooled,late_state_ce,52,51+,256,0.8600212335586548,1.0,1.0,0.7957761287689209,0.0
pooled,late_state_ce,52,51+,384,0.8330398797988892,1.0,1.0,0.8556012511253357,0.0
pooled,late_state_ce,52,51+,512,0.8539658784866333,1.0,1.0,0.8977612257003784,0.0
pooled,late_state_ce,52,51+,768,0.8952561020851135,1.0,1.0,0.9569059014320374,0.0
pooled,late_state_ce,52,51+,1024,0.9298696517944336,1.0,1.0,0.9987292885780334,0.0
pooled,late_state_ce,53,51+,0,-2.3812382221221924,0.072727270424366,0.0,0.0,0.9272727370262146
pooled,late_state_ce,53,51+,1,-1.0488624572753906,0.581818163394928,0.20000000298023224,0.0,0.418181836605072
pooled,late_state_ce,53,51+,2,-0.5750627517700195,0.6909090876579285,0.4000000059604645,0.0,0.30909091234207153
pooled,late_state_ce,53,51+,4,0.29945388436317444,0.9818181991577148,0.800000011920929,0.0,0.018181800842285156
pooled,late_state_ce,53,51+,8,0.5718327164649963,1.0,1.0,0.23212747275829315,0.0
pooled,late_state_ce,53,51+,12,0.5189053416252136,1.0,1.0,0.316903293132782,0.0
pooled,late_state_ce,53,51+,16,0.5373144149780273,1.0,1.0,0.3699398338794708,0.0
pooled,late_state_ce,53,51+,24,0.545127809047699,1.0,1.0,0.43910813331604004,0.0
pooled,late_state_ce,53,51+,32,0.6127753853797913,1.0,1.0,0.4856613576412201,0.0
pooled,late_state_ce,53,51+,48,0.6726729869842529,1.0,1.0,0.5490307807922363,0.0
pooled,late_state_ce,53,51+,64,0.690763533115387,1.0,1.0,0.5929068326950073,0.0
pooled,late_state_ce,53,51+,96,0.7329457998275757,1.0,1.0,0.6537318229675293,0.0
pooled,late_state_ce,53,51+,128,0.7731528878211975,1.0,1.0,0.6963824033737183,0.0
pooled,late_state_ce,53,51+,192,0.8759971857070923,1.0,1.0,0.756011426448822,0.0
pooled,late_state_ce,53,51+,256,0.884398877620697,1.0,1.0,0.7980747222900391,0.0
pooled,late_state_ce,53,51+,384,0.7469223141670227,1.0,1.0,0.8571234345436096,0.0
pooled,late_state_ce,53,51+,512,0.6790732145309448,1.0,1.0,0.8988991379737854,0.0
pooled,late_state_ce,53,51+,768,0.6742574572563171,1.0,1.0,0.9576619863510132,0.0
pooled,late_state_ce,53,51+,1024,0.7280211448669434,1.0,1.0,0.9992954134941101,0.0
pooled,late_state_ce,56,51+,0,-2.3812379837036133,0.10000000149011612,0.0,0.0,0.8999999761581421
pooled,late_state_ce,56,51+,1,-1.7063827514648438,0.4333333373069763,0.07692307978868484,0.0,0.5666666626930237
pooled,late_state_ce,56,51+,2,-1.5301754474639893,0.4833333194255829,0.1538461595773697,0.0,0.5166666507720947
pooled,late_state_ce,56,51+,4,-1.323527455329895,0.5,0.3076923191547394,0.0,0.5
pooled,late_state_ce,56,51+,8,-1.037951946258545,0.6666666865348816,0.6153846383094788,0.0,0.3333333134651184
pooled,late_state_ce,56,51+,12,-1.0451231002807617,0.7166666388511658,0.9230769276618958,0.0,0.28333336114883423
pooled,late_state_ce,56,51+,16,0.31255093216896057,1.0,1.0,0.23212747275829315,0.0
pooled,late_state_ce,56,51+,24,0.3048906624317169,1.0,1.0,0.3699398338794708,0.0
pooled,late_state_ce,56,51+,32,0.3837589919567108,1.0,1.0,0.43910813331604004,0.0
pooled,late_state_ce,56,51+,48,0.5799705982208252,1.0,1.0,0.5207987427711487,0.0
pooled,late_state_ce,56,51+,64,0.6476634740829468,1.0,1.0,0.5726308226585388,0.0
pooled,late_state_ce,56,51+,96,0.6043527126312256,1.0,1.0,0.6407586932182312,0.0
pooled,late_state_ce,56,51+,128,0.6329336762428284,1.0,1.0,0.6868431568145752,0.0
pooled,late_state_ce,56,51+,192,0.7938878536224365,1.0,1.0,0.7497735023498535,0.0
pooled,late_state_ce,56,51+,256,0.8421975374221802,1.0,1.0,0.7934404611587524,0.0
pooled,late_state_ce,56,51+,384,0.83675217628479,1.0,1.0,0.8540627360343933,0.0
pooled,late_state_ce,56,51+,512,0.7877030372619629,1.0,1.0,0.8966143131256104,0.0
pooled,late_state_ce,56,51+,768,0.7249088883399963,1.0,1.0,0.9561457633972168,0.0
pooled,late_state_ce,56,51+,1024,0.6967495679855347,1.0,1.0,0.9981608390808105,0.0
pooled,combined_margin,1,0,0,-2.3747758865356445,0.12727272510528564,0.0,0.0,0.8727272748947144
pooled,combined_margin,1,0,1,-1.4140158891677856,0.6545454263687134,0.20000000298023224,0.0,0.3454545736312866
pooled,combined_margin,1,0,2,-0.6437190175056458,0.7454545497894287,0.4000000059604645,0.0,0.2545454502105713
pooled,combined_margin,1,0,4,-0.3672686219215393,0.9272727370262146,0.800000011920929,0.0,0.0727272629737854
pooled,combined_margin,1,0,8,0.12887418270111084,1.0,1.0,0.23212747275829315,0.0
pooled,combined_margin,1,0,12,0.26233741641044617,1.0,1.0,0.316903293132782,0.0
pooled,combined_margin,1,0,16,0.3407139778137207,1.0,1.0,0.3699398338794708,0.0
pooled,combined_margin,1,0,24,0.3445025682449341,1.0,1.0,0.43910813331604004,0.0
pooled,combined_margin,1,0,32,0.3718506991863251,1.0,1.0,0.4856613576412201,0.0
pooled,combined_margin,1,0,48,0.5308626294136047,1.0,1.0,0.5490307807922363,0.0
pooled,combined_margin,1,0,64,0.5959094762802124,1.0,1.0,0.5929068326950073,0.0
pooled,combined_margin,1,0,96,0.7058548927307129,1.0,1.0,0.6537318229675293,0.0
pooled,combined_margin,1,0,128,0.819074273109436,1.0,1.0,0.6963824033737183,0.0
pooled,combined_margin,1,0,192,0.9201884269714355,1.0,1.0,0.756011426448822,0.0
pooled,combined_margin,1,0,256,0.9869398474693298,1.0,1.0,0.7980747222900391,0.0
pooled,combined_margin,1,0,384,1.0584524869918823,1.0,1.0,0.8571234345436096,0.0
pooled,combined_margin,1,0,512,1.066035509109497,1.0,1.0,0.8988991379737854,0.0
pooled,combined_margin,1,0,768,1.055737853050232,1.0,1.0,0.9576619863510132,0.0
pooled,combined_margin,1,0,1024,1.03091299533844,1.0,1.0,0.9992954134941101,0.0
pooled,combined_margin,4,0,0,-2.3747763633728027,0.1071428582072258,0.0,0.0,0.8928571343421936
pooled,combined_margin,4,0,1,-1.598948359489441,0.5714285969734192,0.20000000298023224,0.0,0.4285714030265808
pooled,combined_margin,4,0,2,-1.1658412218093872,0.6785714030265808,0.4000000059604645,0.0,0.3214285969734192
pooled,combined_margin,4,0,4,-0.6401922106742859,0.9642857313156128,0.800000011920929,0.0,0.03571426868438721
pooled,combined_margin,4,0,8,0.15107914805412292,1.0,1.0,0.23212747275829315,0.0
pooled,combined_margin,4,0,12,0.22357355058193207,1.0,1.0,0.316903293132782,0.0
pooled,combined_margin,4,0,16,0.2886195182800293,1.0,1.0,0.3699398338794708,0.0
pooled,combined_margin,4,0,24,0.24614959955215454,1.0,1.0,0.43910813331604004,0.0
pooled,combined_margin,4,0,32,0.2421679049730301,1.0,1.0,0.4856613576412201,0.0
pooled,combined_margin,4,0,48,0.3298514783382416,1.0,1.0,0.5490307807922363,0.0
pooled,combined_margin,4,0,64,0.3871541917324066,1.0,1.0,0.5929068326950073,0.0
pooled,combined_margin,4,0,96,0.4994204640388489,1.0,1.0,0.6537318229675293,0.0
pooled,combined_margin,4,0,128,0.6314797401428223,1.0,1.0,0.6963824033737183,0.0
pooled,combined_margin,4,0,192,0.7609496116638184,1.0,1.0,0.756011426448822,0.0
pooled,combined_margin,4,0,256,0.8209695816040039,1.0,1.0,0.7980747222900391,0.0
pooled,combined_margin,4,0,384,0.887435257434845,1.0,1.0,0.8571234345436096,0.0
pooled,combined_margin,4,0,512,0.9380674958229065,1.0,1.0,0.8988991379737854,0.0
pooled,combined_margin,4,0,768,0.9698793888092041,1.0,1.0,0.9576619863510132,0.0
pooled,combined_margin,4,0,1024,0.9769047498703003,1.0,1.0,0.9992954134941101,0.0
pooled,combined_margin,8,0,0,-2.3747763633728027,0.09090909361839294,0.0,0.0,0.9090908765792847
pooled,combined_margin,8,0,1,-1.66144597530365,0.6181818246841431,0.20000000298023224,0.0,0.38181817531585693
pooled,combined_margin,8,0,2,-1.190822720527649,0.7272727489471436,0.4000000059604645,0.0,0.27272725105285645
pooled,combined_margin,8,0,4,-0.8043333292007446,0.9090909361839294,0.800000011920929,0.0,0.09090906381607056
pooled,combined_margin,8,0,8,0.12913477420806885,1.0,1.0,0.23212747275829315,0.0
pooled,combined_margin,8,0,12,0.25581368803977966,1.0,1.0,0.316903293132782,0.0
pooled,combined_margin,8,0,16,0.3354080617427826,1.0,1.0,0.3699398338794708,0.0
pooled,combined_margin,8,0,24,0.3359866440296173,1.0,1.0,0.43910813331604004,0.0
pooled,combined_margin,8,0,32,0.3593917191028595,1.0,1.0,0.4856613576412201,0.0
pooled,combined_margin,8,0,48,0.3717209994792938,1.0,1.0,0.5490307807922363,0.0
pooled,combined_margin,8,0,64,0.40821170806884766,1.0,1.0,0.5929068326950073,0.0
pooled,combined_margin,8,0,96,0.5068990588188171,1.0,1.0,0.6537318229675293,0.0
pooled,combined_margin,8,0,128,0.6141015291213989,1.0,1.0,0.6963824033737183,0.0
pooled,combined_margin,8,0,192,0.7270557880401611,1.0,1.0,0.756011426448822,0.0
pooled,combined_margin,8,0,256,0.7706146240234375,1.0,1.0,0.7980747222900391,0.0
pooled,combined_margin,8,0,384,0.8994396924972534,1.0,1.0,0.8571234345436096,0.0
pooled,combined_margin,8,0,512,0.9596344232559204,1.0,1.0,0.8988991379737854,0.0
pooled,combined_margin,8,0,768,0.9914350509643555,1.0,1.0,0.9576619863510132,0.0
pooled,combined_margin,8,0,1024,0.9938084483146667,1.0,1.0,0.9992954134941101,0.0
pooled,combined_margin,9,0,0,-2.3747763633728027,0.1111111119389534,0.0,0.0,0.8888888955116272
pooled,combined_margin,9,0,1,-1.2222148180007935,0.5,0.1666666716337204,0.0,0.5
pooled,combined_margin,9,0,2,-0.8200508952140808,0.7037037014961243,0.3333333432674408,0.0,0.29629629850387573
pooled,combined_margin,9,0,4,-0.3483118712902069,0.7037037014961243,0.6666666865348816,0.0,0.29629629850387573
pooled,combined_margin,9,0,8,0.2224164754152298,1.0,1.0,0.19994372129440308,0.0
pooled,combined_margin,9,0,12,0.27244964241981506,1.0,1.0,0.2999155819416046,0.0
pooled,combined_margin,9,0,16,0.3690394163131714,1.0,1.0,0.35839536786079407,0.0
pooled,combined_margin,9,0,24,0.389102578163147,1.0,1.0,0.43207117915153503,0.0
pooled,combined_margin,9,0,32,0.43885958194732666,1.0,1.0,0.4806002080440521,0.0
pooled,combined_margin,9,0,48,0.5231960415840149,1.0,1.0,0.5457895398139954,0.0
pooled,combined_margin,9,0,64,0.5859106183052063,1.0,1.0,0.590522825717926,0.0
pooled,combined_margin,9,0,96,0.6669761538505554,1.0,1.0,0.6521726250648499,0.0
pooled,combined_margin,9,0,128,0.7255881428718567,1.0,1.0,0.6952239274978638,0.0
pooled,combined_margin,9,0,192,0.7899242639541626,1.0,1.0,0.7552462816238403,0.0
pooled,combined_margin,9,0,256,0.8249593377113342,1.0,1.0,0.7975034713745117,0.0
pooled,combined_margin,9,0,384,0.9027014374732971,1.0,1.0,0.8567444086074829,0.0
pooled,combined_margin,9,0,512,0.9283749461174011,1.0,1.0,0.8986155390739441,0.0
pooled,combined_margin,9,0,768,0.9302406311035156,1.0,1.0,0.9574733972549438,0.0
pooled,combined_margin,9,0,1024,0.9114593863487244,1.0,1.0,0.9991540908813477,0.0
pooled,combined_margin,12,1-2,0,-2.3747758865356445,0.12727272510528564,0.0,0.0,0.8727272748947144
pooled,combined_margin,12,1-2,1,-1.3512228727340698,0.5272727012634277,0.20000000298023224,0.0,0.47272729873657227
pooled,combined_margin,12,1-2,2,-1.0467731952667236,0.6000000238418579,0.4000000059604645,0.0,0.3999999761581421
pooled,combined_margin,12,1-2,4,-0.7874350547790527,0.8727272748947144,0.800000011920929,0.0,0.12727272510528564
pooled,combined_margin,12,1-2,8,0.25338640809059143,1.0,1.0,0.23212747275829315,0.0
pooled,combined_margin,12,1-2,12,0.2743060886859894,1.0,1.0,0.316903293132782,0.0
pooled,combined_margin,12,1-2,16,0.4078771770000458,1.0,1.0,0.3699398338794708,0.0
pooled,combined_margin,12,1-2,24,0.4552924633026123,1.0,1.0,0.43910813331604004,0.0
pooled,combined_margin,12,1-2,32,0.47364068031311035,1.0,1.0,0.4856613576412201,0.0
pooled,combined_margin,12,1-2,48,0.558615505695343,1.0,1.0,0.5490307807922363,0.0
pooled,combined_margin,12,1-2,64,0.5940262079238892,1.0,1.0,0.5929068326950073,0.0
pooled,combined_margin,12,1-2,96,0.6905133724212646,1.0,1.0,0.6537318229675293,0.0
pooled,combined_margin,12,1-2,128,0.7656378149986267,1.0,1.0,0.6963824033737183,0.0
pooled,combined_margin,12,1-2,192,0.8302993774414062,1.0,1.0,0.756011426448822,0.0
pooled,combined_margin,12,1-2,256,0.8566542863845825,1.0,1.0,0.7980747222900391,0.0
pooled,combined_margin,12,1-2,384,0.922645628452301,1.0,1.0,0.8571234345436096,0.0
pooled,combined_margin,12,1-2,512,0.9437537789344788,1.0,1.0,0.8988991379737854,0.0
pooled,combined_margin,12,1-2,768,0.9478162527084351,1.0,1.0,0.9576619863510132,0.0
pooled,combined_margin,12,1-2,1024,0.9367151260375977,1.0,1.0,0.9992954134941101,0.0
pooled,combined_margin,13,1-2,0,-2.3747763633728027,0.1090909093618393,0.0,0.0,0.8909090757369995
pooled,combined_margin,13,1-2,1,-1.95980703830719,0.5272727012634277,0.04545454680919647,0.0,0.47272729873657227
pooled,combined_margin,13,1-2,2,-1.4079385995864868,0.4909090995788574,0.09090909361839294,0.0,0.5090909004211426
pooled,combined_margin,13,1-2,4,-1.2743961811065674,0.6545454263687134,0.1818181872367859,0.0,0.3454545736312866
pooled,combined_margin,13,1-2,8,-1.0938102006912231,0.581818163394928,0.3636363744735718,0.0,0.418181836605072
pooled,combined_margin,13,1-2,12,-1.1428542137145996,0.4545454680919647,0.5454545617103577,0.0,0.5454545021057129
pooled,combined_margin,13,1-2,16,-1.1898874044418335,0.5636363625526428,0.7272727489471436,0.0,0.4363636374473572
pooled,combined_margin,13,1-2,24,0.07864659279584885,1.0,1.0,0.19994372129440308,0.0
pooled,combined_margin,13,1-2,32,0.510079562664032,1.0,1.0,0.35839536786079407,0.0
pooled,combined_margin,13,1-2,48,0.4530174732208252,1.0,1.0,0.4806002080440521,0.0
pooled,combined_margin,13,1-2,64,0.37895578145980835,1.0,1.0,0.5457895398139954,0.0
pooled,combined_margin,13,1-2,96,0.4363650977611542,1.0,1.0,0.6246169209480286,0.0
pooled,combined_margin,13,1-2,128,0.48846131563186646,1.0,1.0,0.6752986311912537,0.0
pooled,combined_margin,13,1-2,192,0.5631892085075378,1.0,1.0,0.7424174547195435,0.0
pooled,combined_margin,13,1-2,256,0.6053162813186646,1.0,1.0,0.7880424857139587,0.0
pooled,combined_margin,13,1-2,384,0.6575294733047485,1.0,1.0,0.850540041923523,0.0
pooled,combined_margin,13,1-2,512,0.6885493993759155,1.0,1.0,0.8939997553825378,0.0
pooled,combined_margin,13,1-2,768,0.683941125869751,1.0,1.0,0.954420804977417,0.0
pooled,combined_margin,13,1-2,1024,0.6632946729660034,1.0,1.0,0.9968737363815308,0.0
pooled,combined_margin,20,1-2,0,-2.3747763633728027,0.125,0.0,0.0,0.875
pooled,combined_margin,20,1-2,1,-1.8516623973846436,0.5714285969734192,0.1666666716337204,0.0,0.4285714030265808
pooled,combined_margin,20,1-2,2,-1.4305057525634766,0.625,0.3333333432674408,0.0,0.375
pooled,combined_margin,20,1-2,4,-1.1217716932296753,0.875,0.6666666865348816,0.0,0.125
pooled,combined_margin,20,1-2,8,0.24631810188293457,1.0,1.0,0.19994372129440308,0.0
pooled,combined_margin,20,1-2,12,0.3839559555053711,1.0,1.0,0.2999155819416046,0.0
pooled,combined_margin,20,1-2,16,0.4807080626487732,1.0,1.0,0.35839536786079407,0.0
pooled,combined_margin,20,1-2,24,0.46150147914886475,1.0,1.0,0.43207117915153503,0.0
pooled,combined_margin,20,1-2,32,0.435029536485672,1.0,1.0,0.4806002080440521,0.0
pooled,combined_margin,20,1-2,48,0.4727741777896881,1.0,1.0,0.5457895398139954,0.0
pooled,combined_margin,20,1-2,64,0.5762159824371338,1.0,1.0,0.590522825717926,0.0
pooled,combined_margin,20,1-2,96,0.6613233089447021,1.0,1.0,0.6521726250648499,0.0
pooled,combined_margin,20,1-2,128,0.7254974842071533,1.0,1.0,0.6952239274978638,0.0
pooled,combined_margin,20,1-2,192,0.7941965460777283,1.0,1.0,0.7552462816238403,0.0
pooled,combined_margin,20,1-2,256,0.8611045479774475,1.0,1.0,0.7975034713745117,0.0
pooled,combined_margin,20,1-2,384,0.9302160143852234,1.0,1.0,0.8567444086074829,0.0
pooled,combined_margin,20,1-2,512,0.9566308259963989,1.0,1.0,0.8986155390739441,0.0
pooled,combined_margin,20,1-2,768,0.9355602264404297,1.0,1.0,0.9574733972549438,0.0
pooled,combined_margin,20,1-2,1024,0.8941072225570679,1.0,1.0,0.9991540908813477,0.0
pooled,combined_margin,22,1-2,0,-2.3747758865356445,0.09375,0.0,0.0,0.90625
pooled,combined_margin,22,1-2,1,-1.7220487594604492,0.390625,0.1666666716337204,0.0,0.609375
pooled,combined_margin,22,1-2,2,-1.304800033569336,0.59375,0.3333333432674408,0.0,0.40625
pooled,combined_margin,22,1-2,4,-0.8993762731552124,0.875,0.6666666865348816,0.0,0.125
pooled,combined_margin,22,1-2,8,0.39220985770225525,1.0,1.0,0.19994372129440308,0.0
pooled,combined_margin,22,1-2,12,0.43711721897125244,1.0,1.0,0.2999155819416046,0.0
pooled,combined_margin,22,1-2,16,0.5079192519187927,1.0,1.0,0.35839536786079407,0.0
pooled,combined_margin,22,1-2,24,0.44021716713905334,1.0,1.0,0.43207117915153503,0.0
pooled,combined_margin,22,1-2,32,0.3911357522010803,1.0,1.0,0.4806002080440521,0.0
pooled,combined_margin,22,1-2,48,0.4352636933326721,1.0,1.0,0.5457895398139954,0.0
pooled,combined_margin,22,1-2,64,0.5630731582641602,1.0,1.0,0.590522825717926,0.0
pooled,combined_margin,22,1-2,96,0.6682757139205933,1.0,1.0,0.6521726250648499,0.0
pooled,combined_margin,22,1-2,128,0.737617552280426,1.0,1.0,0.6952239274978638,0.0
pooled,combined_margin,22,1-2,192,0.8397538661956787,1.0,1.0,0.7552462816238403,0.0
pooled,combined_margin,22,1-2,256,0.880351185798645,1.0,1.0,0.7975034713745117,0.0
pooled,combined_margin,22,1-2,384,0.9282392263412476,1.0,1.0,0.8567444086074829,0.0
pooled,combined_margin,22,1-2,512,0.9244198799133301,1.0,1.0,0.8986155390739441,0.0
pooled,combined_margin,22,1-2,768,0.8544597029685974,1.0,1.0,0.9574733972549438,0.0
pooled,combined_margin,22,1-2,1024,0.8196733593940735,1.0,1.0,0.9991540908813477,0.0
pooled,combined_margin,27,3-10,0,-2.3747763633728027,0.072727270424366,0.0,0.0,0.9272727370262146
pooled,combined_margin,27,3-10,1,-1.0575860738754272,0.4545454680919647,0.1666666716337204,0.0,0.5454545021057129
pooled,combined_margin,27,3-10,2,-0.8205373883247375,0.6545454263687134,0.3333333432674408,0.0,0.3454545736312866
pooled,combined_margin,27,3-10,4,-0.6654253602027893,0.8181818127632141,0.6666666865348816,0.0,0.1818181872367859
pooled,combined_margin,27,3-10,8,0.3124626576900482,1.0,1.0,0.19994372129440308,0.0
pooled,combined_margin,27,3-10,12,0.278852641582489,1.0,1.0,0.2999155819416046,0.0
pooled,combined_margin,27,3-10,16,0.3598240315914154,1.0,1.0,0.35839536786079407,0.0
pooled,combined_margin,27,3-10,24,0.3373006582260132,1.0,1.0,0.43207117915153503,0.0
pooled,combined_margin,27,3-10,32,0.3739301860332489,1.0,1.0,0.4806002080440521,0.0
pooled,combined_margin,27,3-10,48,0.5244234204292297,1.0,1.0,0.5457895398139954,0.0
pooled,combined_margin,27,3-10,64,0.6195690035820007,1.0,1.0,0.590522825717926,0.0
pooled,combined_margin,27,3-10,96,0.71694415807724,1.0,1.0,0.6521726250648499,0.0
pooled,combined_margin,27,3-10,128,0.7909337282180786,1.0,1.0,0.6952239274978638,0.0
pooled,combined_margin,27,3-10,192,0.8731279969215393,1.0,1.0,0.7552462816238403,0.0
pooled,combined_margin,27,3-10,256,0.927191436290741,1.0,1.0,0.7975034713745117,0.0
pooled,combined_margin,27,3-10,384,0.985306978225708,1.0,1.0,0.8567444086074829,0.0
pooled,combined_margin,27,3-10,512,1.0141124725341797,1.0,1.0,0.8986155390739441,0.0
pooled,combined_margin,27,3-10,768,1.014286994934082,1.0,1.0,0.9574733972549438,0.0
pooled,combined_margin,27,3-10,1024,0.9827836155891418,1.0,1.0,0.9991540908813477,0.0
pooled,combined_margin,29,3-10,0,-2.3747758865356445,0.07407407462596893,0.0,0.0,0.9259259104728699
pooled,combined_margin,29,3-10,1,-1.4986803531646729,0.40740740299224854,0.125,0.0,0.5925925970077515
pooled,combined_margin,29,3-10,2,-1.0426466464996338,0.48148149251937866,0.25,0.0,0.5185185074806213
pooled,combined_margin,29,3-10,4,-0.9070825576782227,0.7592592835426331,0.5,0.0,0.24074071645736694
pooled,combined_margin,29,3-10,8,-0.4506334364414215,1.0,1.0,0.09997186064720154,0.0
pooled,combined_margin,29,3-10,12,0.3977408707141876,1.0,1.0,0.25842350721359253,0.0
pooled,combined_margin,29,3-10,16,0.4808271527290344,1.0,1.0,0.3320993185043335,0.0
pooled,combined_margin,29,3-10,24,0.42317333817481995,1.0,1.0,0.4168751537799835,0.0
pooled,combined_margin,29,3-10,32,0.34396231174468994,1.0,1.0,0.46991166472435,0.0
pooled,combined_margin,29,3-10,48,0.3602845370769501,1.0,1.0,0.539080023765564,0.0
pooled,combined_margin,29,3-10,64,0.482499897480011,1.0,1.0,0.5856332182884216,0.0
pooled,combined_margin,29,3-10,96,0.5960747599601746,1.0,1.0,0.6490026116371155,0.0
pooled,combined_margin,29,3-10,128,0.6423928141593933,1.0,1.0,0.6928786635398865,0.0
pooled,combined_margin,29,3-10,192,0.7295581698417664,1.0,1.0,0.7537037134170532,0.0
pooled,combined_margin,29,3-10,256,0.7589827179908752,1.0,1.0,0.7963542938232422,0.0
pooled,combined_margin,29,3-10,384,0.8562530875205994,1.0,1.0,0.8559832572937012,0.0
pooled,combined_margin,29,3-10,512,0.8881718516349792,1.0,1.0,0.8980465531349182,0.0
pooled,combined_margin,29,3-10,768,0.9296118021011353,1.0,1.0,0.9570953249931335,0.0
pooled,combined_margin,29,3-10,1024,0.9427786469459534,1.0,1.0,0.9988710284233093,0.0
pooled,combined_margin,30,3-10,0,-2.3747763633728027,0.1071428582072258,0.0,0.0,0.8928571343421936
pooled,combined_margin,30,3-10,1,-1.7504709959030151,0.4642857015132904,0.1666666716337204,0.0,0.5357142686843872
pooled,combined_margin,30,3-10,2,-1.4271982908248901,0.5535714030265808,0.3333333432674408,0.0,0.4464285969734192
pooled,combined_margin,30,3-10,4,-1.3247853517532349,0.6785714030265808,0.6666666865348816,0.0,0.3214285969734192
pooled,combined_margin,30,3-10,8,-0.0017564954468980432,1.0,1.0,0.19994372129440308,0.0
pooled,combined_margin,30,3-10,12,0.1665000170469284,1.0,1.0,0.2999155819416046,0.0
pooled,combined_margin,30,3-10,16,0.30616405606269836,1.0,1.0,0.35839536786079407,0.0
pooled,combined_margin,30,3-10,24,0.3322693407535553,1.0,1.0,0.43207117915153503,0.0
pooled,combined_margin,30,3-10,32,0.3597264587879181,1.0,1.0,0.4806002080440521,0.0
pooled,combined_margin,30,3-10,48,0.46755775809288025,1.0,1.0,0.5457895398139954,0.0
pooled,combined_margin,30,3-10,64,0.5872971415519714,1.0,1.0,0.590522825717926,0.0
pooled,combined_margin,30,3-10,96,0.679000735282898,1.0,1.0,0.6521726250648499,0.0
pooled,combined_margin,30,3-10,128,0.745459794998169,1.0,1.0,0.6952239274978638,0.0
pooled,combined_margin,30,3-10,192,0.8519622087478638,1.0,1.0,0.7552462816238403,0.0
pooled,combined_margin,30,3-10,256,0.9240465760231018,1.0,1.0,0.7975034713745117,0.0
pooled,combined_margin,30,3-10,384,1.0168284177780151,1.0,1.0,0.8567444086074829,0.0
pooled,combined_margin,30,3-10,512,1.0335959196090698,1.0,1.0,0.8986155390739441,0.0
pooled,combined_margin,30,3-10,768,1.0265529155731201,1.0,1.0,0.9574733972549438,0.0
pooled,combined_margin,30,3-10,1024,1.0067996978759766,1.0,1.0,0.9991540908813477,0.0
pooled,combined_margin,35,3-10,0,-2.3747758865356445,0.08620689809322357,0.0,0.0,0.9137930870056152
pooled,combined_margin,35,3-10,1,-1.7617844343185425,0.4482758641242981,0.0833333358168602,0.0,0.5517241358757019
pooled,combined_margin,35,3-10,2,-1.549297571182251,0.5344827771186829,0.1666666716337204,0.0,0.46551722288131714
pooled,combined_margin,35,3-10,4,-1.2455613613128662,0.5344827771186829,0.3333333432674408,0.0,0.46551722288131714
pooled,combined_margin,35,3-10,8,-1.2676773071289062,0.6724137663841248,0.6666666865348816,0.0,0.32758623361587524
pooled,combined_margin,35,3-10,12,-0.31418201327323914,1.0,1.0,0.09997186064720154,0.0
pooled,combined_margin,35,3-10,16,0.29950129985809326,1.0,1.0,0.25842350721359253,0.0
pooled,combined_margin,35,3-10,24,0.5263616442680359,1.0,1.0,0.3806283473968506,0.0
pooled,combined_margin,35,3-10,32,0.4941043555736542,1.0,1.0,0.4458176791667938,0.0
pooled,combined_margin,35,3-10,48,0.5303917527198792,1.0,1.0,0.5246450304985046,0.0
pooled,combined_margin,35,3-10,64,0.6327948570251465,1.0,1.0,0.5753268003463745,0.0
pooled,combined_margin,35,3-10,96,0.7265717387199402,1.0,1.0,0.6424456238746643,0.0
pooled,combined_margin,35,3-10,128,0.7812555432319641,1.0,1.0,0.6880705952644348,0.0
pooled,combined_margin,35,3-10,192,0.8845704197883606,1.0,1.0,0.750568151473999,0.0
pooled,combined_margin,35,3-10,256,0.938407301902771,1.0,1.0,0.7940279245376587,0.0
pooled,combined_margin,35,3-10,384,0.9767998456954956,1.0,1.0,0.8544489145278931,0.0
pooled,combined_margin,35,3-10,512,0.9866628050804138,1.0,1.0,0.8969019055366516,0.0
pooled,combined_margin,35,3-10,768,0.9782557487487793,1.0,1.0,0.9563362002372742,0.0
pooled,combined_margin,35,3-10,1024,0.9629004597663879,1.0,1.0,0.9983031749725342,0.0
pooled,combined_margin,36,11-50,0,-2.3747758865356445,0.09090909361839294,0.0,0.0,0.9090908765792847
pooled,combined_margin,36,11-50,1,-1.248095989227295,0.4909090995788574,0.1666666716337204,0.0,0.5090909004211426
pooled,combined_margin,36,11-50,2,-0.8582882881164551,0.6545454263687134,0.3333333432674408,0.0,0.3454545736312866
pooled,combined_margin,36,11-50,4,-0.13253362476825714,0.7454545497894287,0.6666666865348816,0.0,0.2545454502105713
pooled,combined_margin,36,11-50,8,0.3739475607872009,1.0,1.0,0.19994372129440308,0.0
pooled,combined_margin,36,11-50,12,0.4270164966583252,1.0,1.0,0.2999155819416046,0.0
pooled,combined_margin,36,11-50,16,0.5247583389282227,1.0,1.0,0.35839536786079407,0.0
pooled,combined_margin,36,11-50,24,0.5584421753883362,1.0,1.0,0.43207117915153503,0.0
pooled,combined_margin,36,11-50,32,0.5901641249656677,1.0,1.0,0.4806002080440521,0.0
pooled,combined_margin,36,11-50,48,0.6909165978431702,1.0,1.0,0.5457895398139954,0.0
pooled,combined_margin,36,11-50,64,0.7699324488639832,1.0,1.0,0.590522825717926,0.0
pooled,combined_margin,36,11-50,96,0.8091166019439697,1.0,1.0,0.6521726250648499,0.0
pooled,combined_margin,36,11-50,128,0.8790334463119507,1.0,1.0,0.6952239274978638,0.0
pooled,combined_margin,36,11-50,192,0.9749547839164734,1.0,1.0,0.7552462816238403,0.0
pooled,combined_margin,36,11-50,256,1.018978238105774,1.0,1.0,0.7975034713745117,0.0
pooled,combined_margin,36,11-50,384,1.064477562904358,1.0,1.0,0.8567444086074829,0.0
pooled,combined_margin,36,11-50,512,1.0783690214157104,1.0,1.0,0.8986155390739441,0.0
pooled,combined_margin,36,11-50,768,1.0363317728042603,1.0,1.0,0.9574733972549438,0.0
pooled,combined_margin,36,11-50,1024,1.025449514389038,1.0,1.0,0.9991540908813477,0.0
pooled,combined_margin,38,11-50,0,-2.3747758865356445,0.1090909093618393,0.0,0.0,0.8909090757369995
pooled,combined_margin,38,11-50,1,-1.7502233982086182,0.4545454680919647,0.1666666716337204,0.0,0.5454545021057129
pooled,combined_margin,38,11-50,2,-1.338565707206726,0.6727272868156433,0.3333333432674408,0.0,0.3272727131843567
pooled,combined_margin,38,11-50,4,-0.7561788558959961,0.8363636136054993,0.6666666865348816,0.0,0.16363638639450073
pooled,combined_margin,38,11-50,8,0.14806002378463745,1.0,1.0,0.19994372129440308,0.0
pooled,combined_margin,38,11-50,12,0.3078715205192566,1.0,1.0,0.2999155819416046,0.0
pooled,combined_margin,38,11-50,16,0.44147011637687683,1.0,1.0,0.35839536786079407,0.0
pooled,combined_margin,38,11-50,24,0.47145241498947144,1.0,1.0,0.43207117915153503,0.0
pooled,combined_margin,38,11-50,32,0.4697962701320648,1.0,1.0,0.4806002080440521,0.0
pooled,combined_margin,38,11-50,48,0.5041690468788147,1.0,1.0,0.5457895398139954,0.0
pooled,combined_margin,38,11-50,64,0.5563288331031799,1.0,1.0,0.590522825717926,0.0
pooled,combined_margin,38,11-50,96,0.6488149166107178,1.0,1.0,0.6521726250648499,0.0
pooled,combined_margin,38,11-50,128,0.6674249172210693,1.0,1.0,0.6952239274978638,0.0
pooled,combined_margin,38,11-50,192,0.7373902797698975,1.0,1.0,0.7552462816238403,0.0
pooled,combined_margin,38,11-50,256,0.7943293452262878,1.0,1.0,0.7975034713745117,0.0
pooled,combined_margin,38,11-50,384,0.8693019151687622,1.0,1.0,0.8567444086074829,0.0
pooled,combined_margin,38,11-50,512,0.929195761680603,1.0,1.0,0.8986155390739441,0.0
pooled,combined_margin,38,11-50,768,0.9658494591712952,1.0,1.0,0.9574733972549438,0.0
pooled,combined_margin,38,11-50,1024,0.9729243516921997,1.0,1.0,0.9991540908813477,0.0
pooled,combined_margin,41,11-50,0,-2.3747763633728027,0.08771929889917374,0.0,0.0,0.9122806787490845
pooled,combined_margin,41,11-50,1,-1.2728620767593384,0.5614035129547119,0.25,0.0,0.4385964870452881
pooled,combined_margin,41,11-50,2,-0.7612416744232178,0.7543859481811523,0.5,0.0,0.24561405181884766
pooled,combined_margin,41,11-50,4,0.009165535680949688,1.0,1.0,0.09997186064720154,0.0
pooled,combined_margin,41,11-50,8,0.21301566064357758,1.0,1.0,0.25842350721359253,0.0
pooled,combined_margin,41,11-50,12,0.2967706620693207,1.0,1.0,0.3320993185043335,0.0
pooled,combined_margin,41,11-50,16,0.33496928215026855,1.0,1.0,0.3806283473968506,0.0
pooled,combined_margin,41,11-50,24,0.34620440006256104,1.0,1.0,0.4458176791667938,0.0
pooled,combined_margin,41,11-50,32,0.3941551446914673,1.0,1.0,0.4905509650707245,0.0
pooled,combined_margin,41,11-50,48,0.44959673285484314,1.0,1.0,0.5522007346153259,0.0
pooled,combined_margin,41,11-50,64,0.4272894561290741,1.0,1.0,0.5952520370483398,0.0
pooled,combined_margin,41,11-50,96,0.47961199283599854,1.0,1.0,0.6552744507789612,0.0
pooled,combined_margin,41,11-50,128,0.5336304306983948,1.0,1.0,0.6975316405296326,0.0
pooled,combined_margin,41,11-50,192,0.5964779257774353,1.0,1.0,0.756772518157959,0.0
pooled,combined_margin,41,11-50,256,0.6527100205421448,1.0,1.0,0.7986436486244202,0.0
pooled,combined_margin,41,11-50,384,0.722332239151001,1.0,1.0,0.8575015068054199,0.0
pooled,combined_margin,41,11-50,512,0.7477888464927673,1.0,1.0,0.8991822004318237,0.0
pooled,combined_margin,41,11-50,768,0.7404405474662781,1.0,1.0,0.9578503966331482,0.0
pooled,combined_margin,41,11-50,1024,0.7202649712562561,1.0,1.0,0.999436616897583,0.0
pooled,combined_margin,47,11-50,0,-2.3747761249542236,0.08771929889917374,0.0,0.0,0.9122806787490845
pooled,combined_margin,47,11-50,1,-1.8948091268539429,0.4385964870452881,0.043478261679410934,0.0,0.5614035129547119
pooled,combined_margin,47,11-50,2,-1.7491461038589478,0.35087719559669495,0.08695652335882187,0.0,0.6491228342056274
pooled,combined_margin,47,11-50,4,-1.5990678071975708,0.3333333432674408,0.17391304671764374,0.0,0.6666666269302368
pooled,combined_margin,47,11-50,8,-1.6058628559112549,0.31578946113586426,0.3478260934352875,0.0,0.6842105388641357
pooled,combined_margin,47,11-50,12,-1.6530543565750122,0.35087719559669495,0.52173912525177,0.0,0.6491228342056274
pooled,combined_margin,47,11-50,16,-1.7644729614257812,0.35087719559669495,0.695652186870575,0.0,0.6491228342056274
pooled,combined_margin,47,11-50,24,-0.20148305594921112,1.0,1.0,0.158451646566391,0.0
pooled,combined_margin,47,11-50,32,0.3778843879699707,1.0,1.0,0.3458458185195923,0.0
pooled,combined_margin,47,11-50,48,0.5073838829994202,1.0,1.0,0.475354939699173,0.0
pooled,combined_margin,47,11-50,64,0.4399295449256897,1.0,1.0,0.5424737930297852,0.0
pooled,combined_margin,47,11-50,96,0.5341793894767761,1.0,1.0,0.6227065920829773,0.0
pooled,combined_margin,47,11-50,128,0.6271471977233887,1.0,1.0,0.6739569306373596,0.0
pooled,combined_margin,47,11-50,192,0.7520115375518799,1.0,1.0,0.7415764927864075,0.0
pooled,combined_margin,47,11-50,256,0.838498592376709,1.0,1.0,0.7874300479888916,0.0
pooled,combined_margin,47,11-50,384,0.8819743990898132,1.0,1.0,0.8501432538032532,0.0
pooled,combined_margin,47,11-50,512,0.8852025866508484,1.0,1.0,0.8937063217163086,0.0
pooled,combined_margin,47,11-50,768,0.8700184226036072,1.0,1.0,0.9542278051376343,0.0
pooled,combined_margin,47,11-50,1024,0.8756498098373413,1.0,1.0,0.9967300295829773,0.0
pooled,combined_margin,51,51+,0,-2.3747763633728027,0.12068965286016464,0.0,0.0,0.8793103694915771
pooled,combined_margin,51,51+,1,-1.6529730558395386,0.4137931168079376,0.0833333358168602,0.0,0.5862069129943848
pooled,combined_margin,51,51+,2,-1.560200572013855,0.48275861144065857,0.1666666716337204,0.0,0.517241358757019
pooled,combined_margin,51,51+,4,-1.3219512701034546,0.7586206793785095,0.3333333432674408,0.0,0.24137932062149048
pooled,combined_margin,51,51+,8,-0.8449621796607971,0.8103448152542114,0.6666666865348816,0.0,0.18965518474578857
pooled,combined_margin,51,51+,12,-0.4107454717159271,1.0,1.0,0.09997186064720154,0.0
pooled,combined_margin,51,51+,16,0.37685441970825195,1.0,1.0,0.25842350721359253,0.0
pooled,combined_margin,51,51+,24,0.5824955105781555,1.0,1.0,0.3806283473968506,0.0
pooled,combined_margin,51,51+,32,0.5824457406997681,1.0,1.0,0.4458176791667938,0.0
pooled,combined_margin,51,51+,48,0.5940946936607361,1.0,1.0,0.5246450304985046,0.0
pooled,combined_margin,51,51+,64,0.6170652508735657,1.0,1.0,0.5753268003463745,0.0
pooled,combined_margin,51,51+,96,0.671040415763855,1.0,1.0,0.6424456238746643,0.0
pooled,combined_margin,51,51+,128,0.7155311107635498,1.0,1.0,0.6880705952644348,0.0
pooled,combined_margin,51,51+,192,0.7987863421440125,1.0,1.0,0.750568151473999,0.0
pooled,combined_margin,51,51+,256,0.8625933527946472,1.0,1.0,0.7940279245376587,0.0
pooled,combined_margin,51,51+,384,0.93450528383255,1.0,1.0,0.8544489145278931,0.0
pooled,combined_margin,51,51+,512,0.9767584204673767,1.0,1.0,0.8969019055366516,0.0
pooled,combined_margin,51,51+,768,0.9919779896736145,1.0,1.0,0.9563362002372742,0.0
pooled,combined_margin,51,51+,1024,0.9862018823623657,1.0,1.0,0.9983031749725342,0.0
pooled,combined_margin,52,51+,0,-2.3747758865356445,0.1428571492433548,0.0,0.0,0.8571428656578064
pooled,combined_margin,52,51+,1,-1.733009696006775,0.3928571343421936,0.01886792480945587,0.0,0.6071428656578064
pooled,combined_margin,52,51+,2,-1.6423087120056152,0.4464285671710968,0.03773584961891174,0.0,0.5535714626312256
pooled,combined_margin,52,51+,4,-1.3537003993988037,0.6071428656578064,0.07547169923782349,0.0,0.3928571343421936
pooled,combined_margin,52,51+,8,-1.1234453916549683,0.6964285969734192,0.15094339847564697,0.0,0.3035714030265808
pooled,combined_margin,52,51+,12,-1.1782830953598022,0.5892857313156128,0.22641509771347046,0.0,0.4107142686843872
pooled,combined_margin,52,51+,16,-0.7167080640792847,0.6785714030265808,0.30188679695129395,0.0,0.3214285969734192
pooled,combined_margin,52,51+,24,-1.463778018951416,0.5535714030265808,0.4528301954269409,0.0,0.4464285969734192
pooled,combined_margin,52,51+,32,-1.2880444526672363,0.6071428656578064,0.6037735939025879,0.0,0.3928571343421936
pooled,combined_margin,52,51+,48,-1.245463490486145,0.6071428656578064,0.9056603908538818,0.0,0.3928571343421936
pooled,combined_margin,52,51+,64,0.5327484607696533,1.0,1.0,0.3699398338794708,0.0
pooled,combined_margin,52,51+,96,0.5422444343566895,1.0,1.0,0.5490307807922363,0.0
pooled,combined_margin,52,51+,128,0.569034218788147,1.0,1.0,0.626502275466919,0.0
pooled,combined_margin,52,51+,192,0.6740323901176453,1.0,1.0,0.7137542366981506,0.0
pooled,combined_margin,52,51+,256,0.7381396293640137,1.0,1.0,0.7677319049835205,0.0
pooled,combined_margin,52,51+,384,0.83902508020401,1.0,1.0,0.8377020359039307,0.0
pooled,combined_margin,52,51+,512,0.8746551275253296,1.0,1.0,0.8846132755279541,0.0
pooled,combined_margin,52,51+,768,0.8908568024635315,1.0,1.0,0.9483159184455872,0.0
pooled,combined_margin,52,51+,1024,0.8809085488319397,1.0,1.0,0.9923502206802368,0.0
pooled,combined_margin,53,51+,0,-2.3747763633728027,0.072727270424366,0.0,0.0,0.9272727370262146
pooled,combined_margin,53,51+,1,-0.8654751181602478,0.5090909004211426,0.25,0.0,0.4909090995788574
pooled,combined_margin,53,51+,2,-0.5037650465965271,0.6545454263687134,0.5,0.0,0.3454545736312866
pooled,combined_margin,53,51+,4,0.00039600810850970447,1.0,1.0,0.09997186064720154,0.0
pooled,combined_margin,53,51+,8,0.3067304193973541,1.0,1.0,0.25842350721359253,0.0
pooled,combined_margin,53,51+,12,0.31222179532051086,1.0,1.0,0.3320993185043335,0.0
pooled,combined_margin,53,51+,16,0.3237306773662567,1.0,1.0,0.3806283473968506,0.0
pooled,combined_margin,53,51+,24,0.26188555359840393,1.0,1.0,0.4458176791667938,0.0
pooled,combined_margin,53,51+,32,0.2679074704647064,1.0,1.0,0.4905509650707245,0.0
pooled,combined_margin,53,51+,48,0.40385714173316956,1.0,1.0,0.5522007346153259,0.0
pooled,combined_margin,53,51+,64,0.49641698598861694,1.0,1.0,0.5952520370483398,0.0
pooled,combined_margin,53,51+,96,0.559382438659668,1.0,1.0,0.6552744507789612,0.0
pooled,combined_margin,53,51+,128,0.6330769658088684,1.0,1.0,0.6975316405296326,0.0
pooled,combined_margin,53,51+,192,0.7293568849563599,1.0,1.0,0.756772518157959,0.0
pooled,combined_margin,53,51+,256,0.8009573817253113,1.0,1.0,0.7986436486244202,0.0
pooled,combined_margin,53,51+,384,0.870449423789978,1.0,1.0,0.8575015068054199,0.0
pooled,combined_margin,53,51+,512,0.9029811024665833,1.0,1.0,0.8991822004318237,0.0
pooled,combined_margin,53,51+,768,0.9347382187843323,1.0,1.0,0.9578503966331482,0.0
pooled,combined_margin,53,51+,1024,0.9237205386161804,1.0,1.0,0.999436616897583,0.0
pooled,combined_margin,56,51+,0,-2.3747758865356445,0.10000000149011612,0.0,0.0,0.8999999761581421
pooled,combined_margin,56,51+,1,-1.6360971927642822,0.4166666567325592,0.0833333358168602,0.0,0.5833333730697632
pooled,combined_margin,56,51+,2,-1.6723777055740356,0.5166666507720947,0.1666666716337204,0.0,0.4833333492279053
pooled,combined_margin,56,51+,4,-1.58198881149292,0.5333333611488342,0.3333333432674408,0.0,0.46666663885116577
pooled,combined_margin,56,51+,8,-1.1385082006454468,0.6833333373069763,0.6666666865348816,0.0,0.3166666626930237
pooled,combined_margin,56,51+,12,-0.42266926169395447,1.0,1.0,0.09997186064720154,0.0
pooled,combined_margin,56,51+,16,0.09585876762866974,1.0,1.0,0.25842350721359253,0.0
pooled,combined_margin,56,51+,24,0.35583293437957764,1.0,1.0,0.3806283473968506,0.0
pooled,combined_margin,56,51+,32,0.3542034327983856,1.0,1.0,0.4458176791667938,0.0
pooled,combined_margin,56,51+,48,0.41599854826927185,1.0,1.0,0.5246450304985046,0.0
pooled,combined_margin,56,51+,64,0.5439925193786621,1.0,1.0,0.5753268003463745,0.0
pooled,combined_margin,56,51+,96,0.7113874554634094,1.0,1.0,0.6424456238746643,0.0
pooled,combined_margin,56,51+,128,0.7417477965354919,1.0,1.0,0.6880705952644348,0.0
pooled,combined_margin,56,51+,192,0.8336343169212341,1.0,1.0,0.750568151473999,0.0
pooled,combined_margin,56,51+,256,0.8923009037971497,1.0,1.0,0.7940279245376587,0.0
pooled,combined_margin,56,51+,384,0.9648514986038208,1.0,1.0,0.8544489145278931,0.0
pooled,combined_margin,56,51+,512,0.9844276309013367,1.0,1.0,0.8969019055366516,0.0
pooled,combined_margin,56,51+,768,0.9895171523094177,1.0,1.0,0.9563362002372742,0.0
pooled,combined_margin,56,51+,1024,0.9673247933387756,1.0,1.0,0.9983031749725342,0.0
